{
  "n_matches": 30,
  "avg_entry": 60.93333333333333,
  "n_wins": 9,
  "hold_pnl_total": -922.0,
  "hold_capital_total": 1828.0,
  "hold_roi_pct": -50.437636761487965,
  "by_roi": {
    "5": {
      "total_pnl_cents": 28.90000000000009,
      "total_capital_cents": 1828.0,
      "hits": 29,
      "hit_rate": 0.9666666666666667,
      "avg_pnl_per_match": 0.9633333333333364,
      "avg_capital_per_match": 60.93333333333333,
      "roi_pct_per_trade": 1.5809628008752785,
      "dpd_baby": 0.10321428571428604,
      "dpd_25ct": 0.2580357142857151,
      "dpd_80ct": 0.8257142857142883,
      "fire_pnl": 88.40000000000009,
      "miss_pnl": -59.5
    },
    "7": {
      "total_pnl_cents": 64.26000000000012,
      "total_capital_cents": 1828.0,
      "hits": 29,
      "hit_rate": 0.9666666666666667,
      "avg_pnl_per_match": 2.142000000000004,
      "avg_capital_per_match": 60.93333333333333,
      "roi_pct_per_trade": 3.515317286652085,
      "dpd_baby": 0.22950000000000043,
      "dpd_25ct": 0.5737500000000011,
      "dpd_80ct": 1.8360000000000034,
      "fire_pnl": 123.76000000000012,
      "miss_pnl": -59.5
    },
    "10": {
      "total_pnl_cents": 117.30000000000003,
      "total_capital_cents": 1828.0,
      "hits": 29,
      "hit_rate": 0.9666666666666667,
      "avg_pnl_per_match": 3.910000000000001,
      "avg_capital_per_match": 60.93333333333333,
      "roi_pct_per_trade": 6.416849015317288,
      "dpd_baby": 0.4189285714285715,
      "dpd_25ct": 1.0473214285714287,
      "dpd_80ct": 3.351428571428572,
      "fire_pnl": 176.8,
      "miss_pnl": -59.5
    },
    "12": {
      "total_pnl_cents": 152.66000000000008,
      "total_capital_cents": 1828.0,
      "hits": 29,
      "hit_rate": 0.9666666666666667,
      "avg_pnl_per_match": 5.088666666666669,
      "avg_capital_per_match": 60.93333333333333,
      "roi_pct_per_trade": 8.351203501094096,
      "dpd_baby": 0.545214285714286,
      "dpd_25ct": 1.363035714285715,
      "dpd_80ct": 4.361714285714288,
      "fire_pnl": 212.16000000000008,
      "miss_pnl": -59.5
    },
    "15": {
      "total_pnl_cents": 205.70000000000005,
      "total_capital_cents": 1828.0,
      "hits": 29,
      "hit_rate": 0.9666666666666667,
      "avg_pnl_per_match": 6.856666666666668,
      "avg_capital_per_match": 60.93333333333333,
      "roi_pct_per_trade": 11.252735229759303,
      "dpd_baby": 0.7346428571428573,
      "dpd_25ct": 1.836607142857143,
      "dpd_80ct": 5.877142857142858,
      "fire_pnl": 265.20000000000005,
      "miss_pnl": -59.5
    },
    "20": {
      "total_pnl_cents": -70.60000000000007,
      "total_capital_cents": 1828.0,
      "hits": 24,
      "hit_rate": 0.8,
      "avg_pnl_per_match": -2.3533333333333357,
      "avg_capital_per_match": 60.93333333333333,
      "roi_pct_per_trade": -3.8621444201312944,
      "dpd_baby": -0.2521428571428574,
      "dpd_25ct": -0.6303571428571435,
      "dpd_80ct": -2.017142857142859,
      "fire_pnl": 292.39999999999986,
      "miss_pnl": -363.0
    },
    "25": {
      "total_pnl_cents": -72.0,
      "total_capital_cents": 1828.0,
      "hits": 23,
      "hit_rate": 0.7666666666666667,
      "avg_pnl_per_match": -2.4,
      "avg_capital_per_match": 60.93333333333333,
      "roi_pct_per_trade": -3.938730853391685,
      "dpd_baby": -0.2571428571428572,
      "dpd_25ct": -0.6428571428571429,
      "dpd_80ct": -2.0571428571428574,
      "fire_pnl": 350.5,
      "miss_pnl": -422.5
    },
    "30": {
      "total_pnl_cents": -1.899999999999963,
      "total_capital_cents": 1828.0,
      "hits": 23,
      "hit_rate": 0.7666666666666667,
      "avg_pnl_per_match": -0.0633333333333321,
      "avg_capital_per_match": 60.93333333333333,
      "roi_pct_per_trade": -0.10393873085338966,
      "dpd_baby": -0.006785714285714154,
      "dpd_25ct": -0.016964285714285383,
      "dpd_80ct": -0.05428571428571323,
      "fire_pnl": 420.6000000000002,
      "miss_pnl": -422.5
    },
    "35": {
      "total_pnl_cents": -12.299999999999969,
      "total_capital_cents": 1828.0,
      "hits": 22,
      "hit_rate": 0.7333333333333333,
      "avg_pnl_per_match": -0.409999999999999,
      "avg_capital_per_match": 60.93333333333333,
      "roi_pct_per_trade": -0.6728665207877444,
      "dpd_baby": -0.04392857142857132,
      "dpd_25ct": -0.10982142857142829,
      "dpd_80ct": -0.35142857142857054,
      "fire_pnl": 469.7,
      "miss_pnl": -482.0
    },
    "40": {
      "total_pnl_cents": -116.40000000000003,
      "total_capital_cents": 1828.0,
      "hits": 20,
      "hit_rate": 0.6666666666666666,
      "avg_pnl_per_match": -3.8800000000000012,
      "avg_capital_per_match": 60.93333333333333,
      "roi_pct_per_trade": -6.367614879649892,
      "dpd_baby": -0.41571428571428587,
      "dpd_25ct": -1.0392857142857146,
      "dpd_80ct": -3.325714285714287,
      "fire_pnl": 487.6,
      "miss_pnl": -604.0
    },
    "50": {
      "total_pnl_cents": -173.5,
      "total_capital_cents": 1828.0,
      "hits": 18,
      "hit_rate": 0.6,
      "avg_pnl_per_match": -5.783333333333333,
      "avg_capital_per_match": 60.93333333333333,
      "roi_pct_per_trade": -9.49124726477024,
      "dpd_baby": -0.6196428571428572,
      "dpd_25ct": -1.5491071428571428,
      "dpd_80ct": -4.957142857142857,
      "fire_pnl": 549.5,
      "miss_pnl": -723.0
    },
    "60": {
      "total_pnl_cents": -451.79999999999995,
      "total_capital_cents": 1828.0,
      "hits": 8,
      "hit_rate": 0.26666666666666666,
      "avg_pnl_per_match": -15.059999999999999,
      "avg_capital_per_match": 60.93333333333333,
      "roi_pct_per_trade": -24.715536105032818,
      "dpd_baby": -1.6135714285714287,
      "dpd_25ct": -4.0339285714285715,
      "dpd_80ct": -12.90857142857143,
      "fire_pnl": 289.20000000000005,
      "miss_pnl": -741.0
    },
    "75": {
      "total_pnl_cents": -922.0,
      "total_capital_cents": 1828.0,
      "hits": 0,
      "hit_rate": 0.0,
      "avg_pnl_per_match": -30.733333333333334,
      "avg_capital_per_match": 60.93333333333333,
      "roi_pct_per_trade": -50.437636761487965,
      "dpd_baby": -3.292857142857143,
      "dpd_25ct": -8.232142857142858,
      "dpd_80ct": -26.342857142857145,
      "fire_pnl": 0,
      "miss_pnl": -922.0
    },
    "100": {
      "total_pnl_cents": -922.0,
      "total_capital_cents": 1828.0,
      "hits": 0,
      "hit_rate": 0.0,
      "avg_pnl_per_match": -30.733333333333334,
      "avg_capital_per_match": 60.93333333333333,
      "roi_pct_per_trade": -50.437636761487965,
      "dpd_baby": -3.292857142857143,
      "dpd_25ct": -8.232142857142858,
      "dpd_80ct": -26.342857142857145,
      "fire_pnl": 0,
      "miss_pnl": -922.0
    },
    "125": {
      "total_pnl_cents": -922.0,
      "total_capital_cents": 1828.0,
      "hits": 0,
      "hit_rate": 0.0,
      "avg_pnl_per_match": -30.733333333333334,
      "avg_capital_per_match": 60.93333333333333,
      "roi_pct_per_trade": -50.437636761487965,
      "dpd_baby": -3.292857142857143,
      "dpd_25ct": -8.232142857142858,
      "dpd_80ct": -26.342857142857145,
      "fire_pnl": 0,
      "miss_pnl": -922.0
    },
    "150": {
      "total_pnl_cents": -922.0,
      "total_capital_cents": 1828.0,
      "hits": 0,
      "hit_rate": 0.0,
      "avg_pnl_per_match": -30.733333333333334,
      "avg_capital_per_match": 60.93333333333333,
      "roi_pct_per_trade": -50.437636761487965,
      "dpd_baby": -3.292857142857143,
      "dpd_25ct": -8.232142857142858,
      "dpd_80ct": -26.342857142857145,
      "fire_pnl": 0,
      "miss_pnl": -922.0
    },
    "200": {
      "total_pnl_cents": -922.0,
      "total_capital_cents": 1828.0,
      "hits": 0,
      "hit_rate": 0.0,
      "avg_pnl_per_match": -30.733333333333334,
      "avg_capital_per_match": 60.93333333333333,
      "roi_pct_per_trade": -50.437636761487965,
      "dpd_baby": -3.292857142857143,
      "dpd_25ct": -8.232142857142858,
      "dpd_80ct": -26.342857142857145,
      "fire_pnl": 0,
      "miss_pnl": -922.0
    },