{
  "n_matches": 11,
  "avg_entry": 22.90909090909091,
  "n_wins": 2,
  "hold_pnl_total": -48.5,
  "hold_capital_total": 252.0,
  "hold_roi_pct": -19.246031746031747,
  "by_roi": {
    "5": {
      "total_pnl_cents": -9.999999999999979,
      "total_capital_cents": 252.0,
      "hits": 10,
      "hit_rate": 0.9090909090909091,
      "avg_pnl_per_match": -0.9090909090909072,
      "avg_capital_per_match": 22.90909090909091,
      "roi_pct_per_trade": -3.9682539682539595,
      "dpd_baby": -0.035714285714285636,
      "dpd_25ct": -0.0892857142857141,
      "dpd_80ct": -0.2857142857142851,
      "fire_pnl": 11.500000000000021,
      "miss_pnl": -21.5
    },
    "7": {
      "total_pnl_cents": -5.399999999999984,
      "total_capital_cents": 252.0,
      "hits": 10,
      "hit_rate": 0.9090909090909091,
      "avg_pnl_per_match": -0.49090909090908946,
      "avg_capital_per_match": 22.90909090909091,
      "roi_pct_per_trade": -2.1428571428571366,
      "dpd_baby": -0.019285714285714232,
      "dpd_25ct": -0.048214285714285585,
      "dpd_80ct": -0.15428571428571386,
      "fire_pnl": 16.100000000000016,
      "miss_pnl": -21.5
    },
    "10": {
      "total_pnl_cents": 1.5000000000000213,
      "total_capital_cents": 252.0,
      "hits": 10,
      "hit_rate": 0.9090909090909091,
      "avg_pnl_per_match": 0.1363636363636383,
      "avg_capital_per_match": 22.90909090909091,
      "roi_pct_per_trade": 0.5952380952381037,
      "dpd_baby": 0.0053571428571429335,
      "dpd_25ct": 0.013392857142857335,
      "dpd_80ct": 0.04285714285714347,
      "fire_pnl": 23.00000000000002,
      "miss_pnl": -21.5
    },
    "12": {
      "total_pnl_cents": -20.279999999999987,
      "total_capital_cents": 252.0,
      "hits": 9,
      "hit_rate": 0.8181818181818182,
      "avg_pnl_per_match": -1.8436363636363624,
      "avg_capital_per_match": 22.90909090909091,
      "roi_pct_per_trade": -8.047619047619042,
      "dpd_baby": -0.07242857142857138,
      "dpd_25ct": -0.18107142857142847,
      "dpd_80ct": -0.5794285714285711,
      "fire_pnl": 24.720000000000013,
      "miss_pnl": -45.0
    },
    "15": {
      "total_pnl_cents": -14.10000000000002,
      "total_capital_cents": 252.0,
      "hits": 9,
      "hit_rate": 0.8181818181818182,
      "avg_pnl_per_match": -1.2818181818181835,
      "avg_capital_per_match": 22.90909090909091,
      "roi_pct_per_trade": -5.595238095238103,
      "dpd_baby": -0.05035714285714293,
      "dpd_25ct": -0.1258928571428573,
      "dpd_80ct": -0.4028571428571434,
      "fire_pnl": 30.89999999999998,
      "miss_pnl": -45.0
    },
    "20": {
      "total_pnl_cents": -3.8000000000000185,
      "total_capital_cents": 252.0,
      "hits": 9,
      "hit_rate": 0.8181818181818182,
      "avg_pnl_per_match": -0.3454545454545471,
      "avg_capital_per_match": 22.90909090909091,
      "roi_pct_per_trade": -1.5079365079365152,
      "dpd_baby": -0.013571428571428637,
      "dpd_25ct": -0.03392857142857159,
      "dpd_80ct": -0.1085714285714291,
      "fire_pnl": 41.19999999999998,
      "miss_pnl": -45.0
    },
    "25": {
      "total_pnl_cents": 6.5,
      "total_capital_cents": 252.0,
      "hits": 9,
      "hit_rate": 0.8181818181818182,
      "avg_pnl_per_match": 0.5909090909090909,
      "avg_capital_per_match": 22.90909090909091,
      "roi_pct_per_trade": 2.5793650793650795,
      "dpd_baby": 0.023214285714285715,
      "dpd_25ct": 0.05803571428571429,
      "dpd_80ct": 0.18571428571428572,
      "fire_pnl": 51.5,
      "miss_pnl": -45.0
    },
    "30": {
      "total_pnl_cents": 16.80000000000002,
      "total_capital_cents": 252.0,
      "hits": 9,
      "hit_rate": 0.8181818181818182,
      "avg_pnl_per_match": 1.527272727272729,
      "avg_capital_per_match": 22.90909090909091,
      "roi_pct_per_trade": 6.666666666666674,
      "dpd_baby": 0.06000000000000006,
      "dpd_25ct": 0.15000000000000016,
      "dpd_80ct": 0.4800000000000005,
      "fire_pnl": 61.80000000000002,
      "miss_pnl": -45.0
    },
    "35": {
      "total_pnl_cents": 27.10000000000003,
      "total_capital_cents": 252.0,
      "hits": 9,
      "hit_rate": 0.8181818181818182,
      "avg_pnl_per_match": 2.4636363636363665,
      "avg_capital_per_match": 22.90909090909091,
      "roi_pct_per_trade": 10.753968253968267,
      "dpd_baby": 0.09678571428571438,
      "dpd_25ct": 0.24196428571428594,
      "dpd_80ct": 0.774285714285715,
      "fire_pnl": 72.10000000000002,
      "miss_pnl": -45.0
    },
    "40": {
      "total_pnl_cents": 37.39999999999996,
      "total_capital_cents": 252.0,
      "hits": 9,
      "hit_rate": 0.8181818181818182,
      "avg_pnl_per_match": 3.399999999999997,
      "avg_capital_per_match": 22.90909090909091,
      "roi_pct_per_trade": 14.841269841269828,
      "dpd_baby": 0.13357142857142845,
      "dpd_25ct": 0.33392857142857113,
      "dpd_80ct": 1.0685714285714276,
      "fire_pnl": 82.39999999999996,
      "miss_pnl": -45.0
    },
    "50": {
      "total_pnl_cents": 58.0,
      "total_capital_cents": 252.0,
      "hits": 9,
      "hit_rate": 0.8181818181818182,
      "avg_pnl_per_match": 5.2727272727272725,
      "avg_capital_per_match": 22.90909090909091,
      "roi_pct_per_trade": 23.015873015873016,
      "dpd_baby": 0.20714285714285713,
      "dpd_25ct": 0.5178571428571428,
      "dpd_80ct": 1.657142857142857,
      "fire_pnl": 103.0,
      "miss_pnl": -45.0
    },
    "60": {
      "total_pnl_cents": 78.60000000000004,
      "total_capital_cents": 252.0,
      "hits": 9,
      "hit_rate": 0.8181818181818182,
      "avg_pnl_per_match": 7.145454545454549,
      "avg_capital_per_match": 22.90909090909091,
      "roi_pct_per_trade": 31.190476190476204,
      "dpd_baby": 0.2807142857142858,
      "dpd_25ct": 0.7017857142857145,
      "dpd_80ct": 2.2457142857142864,
      "fire_pnl": 123.60000000000004,
      "miss_pnl": -45.0
    },
    "75": {
      "total_pnl_cents": 30.0,
      "total_capital_cents": 252.0,
      "hits": 7,
      "hit_rate": 0.6363636363636364,
      "avg_pnl_per_match": 2.727272727272727,
      "avg_capital_per_match": 22.90909090909091,
      "roi_pct_per_trade": 11.904761904761905,
      "dpd_baby": 0.10714285714285714,
      "dpd_25ct": 0.26785714285714285,
      "dpd_80ct": 0.8571428571428571,
      "fire_pnl": 120.0,
      "miss_pnl": -90.0
    },
    "100": {
      "total_pnl_cents": 70.0,
      "total_capital_cents": 252.0,
      "hits": 7,
      "hit_rate": 0.6363636363636364,
      "avg_pnl_per_match": 6.363636363636363,
      "avg_capital_per_match": 22.90909090909091,
      "roi_pct_per_trade": 27.77777777777778,
      "dpd_baby": 0.25,
      "dpd_25ct": 0.625,
      "dpd_80ct": 2.0,
      "fire_pnl": 160.0,
      "miss_pnl": -90.0
    },
    "125": {
      "total_pnl_cents": -46.0,
      "total_capital_cents": 252.0,
      "hits": 4,
      "hit_rate": 0.36363636363636365,
      "avg_pnl_per_match": -4.181818181818182,
      "avg_capital_per_match": 22.90909090909091,
      "roi_pct_per_trade": -18.253968253968253,
      "dpd_baby": -0.16428571428571428,
      "dpd_25ct": -0.4107142857142857,
      "dpd_80ct": -1.3142857142857143,
      "fire_pnl": 112.5,
      "miss_pnl": -158.5
    },
    "150": {
      "total_pnl_cents": -78.0,
      "total_capital_cents": 252.0,
      "hits": 3,
      "hit_rate": 0.2727272727272727,
      "avg_pnl_per_match": -7.090909090909091,
      "avg_capital_per_match": 22.90909090909091,
      "roi_pct_per_trade": -30.952380952380953,
      "dpd_baby": -0.2785714285714286,
      "dpd_25ct": -0.6964285714285714,
      "dpd_80ct": -2.2285714285714286,
      "fire_pnl": 102.0,
      "miss_pnl": -180.0
    },
    "200": {
      "total_pnl_cents": -44.0,
      "total_capital_cents": 252.0,
      "hits": 3,
      "hit_rate": 0.2727272727272727,
      "avg_pnl_per_match": -4.0,
      "avg_capital_per_match": 22.90909090909091,
      "roi_pct_per_trade": -17.46031746031746,
      "dpd_baby": -0.15714285714285717,
      "dpd_25ct": -0.3928571428571429,