{
  "n_matches": 25,
  "avg_entry": 23.36,
  "n_wins": 4,
  "hold_pnl_total": -175.5,
  "hold_capital_total": 584.0,
  "hold_roi_pct": -30.051369863013697,
  "by_roi": {
    "5": {
      "total_pnl_cents": 6.600000000000058,
      "total_capital_cents": 584.0,
      "hits": 24,
      "hit_rate": 0.96,
      "avg_pnl_per_match": 0.26400000000000234,
      "avg_capital_per_match": 23.36,
      "roi_pct_per_trade": 1.1301369863013797,
      "dpd_baby": 0.023571428571428778,
      "dpd_25ct": 0.05892857142857194,
      "dpd_80ct": 0.18857142857143022,
      "fire_pnl": 28.10000000000006,
      "miss_pnl": -21.5
    },
    "7": {
      "total_pnl_cents": -7.339999999999986,
      "total_capital_cents": 584.0,
      "hits": 23,
      "hit_rate": 0.92,
      "avg_pnl_per_match": -0.2935999999999994,
      "avg_capital_per_match": 23.36,
      "roi_pct_per_trade": -1.2568493150684905,
      "dpd_baby": -0.026214285714285666,
      "dpd_25ct": -0.06553571428571417,
      "dpd_80ct": -0.20971428571428533,
      "fire_pnl": 37.66000000000001,
      "miss_pnl": -45.0
    },
    "10": {
      "total_pnl_cents": -14.899999999999949,
      "total_capital_cents": 584.0,
      "hits": 22,
      "hit_rate": 0.88,
      "avg_pnl_per_match": -0.595999999999998,
      "avg_capital_per_match": 23.36,
      "roi_pct_per_trade": -2.55136986301369,
      "dpd_baby": -0.053214285714285534,
      "dpd_25ct": -0.13303571428571384,
      "dpd_80ct": -0.42571428571428427,
      "fire_pnl": 51.600000000000065,
      "miss_pnl": -66.5
    },
    "12": {
      "total_pnl_cents": -30.959999999999958,
      "total_capital_cents": 584.0,
      "hits": 21,
      "hit_rate": 0.84,
      "avg_pnl_per_match": -1.2383999999999984,
      "avg_capital_per_match": 23.36,
      "roi_pct_per_trade": -5.301369863013692,
      "dpd_baby": -0.11057142857142842,
      "dpd_25ct": -0.276428571428571,
      "dpd_80ct": -0.8845714285714273,
      "fire_pnl": 59.04000000000004,
      "miss_pnl": -90.0
    },
    "15": {
      "total_pnl_cents": -16.20000000000005,
      "total_capital_cents": 584.0,
      "hits": 21,
      "hit_rate": 0.84,
      "avg_pnl_per_match": -0.6480000000000019,
      "avg_capital_per_match": 23.36,
      "roi_pct_per_trade": -2.7739726027397347,
      "dpd_baby": -0.05785714285714303,
      "dpd_25ct": -0.14464285714285757,
      "dpd_80ct": -0.46285714285714424,
      "fire_pnl": 73.79999999999993,
      "miss_pnl": -90.0
    },
    "20": {
      "total_pnl_cents": -19.90000000000005,
      "total_capital_cents": 584.0,
      "hits": 20,
      "hit_rate": 0.8,
      "avg_pnl_per_match": -0.7960000000000019,
      "avg_capital_per_match": 23.36,
      "roi_pct_per_trade": -3.4075342465753504,
      "dpd_baby": -0.07107142857142874,
      "dpd_25ct": -0.17767857142857185,
      "dpd_80ct": -0.56857142857143,
      "fire_pnl": 93.59999999999994,
      "miss_pnl": -113.5
    },
    "25": {
      "total_pnl_cents": 3.5,
      "total_capital_cents": 584.0,
      "hits": 20,
      "hit_rate": 0.8,
      "avg_pnl_per_match": 0.14,
      "avg_capital_per_match": 23.36,
      "roi_pct_per_trade": 0.5993150684931506,
      "dpd_baby": 0.012499999999999999,
      "dpd_25ct": 0.031249999999999997,
      "dpd_80ct": 0.09999999999999999,
      "fire_pnl": 117.0,
      "miss_pnl": -113.5
    },
    "30": {
      "total_pnl_cents": -3.7999999999999545,
      "total_capital_cents": 584.0,
      "hits": 19,
      "hit_rate": 0.76,
      "avg_pnl_per_match": -0.1519999999999982,
      "avg_capital_per_match": 23.36,
      "roi_pct_per_trade": -0.6506849315068415,
      "dpd_baby": -0.01357142857142841,
      "dpd_25ct": -0.033928571428571024,
      "dpd_80ct": -0.10857142857142728,
      "fire_pnl": 133.20000000000005,
      "miss_pnl": -137.0
    },
    "35": {
      "total_pnl_cents": 18.40000000000009,
      "total_capital_cents": 584.0,
      "hits": 19,
      "hit_rate": 0.76,
      "avg_pnl_per_match": 0.7360000000000037,
      "avg_capital_per_match": 23.36,
      "roi_pct_per_trade": 3.150684931506865,
      "dpd_baby": 0.06571428571428604,
      "dpd_25ct": 0.16428571428571512,
      "dpd_80ct": 0.5257142857142884,
      "fire_pnl": 155.4000000000001,
      "miss_pnl": -137.0
    },
    "40": {
      "total_pnl_cents": 7.499999999999915,
      "total_capital_cents": 584.0,
      "hits": 18,
      "hit_rate": 0.72,
      "avg_pnl_per_match": 0.2999999999999966,
      "avg_capital_per_match": 23.36,
      "roi_pct_per_trade": 1.2842465753424512,
      "dpd_baby": 0.02678571428571398,
      "dpd_25ct": 0.06696428571428495,
      "dpd_80ct": 0.21428571428571183,
      "fire_pnl": 167.9999999999999,
      "miss_pnl": -160.5
    },
    "50": {
      "total_pnl_cents": -15.5,
      "total_capital_cents": 584.0,
      "hits": 16,
      "hit_rate": 0.64,
      "avg_pnl_per_match": -0.62,
      "avg_capital_per_match": 23.36,
      "roi_pct_per_trade": -2.654109589041096,
      "dpd_baby": -0.05535714285714286,
      "dpd_25ct": -0.13839285714285715,
      "dpd_80ct": -0.4428571428571429,
      "fire_pnl": 188.0,
      "miss_pnl": -203.5
    },
    "60": {
      "total_pnl_cents": -15.799999999999926,
      "total_capital_cents": 584.0,
      "hits": 15,
      "hit_rate": 0.6,
      "avg_pnl_per_match": -0.631999999999997,
      "avg_capital_per_match": 23.36,
      "roi_pct_per_trade": -2.705479452054782,
      "dpd_baby": -0.05642857142857116,
      "dpd_25ct": -0.1410714285714279,
      "dpd_80ct": -0.4514285714285693,
      "fire_pnl": 211.20000000000007,
      "miss_pnl": -227.0
    },
    "75": {
      "total_pnl_cents": 37.0,
      "total_capital_cents": 584.0,
      "hits": 15,
      "hit_rate": 0.6,
      "avg_pnl_per_match": 1.48,
      "avg_capital_per_match": 23.36,
      "roi_pct_per_trade": 6.335616438356165,
      "dpd_baby": 0.13214285714285715,
      "dpd_25ct": 0.33035714285714285,
      "dpd_80ct": 1.0571428571428572,
      "fire_pnl": 264.0,
      "miss_pnl": -227.0
    },
    "100": {
      "total_pnl_cents": 77.5,
      "total_capital_cents": 584.0,
      "hits": 14,
      "hit_rate": 0.56,
      "avg_pnl_per_match": 3.1,
      "avg_capital_per_match": 23.36,
      "roi_pct_per_trade": 13.270547945205479,
      "dpd_baby": 0.2767857142857143,
      "dpd_25ct": 0.6919642857142858,
      "dpd_80ct": 2.2142857142857144,
      "fire_pnl": 328.0,
      "miss_pnl": -250.5
    },
    "125": {
      "total_pnl_cents": -1.0,
      "total_capital_cents": 584.0,
      "hits": 11,
      "hit_rate": 0.44,
      "avg_pnl_per_match": -0.04,
      "avg_capital_per_match": 23.36,
      "roi_pct_per_trade": -0.17123287671232876,
      "dpd_baby": -0.0035714285714285718,
      "dpd_25ct": -0.00892857142857143,
      "dpd_80ct": -0.028571428571428574,
      "fire_pnl": 320.0,
      "miss_pnl": -321.0
    },
    "150": {
      "total_pnl_cents": 8.5,
      "total_capital_cents": 584.0,
      "hits": 10,
      "hit_rate": 0.4,
      "avg_pnl_per_match": 0.34,
      "avg_capital_per_match": 23.36,
      "roi_pct_per_trade": 1.4554794520547945,
      "dpd_baby": 0.030357142857142857,
      "dpd_25ct": 0.07589285714285714,
      "dpd_80ct": 0.24285714285714285,
      "fire_pnl": 351.0,
      "miss_pnl": -342.5
    },
    "200": {
      "total_pnl_cents": 54.0,
      "total_capital_cents": 584.0,
      "hits": 9,
      "hit_rate": 0.36,
      "avg_pnl_per_match": 2.16,
      "avg_capital_per_match": 23.36,
      "roi_pct_per_trade": 9.246575342465754,
      "dpd_baby": 0.19285714285714287,
      "dpd_25ct": 0.48214285714285715,
      "dpd_80ct": 1.542857142857143,
      "fire_pnl": 420.0,
      "miss_pnl": -366.0
    },
    "250": {
      "total_pnl_cents": 159.0,
      "total_capital_cents": 584.0,
      "hits": 9,
      "hit_rate": 0.36,
      "avg_pnl_per_match": 6.36,
      "avg_capital_per_match": 23.36,
      "roi_pct_per_trade": 27.226027397260275,
      "dpd_baby": 0.5678571428571428,
      "dpd_25ct": 1.4196428571428572,
      "dpd_80ct": 4.542857142857143,
      "fire_pnl": 525.0,