{
  "n_matches": 9,
  "avg_entry": 40.888888888888886,
  "n_wins": 2,
  "hold_pnl_total": -165.5,
  "hold_capital_total": 368.0,
  "hold_roi_pct": -44.97282608695652,
  "by_roi": {
    "5": {
      "total_pnl_cents": 18.400000000000013,
      "total_capital_cents": 368.0,
      "hits": 9,
      "hit_rate": 1.0,
      "avg_pnl_per_match": 2.044444444444446,
      "avg_capital_per_match": 40.888888888888886,
      "roi_pct_per_trade": 5.0000000000000036,
      "dpd_baby": 0.06571428571428575,
      "dpd_25ct": 0.16428571428571437,
      "dpd_80ct": 0.525714285714286,
      "fire_pnl": 18.400000000000013,
      "miss_pnl": 0
    },
    "7": {
      "total_pnl_cents": 25.76000000000004,
      "total_capital_cents": 368.0,
      "hits": 9,
      "hit_rate": 1.0,
      "avg_pnl_per_match": 2.862222222222227,
      "avg_capital_per_match": 40.888888888888886,
      "roi_pct_per_trade": 7.0000000000000115,
      "dpd_baby": 0.09200000000000015,
      "dpd_25ct": 0.23000000000000037,
      "dpd_80ct": 0.7360000000000012,
      "fire_pnl": 25.76000000000004,
      "miss_pnl": 0
    },
    "10": {
      "total_pnl_cents": 36.80000000000001,
      "total_capital_cents": 368.0,
      "hits": 9,
      "hit_rate": 1.0,
      "avg_pnl_per_match": 4.08888888888889,
      "avg_capital_per_match": 40.888888888888886,
      "roi_pct_per_trade": 10.000000000000002,
      "dpd_baby": 0.13142857142857148,
      "dpd_25ct": 0.3285714285714287,
      "dpd_80ct": 1.0514285714285718,
      "fire_pnl": 36.80000000000001,
      "miss_pnl": 0
    },
    "12": {
      "total_pnl_cents": 44.16000000000004,
      "total_capital_cents": 368.0,
      "hits": 9,
      "hit_rate": 1.0,
      "avg_pnl_per_match": 4.906666666666671,
      "avg_capital_per_match": 40.888888888888886,
      "roi_pct_per_trade": 12.00000000000001,
      "dpd_baby": 0.15771428571428586,
      "dpd_25ct": 0.3942857142857147,
      "dpd_80ct": 1.261714285714287,
      "fire_pnl": 44.16000000000004,
      "miss_pnl": 0
    },
    "15": {
      "total_pnl_cents": 55.19999999999999,
      "total_capital_cents": 368.0,
      "hits": 9,
      "hit_rate": 1.0,
      "avg_pnl_per_match": 6.133333333333332,
      "avg_capital_per_match": 40.888888888888886,
      "roi_pct_per_trade": 14.999999999999998,
      "dpd_baby": 0.1971428571428571,
      "dpd_25ct": 0.4928571428571427,
      "dpd_80ct": 1.5771428571428567,
      "fire_pnl": 55.19999999999999,
      "miss_pnl": 0
    },
    "20": {
      "total_pnl_cents": 73.6,
      "total_capital_cents": 368.0,
      "hits": 9,
      "hit_rate": 1.0,
      "avg_pnl_per_match": 8.177777777777777,
      "avg_capital_per_match": 40.888888888888886,
      "roi_pct_per_trade": 19.999999999999996,
      "dpd_baby": 0.26285714285714284,
      "dpd_25ct": 0.6571428571428571,
      "dpd_80ct": 2.1028571428571428,
      "fire_pnl": 73.6,
      "miss_pnl": 0
    },
    "25": {
      "total_pnl_cents": -8.25,
      "total_capital_cents": 368.0,
      "hits": 7,
      "hit_rate": 0.7777777777777778,
      "avg_pnl_per_match": -0.9166666666666666,
      "avg_capital_per_match": 40.888888888888886,
      "roi_pct_per_trade": -2.2418478260869565,
      "dpd_baby": -0.029464285714285714,
      "dpd_25ct": -0.07366071428571429,
      "dpd_80ct": -0.2357142857142857,
      "fire_pnl": 71.75,
      "miss_pnl": -80.0
    },
    "30": {
      "total_pnl_cents": 6.1000000000000085,
      "total_capital_cents": 368.0,
      "hits": 7,
      "hit_rate": 0.7777777777777778,
      "avg_pnl_per_match": 0.6777777777777787,
      "avg_capital_per_match": 40.888888888888886,
      "roi_pct_per_trade": 1.6576086956521763,
      "dpd_baby": 0.021785714285714318,
      "dpd_25ct": 0.0544642857142858,
      "dpd_80ct": 0.17428571428571454,
      "fire_pnl": 86.10000000000001,
      "miss_pnl": -80.0
    },
    "35": {
      "total_pnl_cents": -35.74999999999999,
      "total_capital_cents": 368.0,
      "hits": 6,
      "hit_rate": 0.6666666666666666,
      "avg_pnl_per_match": -3.9722222222222214,
      "avg_capital_per_match": 40.888888888888886,
      "roi_pct_per_trade": -9.714673913043475,
      "dpd_baby": -0.1276785714285714,
      "dpd_25ct": -0.3191964285714285,
      "dpd_80ct": -1.0214285714285711,
      "fire_pnl": 85.75,
      "miss_pnl": -121.5
    },
    "40": {
      "total_pnl_cents": -23.500000000000007,
      "total_capital_cents": 368.0,
      "hits": 6,
      "hit_rate": 0.6666666666666666,
      "avg_pnl_per_match": -2.611111111111112,
      "avg_capital_per_match": 40.888888888888886,
      "roi_pct_per_trade": -6.385869565217393,
      "dpd_baby": -0.08392857142857145,
      "dpd_25ct": -0.20982142857142863,
      "dpd_80ct": -0.6714285714285716,
      "fire_pnl": 98.0,
      "miss_pnl": -121.5
    },
    "50": {
      "total_pnl_cents": -58.5,
      "total_capital_cents": 368.0,
      "hits": 5,
      "hit_rate": 0.5555555555555556,
      "avg_pnl_per_match": -6.5,
      "avg_capital_per_match": 40.888888888888886,
      "roi_pct_per_trade": -15.896739130434783,
      "dpd_baby": -0.2089285714285714,
      "dpd_25ct": -0.5223214285714285,
      "dpd_80ct": -1.6714285714285713,
      "fire_pnl": 102.5,
      "miss_pnl": -161.0
    },
    "60": {
      "total_pnl_cents": -37.999999999999986,
      "total_capital_cents": 368.0,
      "hits": 5,
      "hit_rate": 0.5555555555555556,
      "avg_pnl_per_match": -4.2222222222222205,
      "avg_capital_per_match": 40.888888888888886,
      "roi_pct_per_trade": -10.326086956521735,
      "dpd_baby": -0.13571428571428568,
      "dpd_25ct": -0.3392857142857142,
      "dpd_80ct": -1.0857142857142854,
      "fire_pnl": 123.00000000000001,
      "miss_pnl": -161.0
    },
    "75": {
      "total_pnl_cents": -7.25,
      "total_capital_cents": 368.0,
      "hits": 5,
      "hit_rate": 0.5555555555555556,
      "avg_pnl_per_match": -0.8055555555555556,
      "avg_capital_per_match": 40.888888888888886,
      "roi_pct_per_trade": -1.9701086956521738,
      "dpd_baby": -0.02589285714285714,
      "dpd_25ct": -0.06473214285714285,
      "dpd_80ct": -0.20714285714285713,
      "fire_pnl": 153.75,
      "miss_pnl": -161.0
    },
    "100": {
      "total_pnl_cents": 44.0,
      "total_capital_cents": 368.0,
      "hits": 5,
      "hit_rate": 0.5555555555555556,
      "avg_pnl_per_match": 4.888888888888889,
      "avg_capital_per_match": 40.888888888888886,
      "roi_pct_per_trade": 11.956521739130435,
      "dpd_baby": 0.15714285714285717,
      "dpd_25ct": 0.3928571428571429,
      "dpd_80ct": 1.2571428571428573,
      "fire_pnl": 205.0,
      "miss_pnl": -161.0
    },
    "125": {
      "total_pnl_cents": 95.25,
      "total_capital_cents": 368.0,
      "hits": 5,
      "hit_rate": 0.5555555555555556,
      "avg_pnl_per_match": 10.583333333333334,
      "avg_capital_per_match": 40.888888888888886,
      "roi_pct_per_trade": 25.883152173913043,
      "dpd_baby": 0.34017857142857144,
      "dpd_25ct": 0.8504464285714286,
      "dpd_80ct": 2.7214285714285715,
      "fire_pnl": 256.25,
      "miss_pnl": -161.0
    },
    "150": {
      "total_pnl_cents": -166.0,
      "total_capital_cents": 368.0,
      "hits": 1,
      "hit_rate": 0.1111111111111111,
      "avg_pnl_per_match": -18.444444444444443,
      "avg_capital_per_match": 40.888888888888886,
      "roi_pct_per_trade": -45.108695652173914,
      "dpd_baby": -0.5928571428571429,
      "dpd_25ct": -1.4821428571428572,
      "dpd_80ct": -4.742857142857143,
      "fire_pnl": 59.0,
      "miss_pnl": -225.0
    },
    "200": {
      "total_pnl_cents": -166.0,
      "total_capital_cents": 368.0,
      "hits": 1,
      "hit_rate": 0.1111111111111111,
      "avg_pnl_per_match": -18.444444444444443,
      "avg_capital_per_match": 40.888888888888886,
      "roi_pct_per_trade": -45.108695652173914,
      "dpd_baby": -0.5928571428571429,
      "dpd_25ct": -1.4821428571428572,
      "dpd_80ct": -4.742857142857143,
      "fire_pnl": 59.0,
      "miss_pnl": -225.0
    },