{
  "n_matches": 14,
  "avg_entry": 32.214285714285715,
  "n_wins": 4,
  "hold_pnl_total": -48.0,
  "hold_capital_total": 451.0,
  "hold_roi_pct": -10.643015521064301,
  "by_roi": {
    "5": {
      "total_pnl_cents": -42.599999999999994,
      "total_capital_cents": 451.0,
      "hits": 12,
      "hit_rate": 0.8571428571428571,
      "avg_pnl_per_match": -3.0428571428571423,
      "avg_capital_per_match": 32.214285714285715,
      "roi_pct_per_trade": -9.445676274944566,
      "dpd_baby": -0.15214285714285714,
      "dpd_25ct": -0.38035714285714284,
      "dpd_80ct": -1.217142857142857,
      "fire_pnl": 19.400000000000006,
      "miss_pnl": -62.0
    },
    "7": {
      "total_pnl_cents": -34.839999999999975,
      "total_capital_cents": 451.0,
      "hits": 12,
      "hit_rate": 0.8571428571428571,
      "avg_pnl_per_match": -2.4885714285714267,
      "avg_capital_per_match": 32.214285714285715,
      "roi_pct_per_trade": -7.7250554323725,
      "dpd_baby": -0.12442857142857133,
      "dpd_25ct": -0.31107142857142833,
      "dpd_80ct": -0.9954285714285707,
      "fire_pnl": 27.160000000000025,
      "miss_pnl": -62.0
    },
    "10": {
      "total_pnl_cents": -23.19999999999996,
      "total_capital_cents": 451.0,
      "hits": 12,
      "hit_rate": 0.8571428571428571,
      "avg_pnl_per_match": -1.6571428571428544,
      "avg_capital_per_match": 32.214285714285715,
      "roi_pct_per_trade": -5.144124168514403,
      "dpd_baby": -0.08285714285714271,
      "dpd_25ct": -0.2071428571428568,
      "dpd_80ct": -0.6628571428571417,
      "fire_pnl": 38.80000000000004,
      "miss_pnl": -62.0
    },
    "12": {
      "total_pnl_cents": -15.43999999999997,
      "total_capital_cents": 451.0,
      "hits": 12,
      "hit_rate": 0.8571428571428571,
      "avg_pnl_per_match": -1.1028571428571408,
      "avg_capital_per_match": 32.214285714285715,
      "roi_pct_per_trade": -3.423503325942343,
      "dpd_baby": -0.055142857142857035,
      "dpd_25ct": -0.1378571428571426,
      "dpd_80ct": -0.4411428571428563,
      "fire_pnl": 46.56000000000003,
      "miss_pnl": -62.0
    },
    "15": {
      "total_pnl_cents": -3.80000000000004,
      "total_capital_cents": 451.0,
      "hits": 12,
      "hit_rate": 0.8571428571428571,
      "avg_pnl_per_match": -0.2714285714285743,
      "avg_capital_per_match": 32.214285714285715,
      "roi_pct_per_trade": -0.842572062084266,
      "dpd_baby": -0.013571428571428715,
      "dpd_25ct": -0.03392857142857179,
      "dpd_80ct": -0.10857142857142972,
      "fire_pnl": 58.19999999999996,
      "miss_pnl": -62.0
    },
    "20": {
      "total_pnl_cents": -23.500000000000007,
      "total_capital_cents": 451.0,
      "hits": 11,
      "hit_rate": 0.7857142857142857,
      "avg_pnl_per_match": -1.678571428571429,
      "avg_capital_per_match": 32.214285714285715,
      "roi_pct_per_trade": -5.210643015521066,
      "dpd_baby": -0.08392857142857145,
      "dpd_25ct": -0.20982142857142863,
      "dpd_80ct": -0.6714285714285716,
      "fire_pnl": 71.0,
      "miss_pnl": -94.5
    },
    "25": {
      "total_pnl_cents": -45.25,
      "total_capital_cents": 451.0,
      "hits": 10,
      "hit_rate": 0.7142857142857143,
      "avg_pnl_per_match": -3.232142857142857,
      "avg_capital_per_match": 32.214285714285715,
      "roi_pct_per_trade": -10.033259423503326,
      "dpd_baby": -0.16160714285714287,
      "dpd_25ct": -0.40401785714285715,
      "dpd_80ct": -1.292857142857143,
      "fire_pnl": 80.75,
      "miss_pnl": -126.0
    },
    "30": {
      "total_pnl_cents": -29.09999999999998,
      "total_capital_cents": 451.0,
      "hits": 10,
      "hit_rate": 0.7142857142857143,
      "avg_pnl_per_match": -2.078571428571427,
      "avg_capital_per_match": 32.214285714285715,
      "roi_pct_per_trade": -6.452328159645229,
      "dpd_baby": -0.10392857142857136,
      "dpd_25ct": -0.25982142857142837,
      "dpd_80ct": -0.8314285714285709,
      "fire_pnl": 96.9,
      "miss_pnl": -126.0
    },
    "35": {
      "total_pnl_cents": -12.94999999999996,
      "total_capital_cents": 451.0,
      "hits": 10,
      "hit_rate": 0.7142857142857143,
      "avg_pnl_per_match": -0.9249999999999972,
      "avg_capital_per_match": 32.214285714285715,
      "roi_pct_per_trade": -2.8713968957871305,
      "dpd_baby": -0.046249999999999854,
      "dpd_25ct": -0.11562499999999963,
      "dpd_80ct": -0.36999999999999883,
      "fire_pnl": 113.05000000000004,
      "miss_pnl": -126.0
    },
    "40": {
      "total_pnl_cents": 3.1999999999999673,
      "total_capital_cents": 451.0,
      "hits": 10,
      "hit_rate": 0.7142857142857143,
      "avg_pnl_per_match": 0.22857142857142623,
      "avg_capital_per_match": 32.214285714285715,
      "roi_pct_per_trade": 0.7095343680709462,
      "dpd_baby": 0.011428571428571312,
      "dpd_25ct": 0.028571428571428283,
      "dpd_80ct": 0.0914285714285705,
      "fire_pnl": 129.19999999999996,
      "miss_pnl": -126.0
    },
    "50": {
      "total_pnl_cents": 35.5,
      "total_capital_cents": 451.0,
      "hits": 10,
      "hit_rate": 0.7142857142857143,
      "avg_pnl_per_match": 2.5357142857142856,
      "avg_capital_per_match": 32.214285714285715,
      "roi_pct_per_trade": 7.871396895787139,
      "dpd_baby": 0.12678571428571428,
      "dpd_25ct": 0.3169642857142857,
      "dpd_80ct": 1.0142857142857142,
      "fire_pnl": 161.5,
      "miss_pnl": -126.0
    },
    "60": {
      "total_pnl_cents": 17.10000000000003,
      "total_capital_cents": 451.0,
      "hits": 9,
      "hit_rate": 0.6428571428571429,
      "avg_pnl_per_match": 1.2214285714285735,
      "avg_capital_per_match": 32.214285714285715,
      "roi_pct_per_trade": 3.791574279379164,
      "dpd_baby": 0.06107142857142867,
      "dpd_25ct": 0.1526785714285717,
      "dpd_80ct": 0.4885714285714294,
      "fire_pnl": 174.60000000000002,
      "miss_pnl": -157.5
    },
    "75": {
      "total_pnl_cents": 5.25,
      "total_capital_cents": 451.0,
      "hits": 8,
      "hit_rate": 0.5714285714285714,
      "avg_pnl_per_match": 0.375,
      "avg_capital_per_match": 32.214285714285715,
      "roi_pct_per_trade": 1.164079822616408,
      "dpd_baby": 0.01875,
      "dpd_25ct": 0.046875,
      "dpd_80ct": 0.15,
      "fire_pnl": 194.25,
      "miss_pnl": -189.0
    },
    "100": {
      "total_pnl_cents": -57.0,
      "total_capital_cents": 451.0,
      "hits": 6,
      "hit_rate": 0.42857142857142855,
      "avg_pnl_per_match": -4.071428571428571,
      "avg_capital_per_match": 32.214285714285715,
      "roi_pct_per_trade": -12.638580931263858,
      "dpd_baby": -0.20357142857142857,
      "dpd_25ct": -0.5089285714285714,
      "dpd_80ct": -1.6285714285714286,
      "fire_pnl": 195.0,
      "miss_pnl": -252.0
    },
    "125": {
      "total_pnl_cents": -8.25,
      "total_capital_cents": 451.0,
      "hits": 6,
      "hit_rate": 0.42857142857142855,
      "avg_pnl_per_match": -0.5892857142857143,
      "avg_capital_per_match": 32.214285714285715,
      "roi_pct_per_trade": -1.829268292682927,
      "dpd_baby": -0.029464285714285714,
      "dpd_25ct": -0.07366071428571429,
      "dpd_80ct": -0.2357142857142857,
      "fire_pnl": 243.75,
      "miss_pnl": -252.0
    },
    "150": {
      "total_pnl_cents": 40.5,
      "total_capital_cents": 451.0,
      "hits": 6,
      "hit_rate": 0.42857142857142855,
      "avg_pnl_per_match": 2.892857142857143,
      "avg_capital_per_match": 32.214285714285715,
      "roi_pct_per_trade": 8.980044345898005,
      "dpd_baby": 0.14464285714285713,
      "dpd_25ct": 0.3616071428571428,
      "dpd_80ct": 1.157142857142857,
      "fire_pnl": 292.5,
      "miss_pnl": -252.0
    },
    "200": {
      "total_pnl_cents": -58.5,
      "total_capital_cents": 451.0,
      "hits": 3,
      "hit_rate": 0.21428571428571427,
      "avg_pnl_per_match": -4.178571428571429,
      "avg_capital_per_match": 32.214285714285715,
      "roi_pct_per_trade": -12.971175166297117,
      "dpd_baby": -0.2089285714285714,