{
  "n_matches": 18,
  "avg_entry": 67.11111111111111,
  "n_wins": 7,
  "hold_pnl_total": -506.0,
  "hold_capital_total": 1208.0,
  "hold_roi_pct": -41.88741721854305,
  "by_roi": {
    "5": {
      "total_pnl_cents": -79.29999999999997,
      "total_capital_cents": 1208.0,
      "hits": 16,
      "hit_rate": 0.8888888888888888,
      "avg_pnl_per_match": -4.405555555555554,
      "avg_capital_per_match": 67.11111111111111,
      "roi_pct_per_trade": -6.564569536423839,
      "dpd_baby": -0.2832142857142856,
      "dpd_25ct": -0.708035714285714,
      "dpd_80ct": -2.2657142857142847,
      "fire_pnl": 53.70000000000003,
      "miss_pnl": -133.0
    },
    "7": {
      "total_pnl_cents": -57.81999999999992,
      "total_capital_cents": 1208.0,
      "hits": 16,
      "hit_rate": 0.8888888888888888,
      "avg_pnl_per_match": -3.212222222222218,
      "avg_capital_per_match": 67.11111111111111,
      "roi_pct_per_trade": -4.786423841059596,
      "dpd_baby": -0.20649999999999974,
      "dpd_25ct": -0.5162499999999993,
      "dpd_80ct": -1.651999999999998,
      "fire_pnl": 75.18000000000008,
      "miss_pnl": -133.0
    },
    "10": {
      "total_pnl_cents": -244.09999999999985,
      "total_capital_cents": 1208.0,
      "hits": 13,
      "hit_rate": 0.7222222222222222,
      "avg_pnl_per_match": -13.561111111111103,
      "avg_capital_per_match": 67.11111111111111,
      "roi_pct_per_trade": -20.206953642384093,
      "dpd_baby": -0.8717857142857138,
      "dpd_25ct": -2.1794642857142845,
      "dpd_80ct": -6.974285714285711,
      "fire_pnl": 87.40000000000013,
      "miss_pnl": -331.5
    },
    "12": {
      "total_pnl_cents": -302.2799999999998,
      "total_capital_cents": 1208.0,
      "hits": 12,
      "hit_rate": 0.6666666666666666,
      "avg_pnl_per_match": -16.793333333333322,
      "avg_capital_per_match": 67.11111111111111,
      "roi_pct_per_trade": -25.023178807947005,
      "dpd_baby": -1.079571428571428,
      "dpd_25ct": -2.69892857142857,
      "dpd_80ct": -8.636571428571424,
      "fire_pnl": 96.72000000000008,
      "miss_pnl": -399.0
    },
    "15": {
      "total_pnl_cents": -278.10000000000014,
      "total_capital_cents": 1208.0,
      "hits": 12,
      "hit_rate": 0.6666666666666666,
      "avg_pnl_per_match": -15.450000000000008,
      "avg_capital_per_match": 67.11111111111111,
      "roi_pct_per_trade": -23.02152317880796,
      "dpd_baby": -0.9932142857142862,
      "dpd_25ct": -2.4830357142857156,
      "dpd_80ct": -7.945714285714289,
      "fire_pnl": 120.89999999999988,
      "miss_pnl": -399.0
    },
    "20": {
      "total_pnl_cents": -316.49999999999994,
      "total_capital_cents": 1208.0,
      "hits": 11,
      "hit_rate": 0.6111111111111112,
      "avg_pnl_per_match": -17.58333333333333,
      "avg_capital_per_match": 67.11111111111111,
      "roi_pct_per_trade": -26.20033112582781,
      "dpd_baby": -1.1303571428571426,
      "dpd_25ct": -2.8258928571428568,
      "dpd_80ct": -9.042857142857141,
      "fire_pnl": 147.99999999999994,
      "miss_pnl": -464.5
    },
    "25": {
      "total_pnl_cents": -361.5,
      "total_capital_cents": 1208.0,
      "hits": 10,
      "hit_rate": 0.5555555555555556,
      "avg_pnl_per_match": -20.083333333333332,
      "avg_capital_per_match": 67.11111111111111,
      "roi_pct_per_trade": -29.92549668874172,
      "dpd_baby": -1.2910714285714284,
      "dpd_25ct": -3.227678571428571,
      "dpd_80ct": -10.328571428571427,
      "fire_pnl": 168.5,
      "miss_pnl": -530.0
    },
    "30": {
      "total_pnl_cents": -327.8,
      "total_capital_cents": 1208.0,
      "hits": 10,
      "hit_rate": 0.5555555555555556,
      "avg_pnl_per_match": -18.211111111111112,
      "avg_capital_per_match": 67.11111111111111,
      "roi_pct_per_trade": -27.135761589403973,
      "dpd_baby": -1.1707142857142858,
      "dpd_25ct": -2.9267857142857148,
      "dpd_80ct": -9.365714285714287,
      "fire_pnl": 202.20000000000005,
      "miss_pnl": -530.0
    },
    "35": {
      "total_pnl_cents": -385.39999999999986,
      "total_capital_cents": 1208.0,
      "hits": 9,
      "hit_rate": 0.5,
      "avg_pnl_per_match": -21.411111111111104,
      "avg_capital_per_match": 67.11111111111111,
      "roi_pct_per_trade": -31.903973509933763,
      "dpd_baby": -1.376428571428571,
      "dpd_25ct": -3.4410714285714272,
      "dpd_80ct": -11.011428571428567,
      "fire_pnl": 212.10000000000008,
      "miss_pnl": -597.5
    },
    "40": {
      "total_pnl_cents": -446.99999999999994,
      "total_capital_cents": 1208.0,
      "hits": 8,
      "hit_rate": 0.4444444444444444,
      "avg_pnl_per_match": -24.83333333333333,
      "avg_capital_per_match": 67.11111111111111,
      "roi_pct_per_trade": -37.00331125827814,
      "dpd_baby": -1.596428571428571,
      "dpd_25ct": -3.991071428571428,
      "dpd_80ct": -12.771428571428569,
      "fire_pnl": 215.9999999999999,
      "miss_pnl": -663.0
    },
    "50": {
      "total_pnl_cents": -506.0,
      "total_capital_cents": 1208.0,
      "hits": 0,
      "hit_rate": 0.0,
      "avg_pnl_per_match": -28.11111111111111,
      "avg_capital_per_match": 67.11111111111111,
      "roi_pct_per_trade": -41.88741721854305,
      "dpd_baby": -1.8071428571428572,
      "dpd_25ct": -4.517857142857143,
      "dpd_80ct": -14.457142857142857,
      "fire_pnl": 0,
      "miss_pnl": -506.0
    },
    "60": {
      "total_pnl_cents": -506.0,
      "total_capital_cents": 1208.0,
      "hits": 0,
      "hit_rate": 0.0,
      "avg_pnl_per_match": -28.11111111111111,
      "avg_capital_per_match": 67.11111111111111,
      "roi_pct_per_trade": -41.88741721854305,
      "dpd_baby": -1.8071428571428572,
      "dpd_25ct": -4.517857142857143,
      "dpd_80ct": -14.457142857142857,
      "fire_pnl": 0,
      "miss_pnl": -506.0
    },
    "75": {
      "total_pnl_cents": -506.0,
      "total_capital_cents": 1208.0,
      "hits": 0,
      "hit_rate": 0.0,
      "avg_pnl_per_match": -28.11111111111111,
      "avg_capital_per_match": 67.11111111111111,
      "roi_pct_per_trade": -41.88741721854305,
      "dpd_baby": -1.8071428571428572,
      "dpd_25ct": -4.517857142857143,
      "dpd_80ct": -14.457142857142857,
      "fire_pnl": 0,
      "miss_pnl": -506.0
    },
    "100": {
      "total_pnl_cents": -506.0,
      "total_capital_cents": 1208.0,
      "hits": 0,
      "hit_rate": 0.0,
      "avg_pnl_per_match": -28.11111111111111,
      "avg_capital_per_match": 67.11111111111111,
      "roi_pct_per_trade": -41.88741721854305,
      "dpd_baby": -1.8071428571428572,
      "dpd_25ct": -4.517857142857143,
      "dpd_80ct": -14.457142857142857,
      "fire_pnl": 0,
      "miss_pnl": -506.0
    },
    "125": {
      "total_pnl_cents": -506.0,
      "total_capital_cents": 1208.0,
      "hits": 0,
      "hit_rate": 0.0,
      "avg_pnl_per_match": -28.11111111111111,
      "avg_capital_per_match": 67.11111111111111,
      "roi_pct_per_trade": -41.88741721854305,
      "dpd_baby": -1.8071428571428572,
      "dpd_25ct": -4.517857142857143,
      "dpd_80ct": -14.457142857142857,
      "fire_pnl": 0,
      "miss_pnl": -506.0
    },
    "150": {
      "total_pnl_cents": -506.0,
      "total_capital_cents": 1208.0,
      "hits": 0,
      "hit_rate": 0.0,
      "avg_pnl_per_match": -28.11111111111111,
      "avg_capital_per_match": 67.11111111111111,
      "roi_pct_per_trade": -41.88741721854305,
      "dpd_baby": -1.8071428571428572,
      "dpd_25ct": -4.517857142857143,
      "dpd_80ct": -14.457142857142857,
      "fire_pnl": 0,
      "miss_pnl": -506.0
    },
    "200": {
      "total_pnl_cents": -506.0,
      "total_capital_cents": 1208.0,
      "hits": 0,
      "hit_rate": 0.0,
      "avg_pnl_per_match": -28.11111111111111,
      "avg_capital_per_match": 67.11111111111111,
      "roi_pct_per_trade": -41.88741721854305,
      "dpd_baby": -1.8071428571428572,
      "dpd_25ct": -4.517857142857143,
      "dpd_80ct": -14.457142857142857,
      "fire_pnl": 0,
      "miss_pnl": -506.0
    },