{
  "n_matches": 16,
  "avg_entry": 38.0625,
  "n_wins": 3,
  "hold_pnl_total": -304.0,
  "hold_capital_total": 609.0,
  "hold_roi_pct": -49.917898193760266,
  "by_roi": {
    "5": {
      "total_pnl_cents": -9.999999999999993,
      "total_capital_cents": 609.0,
      "hits": 15,
      "hit_rate": 0.9375,
      "avg_pnl_per_match": -0.6249999999999996,
      "avg_capital_per_match": 38.0625,
      "roi_pct_per_trade": -1.6420361247947444,
      "dpd_baby": -0.03571428571428569,
      "dpd_25ct": -0.08928571428571423,
      "dpd_80ct": -0.28571428571428553,
      "fire_pnl": 28.500000000000007,
      "miss_pnl": -38.5
    },
    "7": {
      "total_pnl_cents": 1.4000000000000554,
      "total_capital_cents": 609.0,
      "hits": 15,
      "hit_rate": 0.9375,
      "avg_pnl_per_match": 0.08750000000000346,
      "avg_capital_per_match": 38.0625,
      "roi_pct_per_trade": 0.22988505747127347,
      "dpd_baby": 0.005000000000000198,
      "dpd_25ct": 0.012500000000000495,
      "dpd_80ct": 0.04000000000000158,
      "fire_pnl": 39.900000000000055,
      "miss_pnl": -38.5
    },
    "10": {
      "total_pnl_cents": 18.500000000000064,
      "total_capital_cents": 609.0,
      "hits": 15,
      "hit_rate": 0.9375,
      "avg_pnl_per_match": 1.156250000000004,
      "avg_capital_per_match": 38.0625,
      "roi_pct_per_trade": 3.0377668308702894,
      "dpd_baby": 0.0660714285714288,
      "dpd_25ct": 0.16517857142857198,
      "dpd_80ct": 0.5285714285714304,
      "fire_pnl": 57.000000000000064,
      "miss_pnl": -38.5
    },
    "12": {
      "total_pnl_cents": 29.900000000000063,
      "total_capital_cents": 609.0,
      "hits": 15,
      "hit_rate": 0.9375,
      "avg_pnl_per_match": 1.868750000000004,
      "avg_capital_per_match": 38.0625,
      "roi_pct_per_trade": 4.909688013136299,
      "dpd_baby": 0.10678571428571451,
      "dpd_25ct": 0.26696428571428626,
      "dpd_80ct": 0.8542857142857161,
      "fire_pnl": 68.40000000000006,
      "miss_pnl": -38.5
    },
    "15": {
      "total_pnl_cents": 46.999999999999936,
      "total_capital_cents": 609.0,
      "hits": 15,
      "hit_rate": 0.9375,
      "avg_pnl_per_match": 2.937499999999996,
      "avg_capital_per_match": 38.0625,
      "roi_pct_per_trade": 7.717569786535293,
      "dpd_baby": 0.16785714285714265,
      "dpd_25ct": 0.41964285714285665,
      "dpd_80ct": 1.3428571428571412,
      "fire_pnl": 85.49999999999993,
      "miss_pnl": -38.5
    },
    "20": {
      "total_pnl_cents": 75.5,
      "total_capital_cents": 609.0,
      "hits": 15,
      "hit_rate": 0.9375,
      "avg_pnl_per_match": 4.71875,
      "avg_capital_per_match": 38.0625,
      "roi_pct_per_trade": 12.397372742200329,
      "dpd_baby": 0.26964285714285713,
      "dpd_25ct": 0.6741071428571428,
      "dpd_80ct": 2.157142857142857,
      "fire_pnl": 114.0,
      "miss_pnl": -38.5
    },
    "25": {
      "total_pnl_cents": 57.0,
      "total_capital_cents": 609.0,
      "hits": 14,
      "hit_rate": 0.875,
      "avg_pnl_per_match": 3.5625,
      "avg_capital_per_match": 38.0625,
      "roi_pct_per_trade": 9.35960591133005,
      "dpd_baby": 0.20357142857142857,
      "dpd_25ct": 0.5089285714285714,
      "dpd_80ct": 1.6285714285714286,
      "fire_pnl": 133.0,
      "miss_pnl": -76.0
    },
    "30": {
      "total_pnl_cents": 34.70000000000001,
      "total_capital_cents": 609.0,
      "hits": 13,
      "hit_rate": 0.8125,
      "avg_pnl_per_match": 2.1687500000000006,
      "avg_capital_per_match": 38.0625,
      "roi_pct_per_trade": 5.697865353037768,
      "dpd_baby": 0.12392857142857147,
      "dpd_25ct": 0.3098214285714287,
      "dpd_80ct": 0.9914285714285718,
      "fire_pnl": 148.20000000000002,
      "miss_pnl": -113.5
    },
    "35": {
      "total_pnl_cents": 7.25000000000005,
      "total_capital_cents": 609.0,
      "hits": 12,
      "hit_rate": 0.75,
      "avg_pnl_per_match": 0.4531250000000031,
      "avg_capital_per_match": 38.0625,
      "roi_pct_per_trade": 1.1904761904761987,
      "dpd_baby": 0.02589285714285732,
      "dpd_25ct": 0.06473214285714331,
      "dpd_80ct": 0.20714285714285857,
      "fire_pnl": 159.25000000000006,
      "miss_pnl": -152.0
    },
    "40": {
      "total_pnl_cents": 29.99999999999995,
      "total_capital_cents": 609.0,
      "hits": 12,
      "hit_rate": 0.75,
      "avg_pnl_per_match": 1.874999999999997,
      "avg_capital_per_match": 38.0625,
      "roi_pct_per_trade": 4.926108374384229,
      "dpd_baby": 0.10714285714285696,
      "dpd_25ct": 0.2678571428571424,
      "dpd_80ct": 0.8571428571428557,
      "fire_pnl": 181.99999999999994,
      "miss_pnl": -152.0
    },
    "50": {
      "total_pnl_cents": 75.5,
      "total_capital_cents": 609.0,
      "hits": 12,
      "hit_rate": 0.75,
      "avg_pnl_per_match": 4.71875,
      "avg_capital_per_match": 38.0625,
      "roi_pct_per_trade": 12.397372742200329,
      "dpd_baby": 0.26964285714285713,
      "dpd_25ct": 0.6741071428571428,
      "dpd_80ct": 2.157142857142857,
      "fire_pnl": 227.5,
      "miss_pnl": -152.0
    },
    "60": {
      "total_pnl_cents": 121.00000000000007,
      "total_capital_cents": 609.0,
      "hits": 12,
      "hit_rate": 0.75,
      "avg_pnl_per_match": 7.562500000000004,
      "avg_capital_per_match": 38.0625,
      "roi_pct_per_trade": 19.868637110016433,
      "dpd_baby": 0.4321428571428574,
      "dpd_25ct": 1.0803571428571435,
      "dpd_80ct": 3.457142857142859,
      "fire_pnl": 273.00000000000006,
      "miss_pnl": -152.0
    },
    "75": {
      "total_pnl_cents": 125.0,
      "total_capital_cents": 609.0,
      "hits": 11,
      "hit_rate": 0.6875,
      "avg_pnl_per_match": 7.8125,
      "avg_capital_per_match": 38.0625,
      "roi_pct_per_trade": 20.525451559934318,
      "dpd_baby": 0.44642857142857145,
      "dpd_25ct": 1.1160714285714286,
      "dpd_80ct": 3.5714285714285716,
      "fire_pnl": 313.5,
      "miss_pnl": -188.5
    },
    "100": {
      "total_pnl_cents": 5.0,
      "total_capital_cents": 609.0,
      "hits": 8,
      "hit_rate": 0.5,
      "avg_pnl_per_match": 0.3125,
      "avg_capital_per_match": 38.0625,
      "roi_pct_per_trade": 0.8210180623973727,
      "dpd_baby": 0.017857142857142856,
      "dpd_25ct": 0.04464285714285714,
      "dpd_80ct": 0.14285714285714285,
      "fire_pnl": 305.0,
      "miss_pnl": -300.0
    },
    "125": {
      "total_pnl_cents": -88.75,
      "total_capital_cents": 609.0,
      "hits": 6,
      "hit_rate": 0.375,
      "avg_pnl_per_match": -5.546875,
      "avg_capital_per_match": 38.0625,
      "roi_pct_per_trade": -14.573070607553365,
      "dpd_baby": -0.3169642857142857,
      "dpd_25ct": -0.7924107142857142,
      "dpd_80ct": -2.5357142857142856,
      "fire_pnl": 286.25,
      "miss_pnl": -375.0
    },
    "150": {
      "total_pnl_cents": -218.0,
      "total_capital_cents": 609.0,
      "hits": 4,
      "hit_rate": 0.25,
      "avg_pnl_per_match": -13.625,
      "avg_capital_per_match": 38.0625,
      "roi_pct_per_trade": -35.79638752052545,
      "dpd_baby": -0.7785714285714286,
      "dpd_25ct": -1.9464285714285714,
      "dpd_80ct": -6.228571428571429,
      "fire_pnl": 231.0,
      "miss_pnl": -449.0
    },
    "200": {
      "total_pnl_cents": -304.0,
      "total_capital_cents": 609.0,
      "hits": 0,
      "hit_rate": 0.0,
      "avg_pnl_per_match": -19.0,
      "avg_capital_per_match": 38.0625,
      "roi_pct_per_trade": -49.917898193760266,
      "dpd_baby": -1.0857142857142856,
      "dpd_25ct": -2.714285714285714,
      "dpd_80ct": -8.685714285714285,
      "fire_pnl": 0,
      "miss_pnl": -304.0
    },
    "250": {
      "total_pnl_cents": -304.0,
      "total_capital_cents": 609.0,
      "hits": 0,
      "hit_rate": 0.0,
      "avg_pnl_per_match": -19.0,
      "avg_capital_per_match": 38.0625,
      "roi_pct_per_trade": -49.917898193760266,
      "dpd_baby": -1.0857142857142856,
      "dpd_25ct": -2.714285714285714,
      "dpd_80ct": -8.685714285714285,
      "fire_pnl": 0,