{
  "n_matches": 24,
  "avg_entry": 37.916666666666664,
  "n_wins": 5,
  "hold_pnl_total": -403.0,
  "hold_capital_total": 910.0,
  "hold_roi_pct": -44.285714285714285,
  "by_roi": {
    "5": {
      "total_pnl_cents": 45.49999999999998,
      "total_capital_cents": 910.0,
      "hits": 24,
      "hit_rate": 1.0,
      "avg_pnl_per_match": 1.8958333333333324,
      "avg_capital_per_match": 37.916666666666664,
      "roi_pct_per_trade": 4.999999999999998,
      "dpd_baby": 0.16249999999999992,
      "dpd_25ct": 0.4062499999999998,
      "dpd_80ct": 1.2999999999999994,
      "fire_pnl": 45.49999999999998,
      "miss_pnl": 0
    },
    "7": {
      "total_pnl_cents": 63.70000000000009,
      "total_capital_cents": 910.0,
      "hits": 24,
      "hit_rate": 1.0,
      "avg_pnl_per_match": 2.6541666666666703,
      "avg_capital_per_match": 37.916666666666664,
      "roi_pct_per_trade": 7.00000000000001,
      "dpd_baby": 0.2275000000000003,
      "dpd_25ct": 0.5687500000000008,
      "dpd_80ct": 1.8200000000000025,
      "fire_pnl": 63.70000000000009,
      "miss_pnl": 0
    },
    "10": {
      "total_pnl_cents": 91.00000000000014,
      "total_capital_cents": 910.0,
      "hits": 24,
      "hit_rate": 1.0,
      "avg_pnl_per_match": 3.7916666666666727,
      "avg_capital_per_match": 37.916666666666664,
      "roi_pct_per_trade": 10.000000000000016,
      "dpd_baby": 0.3250000000000005,
      "dpd_25ct": 0.8125000000000013,
      "dpd_80ct": 2.600000000000004,
      "fire_pnl": 91.00000000000014,
      "miss_pnl": 0
    },
    "12": {
      "total_pnl_cents": 109.20000000000007,
      "total_capital_cents": 910.0,
      "hits": 24,
      "hit_rate": 1.0,
      "avg_pnl_per_match": 4.550000000000003,
      "avg_capital_per_match": 37.916666666666664,
      "roi_pct_per_trade": 12.000000000000009,
      "dpd_baby": 0.39000000000000024,
      "dpd_25ct": 0.9750000000000005,
      "dpd_80ct": 3.120000000000002,
      "fire_pnl": 109.20000000000007,
      "miss_pnl": 0
    },
    "15": {
      "total_pnl_cents": 136.49999999999983,
      "total_capital_cents": 910.0,
      "hits": 24,
      "hit_rate": 1.0,
      "avg_pnl_per_match": 5.687499999999993,
      "avg_capital_per_match": 37.916666666666664,
      "roi_pct_per_trade": 14.999999999999982,
      "dpd_baby": 0.4874999999999994,
      "dpd_25ct": 1.2187499999999984,
      "dpd_80ct": 3.899999999999995,
      "fire_pnl": 136.49999999999983,
      "miss_pnl": 0
    },
    "20": {
      "total_pnl_cents": 136.89999999999995,
      "total_capital_cents": 910.0,
      "hits": 23,
      "hit_rate": 0.9583333333333334,
      "avg_pnl_per_match": 5.704166666666665,
      "avg_capital_per_match": 37.916666666666664,
      "roi_pct_per_trade": 15.043956043956038,
      "dpd_baby": 0.48892857142857127,
      "dpd_25ct": 1.2223214285714281,
      "dpd_80ct": 3.91142857142857,
      "fire_pnl": 174.39999999999992,
      "miss_pnl": -37.5
    },
    "25": {
      "total_pnl_cents": 134.75,
      "total_capital_cents": 910.0,
      "hits": 22,
      "hit_rate": 0.9166666666666666,
      "avg_pnl_per_match": 5.614583333333333,
      "avg_capital_per_match": 37.916666666666664,
      "roi_pct_per_trade": 14.807692307692308,
      "dpd_baby": 0.48125,
      "dpd_25ct": 1.203125,
      "dpd_80ct": 3.85,
      "fire_pnl": 208.75,
      "miss_pnl": -74.0
    },
    "30": {
      "total_pnl_cents": 176.50000000000006,
      "total_capital_cents": 910.0,
      "hits": 22,
      "hit_rate": 0.9166666666666666,
      "avg_pnl_per_match": 7.354166666666669,
      "avg_capital_per_match": 37.916666666666664,
      "roi_pct_per_trade": 19.395604395604405,
      "dpd_baby": 0.6303571428571431,
      "dpd_25ct": 1.5758928571428577,
      "dpd_80ct": 5.0428571428571445,
      "fire_pnl": 250.50000000000006,
      "miss_pnl": -74.0
    },
    "35": {
      "total_pnl_cents": 65.85000000000008,
      "total_capital_cents": 910.0,
      "hits": 19,
      "hit_rate": 0.7916666666666666,
      "avg_pnl_per_match": 2.7437500000000035,
      "avg_capital_per_match": 37.916666666666664,
      "roi_pct_per_trade": 7.236263736263745,
      "dpd_baby": 0.2351785714285717,
      "dpd_25ct": 0.5879464285714293,
      "dpd_80ct": 1.8814285714285737,
      "fire_pnl": 252.35000000000016,
      "miss_pnl": -186.5
    },
    "40": {
      "total_pnl_cents": 49.19999999999993,
      "total_capital_cents": 910.0,
      "hits": 18,
      "hit_rate": 0.75,
      "avg_pnl_per_match": 2.049999999999997,
      "avg_capital_per_match": 37.916666666666664,
      "roi_pct_per_trade": 5.406593406593399,
      "dpd_baby": 0.17571428571428546,
      "dpd_25ct": 0.43928571428571367,
      "dpd_80ct": 1.4057142857142837,
      "fire_pnl": 273.1999999999999,
      "miss_pnl": -224.0
    },
    "50": {
      "total_pnl_cents": -52.0,
      "total_capital_cents": 910.0,
      "hits": 15,
      "hit_rate": 0.625,
      "avg_pnl_per_match": -2.1666666666666665,
      "avg_capital_per_match": 37.916666666666664,
      "roi_pct_per_trade": -5.714285714285714,
      "dpd_baby": -0.18571428571428572,
      "dpd_25ct": -0.4642857142857143,
      "dpd_80ct": -1.4857142857142858,
      "fire_pnl": 284.5,
      "miss_pnl": -336.5
    },
    "60": {
      "total_pnl_cents": -115.6999999999999,
      "total_capital_cents": 910.0,
      "hits": 13,
      "hit_rate": 0.5416666666666666,
      "avg_pnl_per_match": -4.820833333333329,
      "avg_capital_per_match": 37.916666666666664,
      "roi_pct_per_trade": -12.714285714285705,
      "dpd_baby": -0.4132142857142854,
      "dpd_25ct": -1.0330357142857136,
      "dpd_80ct": -3.3057142857142834,
      "fire_pnl": 295.80000000000007,
      "miss_pnl": -411.5
    },
    "75": {
      "total_pnl_cents": -107.75,
      "total_capital_cents": 910.0,
      "hits": 12,
      "hit_rate": 0.5,
      "avg_pnl_per_match": -4.489583333333333,
      "avg_capital_per_match": 37.916666666666664,
      "roi_pct_per_trade": -11.840659340659341,
      "dpd_baby": -0.3848214285714286,
      "dpd_25ct": -0.9620535714285715,
      "dpd_80ct": -3.0785714285714287,
      "fire_pnl": 341.25,
      "miss_pnl": -449.0
    },
    "100": {
      "total_pnl_cents": -145.0,
      "total_capital_cents": 910.0,
      "hits": 10,
      "hit_rate": 0.4166666666666667,
      "avg_pnl_per_match": -6.041666666666667,
      "avg_capital_per_match": 37.916666666666664,
      "roi_pct_per_trade": -15.934065934065934,
      "dpd_baby": -0.5178571428571429,
      "dpd_25ct": -1.2946428571428572,
      "dpd_80ct": -4.142857142857143,
      "fire_pnl": 379.0,
      "miss_pnl": -524.0
    },
    "125": {
      "total_pnl_cents": -220.25,
      "total_capital_cents": 910.0,
      "hits": 8,
      "hit_rate": 0.3333333333333333,
      "avg_pnl_per_match": -9.177083333333334,
      "avg_capital_per_match": 37.916666666666664,
      "roi_pct_per_trade": -24.203296703296704,
      "dpd_baby": -0.7866071428571428,
      "dpd_25ct": -1.9665178571428572,
      "dpd_80ct": -6.292857142857143,
      "fire_pnl": 378.75,
      "miss_pnl": -599.0
    },
    "150": {
      "total_pnl_cents": -234.5,
      "total_capital_cents": 910.0,
      "hits": 6,
      "hit_rate": 0.25,
      "avg_pnl_per_match": -9.770833333333334,
      "avg_capital_per_match": 37.916666666666664,
      "roi_pct_per_trade": -25.76923076923077,
      "dpd_baby": -0.8375,
      "dpd_25ct": -2.09375,
      "dpd_80ct": -6.7,
      "fire_pnl": 340.5,
      "miss_pnl": -575.0
    },
    "200": {
      "total_pnl_cents": -403.0,
      "total_capital_cents": 910.0,
      "hits": 0,
      "hit_rate": 0.0,
      "avg_pnl_per_match": -16.791666666666668,
      "avg_capital_per_match": 37.916666666666664,
      "roi_pct_per_trade": -44.285714285714285,
      "dpd_baby": -1.4392857142857143,
      "dpd_25ct": -3.5982142857142856,
      "dpd_80ct": -11.514285714285714,
      "fire_pnl": 0,
      "miss_pnl": -403.0
    },
    "250": {
      "total_pnl_cents": -403.0,
      "total_capital_cents": 910.0,
      "hits": 0,