{
  "n_matches": 17,
  "avg_entry": 77.82352941176471,
  "n_wins": 13,
  "hold_pnl_total": -27.5,
  "hold_capital_total": 1323.0,
  "hold_roi_pct": -2.0786092214663645,
  "by_roi": {
    "5": {
      "total_pnl_cents": 66.1500000000001,
      "total_capital_cents": 1323.0,
      "hits": 17,
      "hit_rate": 1.0,
      "avg_pnl_per_match": 3.8911764705882415,
      "avg_capital_per_match": 77.82352941176471,
      "roi_pct_per_trade": 5.000000000000008,
      "dpd_baby": 0.23625000000000035,
      "dpd_25ct": 0.5906250000000008,
      "dpd_80ct": 1.8900000000000028,
      "fire_pnl": 66.1500000000001,
      "miss_pnl": 0
    },
    "7": {
      "total_pnl_cents": 8.580000000000098,
      "total_capital_cents": 1323.0,
      "hits": 16,
      "hit_rate": 0.9411764705882353,
      "avg_pnl_per_match": 0.5047058823529469,
      "avg_capital_per_match": 77.82352941176471,
      "roi_pct_per_trade": 0.6485260770975131,
      "dpd_baby": 0.030642857142857492,
      "dpd_25ct": 0.07660714285714373,
      "dpd_80ct": 0.24514285714285994,
      "fire_pnl": 87.0800000000001,
      "miss_pnl": -78.5
    },
    "10": {
      "total_pnl_cents": 45.90000000000015,
      "total_capital_cents": 1323.0,
      "hits": 16,
      "hit_rate": 0.9411764705882353,
      "avg_pnl_per_match": 2.7000000000000086,
      "avg_capital_per_match": 77.82352941176471,
      "roi_pct_per_trade": 3.4693877551020518,
      "dpd_baby": 0.16392857142857195,
      "dpd_25ct": 0.4098214285714299,
      "dpd_80ct": 1.3114285714285756,
      "fire_pnl": 124.40000000000015,
      "miss_pnl": -78.5
    },
    "12": {
      "total_pnl_cents": 70.7800000000002,
      "total_capital_cents": 1323.0,
      "hits": 16,
      "hit_rate": 0.9411764705882353,
      "avg_pnl_per_match": 4.163529411764718,
      "avg_capital_per_match": 77.82352941176471,
      "roi_pct_per_trade": 5.349962207105079,
      "dpd_baby": 0.252785714285715,
      "dpd_25ct": 0.6319642857142875,
      "dpd_80ct": 2.02228571428572,
      "fire_pnl": 149.2800000000002,
      "miss_pnl": -78.5
    },
    "15": {
      "total_pnl_cents": 108.09999999999985,
      "total_capital_cents": 1323.0,
      "hits": 16,
      "hit_rate": 0.9411764705882353,
      "avg_pnl_per_match": 6.358823529411756,
      "avg_capital_per_match": 77.82352941176471,
      "roi_pct_per_trade": 8.170823885109588,
      "dpd_baby": 0.38607142857142807,
      "dpd_25ct": 0.9651785714285701,
      "dpd_80ct": 3.0885714285714245,
      "fire_pnl": 186.59999999999985,
      "miss_pnl": -78.5
    },
    "20": {
      "total_pnl_cents": 170.2999999999999,
      "total_capital_cents": 1323.0,
      "hits": 16,
      "hit_rate": 0.9411764705882353,
      "avg_pnl_per_match": 10.017647058823524,
      "avg_capital_per_match": 77.82352941176471,
      "roi_pct_per_trade": 12.87226001511715,
      "dpd_baby": 0.6082142857142854,
      "dpd_25ct": 1.5205357142857134,
      "dpd_80ct": 4.865714285714283,
      "fire_pnl": 248.79999999999993,
      "miss_pnl": -78.5
    },
    "25": {
      "total_pnl_cents": 232.5,
      "total_capital_cents": 1323.0,
      "hits": 16,
      "hit_rate": 0.9411764705882353,
      "avg_pnl_per_match": 13.676470588235293,
      "avg_capital_per_match": 77.82352941176471,
      "roi_pct_per_trade": 17.573696145124718,
      "dpd_baby": 0.8303571428571429,
      "dpd_25ct": 2.075892857142857,
      "dpd_80ct": 6.642857142857143,
      "fire_pnl": 311.0,
      "miss_pnl": -78.5
    },
    "30": {
      "total_pnl_cents": -28.0,
      "total_capital_cents": 1323.0,
      "hits": 1,
      "hit_rate": 0.058823529411764705,
      "avg_pnl_per_match": -1.6470588235294117,
      "avg_capital_per_match": 77.82352941176471,
      "roi_pct_per_trade": -2.1164021164021163,
      "dpd_baby": -0.09999999999999999,
      "dpd_25ct": -0.24999999999999997,
      "dpd_80ct": -0.7999999999999999,
      "fire_pnl": 22.0,
      "miss_pnl": -50.0
    },
    "35": {
      "total_pnl_cents": -28.0,
      "total_capital_cents": 1323.0,
      "hits": 1,
      "hit_rate": 0.058823529411764705,
      "avg_pnl_per_match": -1.6470588235294117,
      "avg_capital_per_match": 77.82352941176471,
      "roi_pct_per_trade": -2.1164021164021163,
      "dpd_baby": -0.09999999999999999,
      "dpd_25ct": -0.24999999999999997,
      "dpd_80ct": -0.7999999999999999,
      "fire_pnl": 22.0,
      "miss_pnl": -50.0
    },
    "40": {
      "total_pnl_cents": -28.0,
      "total_capital_cents": 1323.0,
      "hits": 1,
      "hit_rate": 0.058823529411764705,
      "avg_pnl_per_match": -1.6470588235294117,
      "avg_capital_per_match": 77.82352941176471,
      "roi_pct_per_trade": -2.1164021164021163,
      "dpd_baby": -0.09999999999999999,
      "dpd_25ct": -0.24999999999999997,
      "dpd_80ct": -0.7999999999999999,
      "fire_pnl": 22.0,
      "miss_pnl": -50.0
    },
    "50": {
      "total_pnl_cents": -28.0,
      "total_capital_cents": 1323.0,
      "hits": 1,
      "hit_rate": 0.058823529411764705,
      "avg_pnl_per_match": -1.6470588235294117,
      "avg_capital_per_match": 77.82352941176471,
      "roi_pct_per_trade": -2.1164021164021163,
      "dpd_baby": -0.09999999999999999,
      "dpd_25ct": -0.24999999999999997,
      "dpd_80ct": -0.7999999999999999,
      "fire_pnl": 22.0,
      "miss_pnl": -50.0
    },
    "60": {
      "total_pnl_cents": -28.0,
      "total_capital_cents": 1323.0,
      "hits": 1,
      "hit_rate": 0.058823529411764705,
      "avg_pnl_per_match": -1.6470588235294117,
      "avg_capital_per_match": 77.82352941176471,
      "roi_pct_per_trade": -2.1164021164021163,
      "dpd_baby": -0.09999999999999999,
      "dpd_25ct": -0.24999999999999997,
      "dpd_80ct": -0.7999999999999999,
      "fire_pnl": 22.0,
      "miss_pnl": -50.0
    },
    "75": {
      "total_pnl_cents": -28.0,
      "total_capital_cents": 1323.0,
      "hits": 1,
      "hit_rate": 0.058823529411764705,
      "avg_pnl_per_match": -1.6470588235294117,
      "avg_capital_per_match": 77.82352941176471,
      "roi_pct_per_trade": -2.1164021164021163,
      "dpd_baby": -0.09999999999999999,
      "dpd_25ct": -0.24999999999999997,
      "dpd_80ct": -0.7999999999999999,
      "fire_pnl": 22.0,
      "miss_pnl": -50.0
    },
    "100": {
      "total_pnl_cents": -28.0,
      "total_capital_cents": 1323.0,
      "hits": 1,
      "hit_rate": 0.058823529411764705,
      "avg_pnl_per_match": -1.6470588235294117,
      "avg_capital_per_match": 77.82352941176471,
      "roi_pct_per_trade": -2.1164021164021163,
      "dpd_baby": -0.09999999999999999,
      "dpd_25ct": -0.24999999999999997,
      "dpd_80ct": -0.7999999999999999,
      "fire_pnl": 22.0,
      "miss_pnl": -50.0
    },
    "125": {
      "total_pnl_cents": -28.0,
      "total_capital_cents": 1323.0,
      "hits": 1,
      "hit_rate": 0.058823529411764705,
      "avg_pnl_per_match": -1.6470588235294117,
      "avg_capital_per_match": 77.82352941176471,
      "roi_pct_per_trade": -2.1164021164021163,
      "dpd_baby": -0.09999999999999999,
      "dpd_25ct": -0.24999999999999997,
      "dpd_80ct": -0.7999999999999999,
      "fire_pnl": 22.0,
      "miss_pnl": -50.0
    },
    "150": {
      "total_pnl_cents": -28.0,
      "total_capital_cents": 1323.0,
      "hits": 1,
      "hit_rate": 0.058823529411764705,
      "avg_pnl_per_match": -1.6470588235294117,
      "avg_capital_per_match": 77.82352941176471,
      "roi_pct_per_trade": -2.1164021164021163,
      "dpd_baby": -0.09999999999999999,
      "dpd_25ct": -0.24999999999999997,
      "dpd_80ct": -0.7999999999999999,
      "fire_pnl": 22.0,
      "miss_pnl": -50.0
    },
    "200": {
      "total_pnl_cents": -28.0,
      "total_capital_cents": 1323.0,
      "hits": 1,
      "hit_rate": 0.058823529411764705,
      "avg_pnl_per_match": -1.6470588235294117,
      "avg_capital_per_match": 77.82352941176471,
      "roi_pct_per_trade": -2.1164021164021163,
      "dpd_baby": -0.09999999999999999,
      "dpd_25ct": -0.24999999999999997,
      "dpd_80ct": -0.7999999999999999,