{
  "n_matches": 9,
  "avg_entry": 70.55555555555556,
  "n_wins": 4,
  "hold_pnl_total": -234.5,
  "hold_capital_total": 635.0,
  "hold_roi_pct": -36.92913385826772,
  "by_roi": {
    "5": {
      "total_pnl_cents": 31.750000000000014,
      "total_capital_cents": 635.0,
      "hits": 9,
      "hit_rate": 1.0,
      "avg_pnl_per_match": 3.5277777777777795,
      "avg_capital_per_match": 70.55555555555556,
      "roi_pct_per_trade": 5.000000000000002,
      "dpd_baby": 0.11339285714285718,
      "dpd_25ct": 0.28348214285714296,
      "dpd_80ct": 0.9071428571428575,
      "fire_pnl": 31.750000000000014,
      "miss_pnl": 0
    },
    "7": {
      "total_pnl_cents": 44.450000000000045,
      "total_capital_cents": 635.0,
      "hits": 9,
      "hit_rate": 1.0,
      "avg_pnl_per_match": 4.9388888888888935,
      "avg_capital_per_match": 70.55555555555556,
      "roi_pct_per_trade": 7.000000000000007,
      "dpd_baby": 0.15875000000000017,
      "dpd_25ct": 0.3968750000000004,
      "dpd_80ct": 1.2700000000000014,
      "fire_pnl": 44.450000000000045,
      "miss_pnl": 0
    },
    "10": {
      "total_pnl_cents": -12.999999999999986,
      "total_capital_cents": 635.0,
      "hits": 8,
      "hit_rate": 0.8888888888888888,
      "avg_pnl_per_match": -1.4444444444444429,
      "avg_capital_per_match": 70.55555555555556,
      "roi_pct_per_trade": -2.0472440944881867,
      "dpd_baby": -0.046428571428571375,
      "dpd_25ct": -0.11607142857142844,
      "dpd_80ct": -0.371428571428571,
      "fire_pnl": 56.500000000000014,
      "miss_pnl": -69.5
    },
    "12": {
      "total_pnl_cents": -1.6999999999999318,
      "total_capital_cents": 635.0,
      "hits": 8,
      "hit_rate": 0.8888888888888888,
      "avg_pnl_per_match": -0.1888888888888813,
      "avg_capital_per_match": 70.55555555555556,
      "roi_pct_per_trade": -0.2677165354330601,
      "dpd_baby": -0.006071428571428328,
      "dpd_25ct": -0.01517857142857082,
      "dpd_80ct": -0.04857142857142662,
      "fire_pnl": 67.80000000000007,
      "miss_pnl": -69.5
    },
    "15": {
      "total_pnl_cents": 15.249999999999986,
      "total_capital_cents": 635.0,
      "hits": 8,
      "hit_rate": 0.8888888888888888,
      "avg_pnl_per_match": 1.6944444444444429,
      "avg_capital_per_match": 70.55555555555556,
      "roi_pct_per_trade": 2.4015748031496043,
      "dpd_baby": 0.054464285714285667,
      "dpd_25ct": 0.13616071428571416,
      "dpd_80ct": 0.43571428571428533,
      "fire_pnl": 84.74999999999999,
      "miss_pnl": -69.5
    },
    "20": {
      "total_pnl_cents": 43.499999999999986,
      "total_capital_cents": 635.0,
      "hits": 8,
      "hit_rate": 0.8888888888888888,
      "avg_pnl_per_match": 4.833333333333332,
      "avg_capital_per_match": 70.55555555555556,
      "roi_pct_per_trade": 6.850393700787398,
      "dpd_baby": 0.1553571428571428,
      "dpd_25ct": 0.388392857142857,
      "dpd_80ct": 1.2428571428571424,
      "fire_pnl": 112.99999999999999,
      "miss_pnl": -69.5
    },
    "25": {
      "total_pnl_cents": -15.25,
      "total_capital_cents": 635.0,
      "hits": 7,
      "hit_rate": 0.7777777777777778,
      "avg_pnl_per_match": -1.6944444444444444,
      "avg_capital_per_match": 70.55555555555556,
      "roi_pct_per_trade": -2.4015748031496065,
      "dpd_baby": -0.05446428571428571,
      "dpd_25ct": -0.13616071428571427,
      "dpd_80ct": -0.43571428571428567,
      "fire_pnl": 123.75,
      "miss_pnl": -139.0
    },
    "30": {
      "total_pnl_cents": 9.500000000000014,
      "total_capital_cents": 635.0,
      "hits": 7,
      "hit_rate": 0.7777777777777778,
      "avg_pnl_per_match": 1.0555555555555571,
      "avg_capital_per_match": 70.55555555555556,
      "roi_pct_per_trade": 1.4960629921259865,
      "dpd_baby": 0.03392857142857148,
      "dpd_25ct": 0.0848214285714287,
      "dpd_80ct": 0.27142857142857185,
      "fire_pnl": 148.5,
      "miss_pnl": -139.0
    },
    "35": {
      "total_pnl_cents": -62.44999999999999,
      "total_capital_cents": 635.0,
      "hits": 6,
      "hit_rate": 0.6666666666666666,
      "avg_pnl_per_match": -6.938888888888887,
      "avg_capital_per_match": 70.55555555555556,
      "roi_pct_per_trade": -9.834645669291337,
      "dpd_baby": -0.22303571428571425,
      "dpd_25ct": -0.5575892857142857,
      "dpd_80ct": -1.784285714285714,
      "fire_pnl": 148.05,
      "miss_pnl": -210.5
    },
    "40": {
      "total_pnl_cents": -239.0,
      "total_capital_cents": 635.0,
      "hits": 3,
      "hit_rate": 0.3333333333333333,
      "avg_pnl_per_match": -26.555555555555557,
      "avg_capital_per_match": 70.55555555555556,
      "roi_pct_per_trade": -37.63779527559055,
      "dpd_baby": -0.8535714285714285,
      "dpd_25ct": -2.133928571428571,
      "dpd_80ct": -6.828571428571428,
      "fire_pnl": 84.0,
      "miss_pnl": -323.0
    },
    "50": {
      "total_pnl_cents": -234.5,
      "total_capital_cents": 635.0,
      "hits": 0,
      "hit_rate": 0.0,
      "avg_pnl_per_match": -26.055555555555557,
      "avg_capital_per_match": 70.55555555555556,
      "roi_pct_per_trade": -36.92913385826772,
      "dpd_baby": -0.8375,
      "dpd_25ct": -2.09375,
      "dpd_80ct": -6.7,
      "fire_pnl": 0,
      "miss_pnl": -234.5
    },
    "60": {
      "total_pnl_cents": -234.5,
      "total_capital_cents": 635.0,
      "hits": 0,
      "hit_rate": 0.0,
      "avg_pnl_per_match": -26.055555555555557,
      "avg_capital_per_match": 70.55555555555556,
      "roi_pct_per_trade": -36.92913385826772,
      "dpd_baby": -0.8375,
      "dpd_25ct": -2.09375,
      "dpd_80ct": -6.7,
      "fire_pnl": 0,
      "miss_pnl": -234.5
    },
    "75": {
      "total_pnl_cents": -234.5,
      "total_capital_cents": 635.0,
      "hits": 0,
      "hit_rate": 0.0,
      "avg_pnl_per_match": -26.055555555555557,
      "avg_capital_per_match": 70.55555555555556,
      "roi_pct_per_trade": -36.92913385826772,
      "dpd_baby": -0.8375,
      "dpd_25ct": -2.09375,
      "dpd_80ct": -6.7,
      "fire_pnl": 0,
      "miss_pnl": -234.5
    },
    "100": {
      "total_pnl_cents": -234.5,
      "total_capital_cents": 635.0,
      "hits": 0,
      "hit_rate": 0.0,
      "avg_pnl_per_match": -26.055555555555557,
      "avg_capital_per_match": 70.55555555555556,
      "roi_pct_per_trade": -36.92913385826772,
      "dpd_baby": -0.8375,
      "dpd_25ct": -2.09375,
      "dpd_80ct": -6.7,
      "fire_pnl": 0,
      "miss_pnl": -234.5
    },
    "125": {
      "total_pnl_cents": -234.5,
      "total_capital_cents": 635.0,
      "hits": 0,
      "hit_rate": 0.0,
      "avg_pnl_per_match": -26.055555555555557,
      "avg_capital_per_match": 70.55555555555556,
      "roi_pct_per_trade": -36.92913385826772,
      "dpd_baby": -0.8375,
      "dpd_25ct": -2.09375,
      "dpd_80ct": -6.7,
      "fire_pnl": 0,
      "miss_pnl": -234.5
    },
    "150": {
      "total_pnl_cents": -234.5,
      "total_capital_cents": 635.0,
      "hits": 0,
      "hit_rate": 0.0,
      "avg_pnl_per_match": -26.055555555555557,
      "avg_capital_per_match": 70.55555555555556,
      "roi_pct_per_trade": -36.92913385826772,
      "dpd_baby": -0.8375,
      "dpd_25ct": -2.09375,
      "dpd_80ct": -6.7,
      "fire_pnl": 0,
      "miss_pnl": -234.5
    },
    "200": {
      "total_pnl_cents": -234.5,
      "total_capital_cents": 635.0,
      "hits": 0,
      "hit_rate": 0.0,
      "avg_pnl_per_match": -26.055555555555557,
      "avg_capital_per_match": 70.55555555555556,
      "roi_pct_per_trade": -36.92913385826772,
      "dpd_baby": -0.8375,
      "dpd_25ct": -2.09375,
      "dpd_80ct": -6.7,
      "fire_pnl": 0,
      "miss_pnl": -234.5
    },
    "250": {
      "total_pnl_cents": -234.5,
      "total_capital_cents": 635.0,
      "hits": 0,
      "hit_rate": 0.0,
      "avg_pnl_per_match": -26.055555555555557,
      "avg_capital_per_match": 70.55555555555556,
      "roi_pct_per_trade": -36.92913385826772,
      "dpd_baby": -0.8375,
      "dpd_25ct": -2.09375,
      "dpd_80ct": -6.7,