{
  "n_matches": 24,
  "avg_entry": 26.666666666666668,
  "n_wins": 5,
  "hold_pnl_total": -133.0,
  "hold_capital_total": 640.0,
  "hold_roi_pct": -20.78125,
  "by_roi": {
    "5": {
      "total_pnl_cents": 5.200000000000028,
      "total_capital_cents": 640.0,
      "hits": 23,
      "hit_rate": 0.9583333333333334,
      "avg_pnl_per_match": 0.2166666666666678,
      "avg_capital_per_match": 26.666666666666668,
      "roi_pct_per_trade": 0.8125000000000042,
      "dpd_baby": 0.018571428571428673,
      "dpd_25ct": 0.04642857142857168,
      "dpd_80ct": 0.14857142857142938,
      "fire_pnl": 30.700000000000028,
      "miss_pnl": -25.5
    },
    "7": {
      "total_pnl_cents": 17.48000000000001,
      "total_capital_cents": 640.0,
      "hits": 23,
      "hit_rate": 0.9583333333333334,
      "avg_pnl_per_match": 0.7283333333333338,
      "avg_capital_per_match": 26.666666666666668,
      "roi_pct_per_trade": 2.731250000000002,
      "dpd_baby": 0.06242857142857148,
      "dpd_25ct": 0.1560714285714287,
      "dpd_80ct": 0.49942857142857183,
      "fire_pnl": 42.98000000000001,
      "miss_pnl": -25.5
    },
    "10": {
      "total_pnl_cents": 35.900000000000055,
      "total_capital_cents": 640.0,
      "hits": 23,
      "hit_rate": 0.9583333333333334,
      "avg_pnl_per_match": 1.4958333333333356,
      "avg_capital_per_match": 26.666666666666668,
      "roi_pct_per_trade": 5.609375000000009,
      "dpd_baby": 0.12821428571428592,
      "dpd_25ct": 0.3205357142857148,
      "dpd_80ct": 1.0257142857142874,
      "fire_pnl": 61.400000000000055,
      "miss_pnl": -25.5
    },
    "12": {
      "total_pnl_cents": 48.18000000000008,
      "total_capital_cents": 640.0,
      "hits": 23,
      "hit_rate": 0.9583333333333334,
      "avg_pnl_per_match": 2.0075000000000034,
      "avg_capital_per_match": 26.666666666666668,
      "roi_pct_per_trade": 7.528125000000013,
      "dpd_baby": 0.17207142857142885,
      "dpd_25ct": 0.43017857142857213,
      "dpd_80ct": 1.3765714285714308,
      "fire_pnl": 73.68000000000008,
      "miss_pnl": -25.5
    },
    "15": {
      "total_pnl_cents": 34.89999999999995,
      "total_capital_cents": 640.0,
      "hits": 22,
      "hit_rate": 0.9166666666666666,
      "avg_pnl_per_match": 1.4541666666666646,
      "avg_capital_per_match": 26.666666666666668,
      "roi_pct_per_trade": 5.453124999999992,
      "dpd_baby": 0.12464285714285696,
      "dpd_25ct": 0.3116071428571424,
      "dpd_80ct": 0.9971428571428557,
      "fire_pnl": 87.89999999999995,
      "miss_pnl": -53.0
    },
    "20": {
      "total_pnl_cents": 33.5,
      "total_capital_cents": 640.0,
      "hits": 21,
      "hit_rate": 0.875,
      "avg_pnl_per_match": 1.3958333333333333,
      "avg_capital_per_match": 26.666666666666668,
      "roi_pct_per_trade": 5.234375,
      "dpd_baby": 0.11964285714285715,
      "dpd_25ct": 0.29910714285714285,
      "dpd_80ct": 0.9571428571428572,
      "fire_pnl": 112.00000000000003,
      "miss_pnl": -78.5
    },
    "25": {
      "total_pnl_cents": 61.5,
      "total_capital_cents": 640.0,
      "hits": 21,
      "hit_rate": 0.875,
      "avg_pnl_per_match": 2.5625,
      "avg_capital_per_match": 26.666666666666668,
      "roi_pct_per_trade": 9.609375,
      "dpd_baby": 0.21964285714285717,
      "dpd_25ct": 0.5491071428571429,
      "dpd_80ct": 1.7571428571428573,
      "fire_pnl": 140.0,
      "miss_pnl": -78.5
    },
    "30": {
      "total_pnl_cents": 89.50000000000009,
      "total_capital_cents": 640.0,
      "hits": 21,
      "hit_rate": 0.875,
      "avg_pnl_per_match": 3.72916666666667,
      "avg_capital_per_match": 26.666666666666668,
      "roi_pct_per_trade": 13.984375000000014,
      "dpd_baby": 0.3196428571428575,
      "dpd_25ct": 0.7991071428571438,
      "dpd_80ct": 2.55714285714286,
      "fire_pnl": 168.0000000000001,
      "miss_pnl": -78.5
    },
    "35": {
      "total_pnl_cents": 82.90000000000006,
      "total_capital_cents": 640.0,
      "hits": 20,
      "hit_rate": 0.8333333333333334,
      "avg_pnl_per_match": 3.4541666666666693,
      "avg_capital_per_match": 26.666666666666668,
      "roi_pct_per_trade": 12.953125000000009,
      "dpd_baby": 0.2960714285714288,
      "dpd_25ct": 0.740178571428572,
      "dpd_80ct": 2.3685714285714305,
      "fire_pnl": 186.9,
      "miss_pnl": -104.0
    },
    "40": {
      "total_pnl_cents": 109.59999999999997,
      "total_capital_cents": 640.0,
      "hits": 20,
      "hit_rate": 0.8333333333333334,
      "avg_pnl_per_match": 4.5666666666666655,
      "avg_capital_per_match": 26.666666666666668,
      "roi_pct_per_trade": 17.124999999999993,
      "dpd_baby": 0.3914285714285713,
      "dpd_25ct": 0.9785714285714282,
      "dpd_80ct": 3.1314285714285703,
      "fire_pnl": 213.6,
      "miss_pnl": -104.0
    },
    "50": {
      "total_pnl_cents": 43.0,
      "total_capital_cents": 640.0,
      "hits": 17,
      "hit_rate": 0.7083333333333334,
      "avg_pnl_per_match": 1.7916666666666667,
      "avg_capital_per_match": 26.666666666666668,
      "roi_pct_per_trade": 6.71875,
      "dpd_baby": 0.15357142857142855,
      "dpd_25ct": 0.3839285714285714,
      "dpd_80ct": 1.2285714285714284,
      "fire_pnl": 226.5,
      "miss_pnl": -183.5
    },
    "60": {
      "total_pnl_cents": 47.200000000000045,
      "total_capital_cents": 640.0,
      "hits": 16,
      "hit_rate": 0.6666666666666666,
      "avg_pnl_per_match": 1.9666666666666686,
      "avg_capital_per_match": 26.666666666666668,
      "roi_pct_per_trade": 7.375000000000007,
      "dpd_baby": 0.16857142857142873,
      "dpd_25ct": 0.4214285714285718,
      "dpd_80ct": 1.3485714285714299,
      "fire_pnl": 256.2,
      "miss_pnl": -209.0
    },
    "75": {
      "total_pnl_cents": 66.25,
      "total_capital_cents": 640.0,
      "hits": 15,
      "hit_rate": 0.625,
      "avg_pnl_per_match": 2.7604166666666665,
      "avg_capital_per_match": 26.666666666666668,
      "roi_pct_per_trade": 10.3515625,
      "dpd_baby": 0.23660714285714285,
      "dpd_25ct": 0.5915178571428571,
      "dpd_80ct": 1.8928571428571428,
      "fire_pnl": 300.75,
      "miss_pnl": -234.5
    },
    "100": {
      "total_pnl_cents": 8.0,
      "total_capital_cents": 640.0,
      "hits": 12,
      "hit_rate": 0.5,
      "avg_pnl_per_match": 0.3333333333333333,
      "avg_capital_per_match": 26.666666666666668,
      "roi_pct_per_trade": 1.25,
      "dpd_baby": 0.028571428571428574,
      "dpd_25ct": 0.07142857142857144,
      "dpd_80ct": 0.2285714285714286,
      "fire_pnl": 321.0,
      "miss_pnl": -313.0
    },
    "125": {
      "total_pnl_cents": -27.75,
      "total_capital_cents": 640.0,
      "hits": 10,
      "hit_rate": 0.4166666666666667,
      "avg_pnl_per_match": -1.15625,
      "avg_capital_per_match": 26.666666666666668,
      "roi_pct_per_trade": -4.3359375,
      "dpd_baby": -0.09910714285714285,
      "dpd_25ct": -0.24776785714285712,
      "dpd_80ct": -0.7928571428571428,
      "fire_pnl": 336.25,
      "miss_pnl": -364.0
    },
    "150": {
      "total_pnl_cents": -30.0,
      "total_capital_cents": 640.0,
      "hits": 9,
      "hit_rate": 0.375,
      "avg_pnl_per_match": -1.25,
      "avg_capital_per_match": 26.666666666666668,
      "roi_pct_per_trade": -4.6875,
      "dpd_baby": -0.10714285714285714,
      "dpd_25ct": -0.26785714285714285,
      "dpd_80ct": -0.8571428571428571,
      "fire_pnl": 361.5,
      "miss_pnl": -391.5
    },
    "200": {
      "total_pnl_cents": 7.0,
      "total_capital_cents": 640.0,
      "hits": 8,
      "hit_rate": 0.3333333333333333,
      "avg_pnl_per_match": 0.2916666666666667,
      "avg_capital_per_match": 26.666666666666668,
      "roi_pct_per_trade": 1.09375,
      "dpd_baby": 0.024999999999999998,
      "dpd_25ct": 0.06249999999999999,
      "dpd_80ct": 0.19999999999999998,
      "fire_pnl": 426.0,
      "miss_pnl": -419.0
    },
    "250": {
      "total_pnl_cents": -67.5,
      "total_capital_cents": 640.0,
      "hits": 6,
      "hit_rate": 0.25,