{
  "n_matches": 28,
  "avg_entry": 62.67857142857143,
  "n_wins": 14,
  "hold_pnl_total": -355.0,
  "hold_capital_total": 1755.0,
  "hold_roi_pct": -20.22792022792023,
  "by_roi": {
    "5": {
      "total_pnl_cents": -171.69999999999993,
      "total_capital_cents": 1755.0,
      "hits": 24,
      "hit_rate": 0.8571428571428571,
      "avg_pnl_per_match": -6.1321428571428545,
      "avg_capital_per_match": 62.67857142857143,
      "roi_pct_per_trade": -9.78347578347578,
      "dpd_baby": -0.6132142857142855,
      "dpd_25ct": -1.5330357142857136,
      "dpd_80ct": -4.905714285714284,
      "fire_pnl": 75.30000000000008,
      "miss_pnl": -247.0
    },
    "7": {
      "total_pnl_cents": -141.57999999999987,
      "total_capital_cents": 1755.0,
      "hits": 24,
      "hit_rate": 0.8571428571428571,
      "avg_pnl_per_match": -5.056428571428567,
      "avg_capital_per_match": 62.67857142857143,
      "roi_pct_per_trade": -8.06723646723646,
      "dpd_baby": -0.5056428571428567,
      "dpd_25ct": -1.2641071428571418,
      "dpd_80ct": -4.045142857142854,
      "fire_pnl": 105.42000000000012,
      "miss_pnl": -247.0
    },
    "10": {
      "total_pnl_cents": -96.39999999999988,
      "total_capital_cents": 1755.0,
      "hits": 24,
      "hit_rate": 0.8571428571428571,
      "avg_pnl_per_match": -3.4428571428571386,
      "avg_capital_per_match": 62.67857142857143,
      "roi_pct_per_trade": -5.4928774928774855,
      "dpd_baby": -0.34428571428571386,
      "dpd_25ct": -0.8607142857142847,
      "dpd_80ct": -2.754285714285711,
      "fire_pnl": 150.6000000000001,
      "miss_pnl": -247.0
    },
    "12": {
      "total_pnl_cents": -66.27999999999982,
      "total_capital_cents": 1755.0,
      "hits": 24,
      "hit_rate": 0.8571428571428571,
      "avg_pnl_per_match": -2.3671428571428508,
      "avg_capital_per_match": 62.67857142857143,
      "roi_pct_per_trade": -3.7766381766381665,
      "dpd_baby": -0.23671428571428504,
      "dpd_25ct": -0.5917857142857126,
      "dpd_80ct": -1.8937142857142804,
      "fire_pnl": 180.72000000000014,
      "miss_pnl": -247.0
    },
    "15": {
      "total_pnl_cents": -21.100000000000122,
      "total_capital_cents": 1755.0,
      "hits": 24,
      "hit_rate": 0.8571428571428571,
      "avg_pnl_per_match": -0.7535714285714329,
      "avg_capital_per_match": 62.67857142857143,
      "roi_pct_per_trade": -1.2022792022792093,
      "dpd_baby": -0.0753571428571433,
      "dpd_25ct": -0.18839285714285825,
      "dpd_80ct": -0.6028571428571464,
      "fire_pnl": 225.8999999999999,
      "miss_pnl": -247.0
    },
    "20": {
      "total_pnl_cents": -20.900000000000077,
      "total_capital_cents": 1755.0,
      "hits": 23,
      "hit_rate": 0.8214285714285714,
      "avg_pnl_per_match": -0.7464285714285742,
      "avg_capital_per_match": 62.67857142857143,
      "roi_pct_per_trade": -1.1908831908831954,
      "dpd_baby": -0.07464285714285743,
      "dpd_25ct": -0.18660714285714358,
      "dpd_80ct": -0.5971428571428594,
      "fire_pnl": 288.5999999999999,
      "miss_pnl": -309.5
    },
    "25": {
      "total_pnl_cents": -101.5,
      "total_capital_cents": 1755.0,
      "hits": 21,
      "hit_rate": 0.75,
      "avg_pnl_per_match": -3.625,
      "avg_capital_per_match": 62.67857142857143,
      "roi_pct_per_trade": -5.783475783475783,
      "dpd_baby": -0.3625,
      "dpd_25ct": -0.90625,
      "dpd_80ct": -2.9,
      "fire_pnl": 330.0,
      "miss_pnl": -431.5
    },
    "30": {
      "total_pnl_cents": -118.19999999999992,
      "total_capital_cents": 1755.0,
      "hits": 20,
      "hit_rate": 0.7142857142857143,
      "avg_pnl_per_match": -4.221428571428569,
      "avg_capital_per_match": 62.67857142857143,
      "roi_pct_per_trade": -6.73504273504273,
      "dpd_baby": -0.4221428571428568,
      "dpd_25ct": -1.055357142857142,
      "dpd_80ct": -3.3771428571428546,
      "fire_pnl": 376.80000000000007,
      "miss_pnl": -495.0
    },
    "35": {
      "total_pnl_cents": -141.29999999999993,
      "total_capital_cents": 1755.0,
      "hits": 19,
      "hit_rate": 0.6785714285714286,
      "avg_pnl_per_match": -5.046428571428569,
      "avg_capital_per_match": 62.67857142857143,
      "roi_pct_per_trade": -8.051282051282048,
      "dpd_baby": -0.504642857142857,
      "dpd_25ct": -1.2616071428571423,
      "dpd_80ct": -4.037142857142856,
      "fire_pnl": 417.20000000000016,
      "miss_pnl": -558.5
    },
    "40": {
      "total_pnl_cents": -170.8000000000001,
      "total_capital_cents": 1755.0,
      "hits": 18,
      "hit_rate": 0.6428571428571429,
      "avg_pnl_per_match": -6.100000000000003,
      "avg_capital_per_match": 62.67857142857143,
      "roi_pct_per_trade": -9.732193732193739,
      "dpd_baby": -0.6100000000000003,
      "dpd_25ct": -1.5250000000000008,
      "dpd_80ct": -4.880000000000003,
      "fire_pnl": 451.19999999999993,
      "miss_pnl": -622.0
    },
    "50": {
      "total_pnl_cents": -58.0,
      "total_capital_cents": 1755.0,
      "hits": 18,
      "hit_rate": 0.6428571428571429,
      "avg_pnl_per_match": -2.0714285714285716,
      "avg_capital_per_match": 62.67857142857143,
      "roi_pct_per_trade": -3.304843304843305,
      "dpd_baby": -0.20714285714285713,
      "dpd_25ct": -0.5178571428571428,
      "dpd_80ct": -1.657142857142857,
      "fire_pnl": 564.0,
      "miss_pnl": -622.0
    },
    "60": {
      "total_pnl_cents": -360.4,
      "total_capital_cents": 1755.0,
      "hits": 2,
      "hit_rate": 0.07142857142857142,
      "avg_pnl_per_match": -12.87142857142857,
      "avg_capital_per_match": 62.67857142857143,
      "roi_pct_per_trade": -20.535612535612536,
      "dpd_baby": -1.2871428571428571,
      "dpd_25ct": -3.217857142857143,
      "dpd_80ct": -10.297142857142857,
      "fire_pnl": 72.60000000000001,
      "miss_pnl": -433.0
    },
    "75": {
      "total_pnl_cents": -355.0,
      "total_capital_cents": 1755.0,
      "hits": 0,
      "hit_rate": 0.0,
      "avg_pnl_per_match": -12.678571428571429,
      "avg_capital_per_match": 62.67857142857143,
      "roi_pct_per_trade": -20.22792022792023,
      "dpd_baby": -1.2678571428571428,
      "dpd_25ct": -3.1696428571428568,
      "dpd_80ct": -10.142857142857142,
      "fire_pnl": 0,
      "miss_pnl": -355.0
    },
    "100": {
      "total_pnl_cents": -355.0,
      "total_capital_cents": 1755.0,
      "hits": 0,
      "hit_rate": 0.0,
      "avg_pnl_per_match": -12.678571428571429,
      "avg_capital_per_match": 62.67857142857143,
      "roi_pct_per_trade": -20.22792022792023,
      "dpd_baby": -1.2678571428571428,
      "dpd_25ct": -3.1696428571428568,
      "dpd_80ct": -10.142857142857142,
      "fire_pnl": 0,
      "miss_pnl": -355.0
    },
    "125": {
      "total_pnl_cents": -355.0,
      "total_capital_cents": 1755.0,
      "hits": 0,
      "hit_rate": 0.0,
      "avg_pnl_per_match": -12.678571428571429,
      "avg_capital_per_match": 62.67857142857143,
      "roi_pct_per_trade": -20.22792022792023,
      "dpd_baby": -1.2678571428571428,
      "dpd_25ct": -3.1696428571428568,
      "dpd_80ct": -10.142857142857142,
      "fire_pnl": 0,
      "miss_pnl": -355.0
    },
    "150": {
      "total_pnl_cents": -355.0,
      "total_capital_cents": 1755.0,
      "hits": 0,
      "hit_rate": 0.0,
      "avg_pnl_per_match": -12.678571428571429,
      "avg_capital_per_match": 62.67857142857143,
      "roi_pct_per_trade": -20.22792022792023,
      "dpd_baby": -1.2678571428571428,
      "dpd_25ct": -3.1696428571428568,
      "dpd_80ct": -10.142857142857142,
      "fire_pnl": 0,
      "miss_pnl": -355.0
    },
    "200": {
      "total_pnl_cents": -355.0,
      "total_capital_cents": 1755.0,
      "hits": 0,
      "hit_rate": 0.0,
      "avg_pnl_per_match": -12.678571428571429,
      "avg_capital_per_match": 62.67857142857143,
      "roi_pct_per_trade": -20.22792022792023,
      "dpd_baby": -1.2678571428571428,
      "dpd_25ct": -3.1696428571428568,
      "dpd_80ct": -10.142857142857142,
      "fire_pnl": 0,