{
  "n_matches": 9,
  "avg_entry": 67.88888888888889,
  "n_wins": 6,
  "hold_pnl_total": -12.5,
  "hold_capital_total": 611.0,
  "hold_roi_pct": -2.0458265139116203,
  "by_roi": {
    "5": {
      "total_pnl_cents": -40.34999999999995,
      "total_capital_cents": 611.0,
      "hits": 8,
      "hit_rate": 0.8888888888888888,
      "avg_pnl_per_match": -4.483333333333328,
      "avg_capital_per_match": 67.88888888888889,
      "roi_pct_per_trade": -6.603927986906702,
      "dpd_baby": -0.1441071428571427,
      "dpd_25ct": -0.3602678571428568,
      "dpd_80ct": -1.1528571428571417,
      "fire_pnl": 27.15000000000005,
      "miss_pnl": -67.5
    },
    "7": {
      "total_pnl_cents": -29.48999999999998,
      "total_capital_cents": 611.0,
      "hits": 8,
      "hit_rate": 0.8888888888888888,
      "avg_pnl_per_match": -3.2766666666666646,
      "avg_capital_per_match": 67.88888888888889,
      "roi_pct_per_trade": -4.8265139116202915,
      "dpd_baby": -0.1053214285714285,
      "dpd_25ct": -0.26330357142857125,
      "dpd_80ct": -0.842571428571428,
      "fire_pnl": 38.01000000000002,
      "miss_pnl": -67.5
    },
    "10": {
      "total_pnl_cents": -13.199999999999932,
      "total_capital_cents": 611.0,
      "hits": 8,
      "hit_rate": 0.8888888888888888,
      "avg_pnl_per_match": -1.466666666666659,
      "avg_capital_per_match": 67.88888888888889,
      "roi_pct_per_trade": -2.1603927986906597,
      "dpd_baby": -0.047142857142856896,
      "dpd_25ct": -0.11785714285714224,
      "dpd_80ct": -0.37714285714285517,
      "fire_pnl": 54.30000000000007,
      "miss_pnl": -67.5
    },
    "12": {
      "total_pnl_cents": -2.3399999999999324,
      "total_capital_cents": 611.0,
      "hits": 8,
      "hit_rate": 0.8888888888888888,
      "avg_pnl_per_match": -0.25999999999999246,
      "avg_capital_per_match": 67.88888888888889,
      "roi_pct_per_trade": -0.38297872340424427,
      "dpd_baby": -0.008357142857142615,
      "dpd_25ct": -0.02089285714285654,
      "dpd_80ct": -0.06685714285714092,
      "fire_pnl": 65.16000000000007,
      "miss_pnl": -67.5
    },
    "15": {
      "total_pnl_cents": 13.949999999999932,
      "total_capital_cents": 611.0,
      "hits": 8,
      "hit_rate": 0.8888888888888888,
      "avg_pnl_per_match": 1.5499999999999925,
      "avg_capital_per_match": 67.88888888888889,
      "roi_pct_per_trade": 2.283142389525357,
      "dpd_baby": 0.04982142857142833,
      "dpd_25ct": 0.12455357142857082,
      "dpd_80ct": 0.39857142857142663,
      "fire_pnl": 81.44999999999993,
      "miss_pnl": -67.5
    },
    "20": {
      "total_pnl_cents": -38.80000000000004,
      "total_capital_cents": 611.0,
      "hits": 7,
      "hit_rate": 0.7777777777777778,
      "avg_pnl_per_match": -4.311111111111115,
      "avg_capital_per_match": 67.88888888888889,
      "roi_pct_per_trade": -6.350245499181676,
      "dpd_baby": -0.1385714285714287,
      "dpd_25ct": -0.34642857142857175,
      "dpd_80ct": -1.1085714285714297,
      "fire_pnl": 95.19999999999996,
      "miss_pnl": -134.0
    },
    "25": {
      "total_pnl_cents": -15.0,
      "total_capital_cents": 611.0,
      "hits": 7,
      "hit_rate": 0.7777777777777778,
      "avg_pnl_per_match": -1.6666666666666667,
      "avg_capital_per_match": 67.88888888888889,
      "roi_pct_per_trade": -2.454991816693944,
      "dpd_baby": -0.05357142857142857,
      "dpd_25ct": -0.13392857142857142,
      "dpd_80ct": -0.42857142857142855,
      "fire_pnl": 119.0,
      "miss_pnl": -134.0
    },
    "30": {
      "total_pnl_cents": 8.80000000000004,
      "total_capital_cents": 611.0,
      "hits": 7,
      "hit_rate": 0.7777777777777778,
      "avg_pnl_per_match": 0.9777777777777822,
      "avg_capital_per_match": 67.88888888888889,
      "roi_pct_per_trade": 1.4402618657937871,
      "dpd_baby": 0.03142857142857157,
      "dpd_25ct": 0.07857142857142893,
      "dpd_80ct": 0.25142857142857256,
      "fire_pnl": 142.80000000000004,
      "miss_pnl": -134.0
    },
    "35": {
      "total_pnl_cents": 32.600000000000065,
      "total_capital_cents": 611.0,
      "hits": 7,
      "hit_rate": 0.7777777777777778,
      "avg_pnl_per_match": 3.6222222222222293,
      "avg_capital_per_match": 67.88888888888889,
      "roi_pct_per_trade": 5.335515548281516,
      "dpd_baby": 0.11642857142857167,
      "dpd_25ct": 0.2910714285714292,
      "dpd_80ct": 0.9314285714285734,
      "fire_pnl": 166.60000000000008,
      "miss_pnl": -134.0
    },
    "40": {
      "total_pnl_cents": 56.399999999999935,
      "total_capital_cents": 611.0,
      "hits": 7,
      "hit_rate": 0.7777777777777778,
      "avg_pnl_per_match": 6.2666666666666595,
      "avg_capital_per_match": 67.88888888888889,
      "roi_pct_per_trade": 9.230769230769221,
      "dpd_baby": 0.2014285714285712,
      "dpd_25ct": 0.503571428571428,
      "dpd_80ct": 1.6114285714285697,
      "fire_pnl": 190.39999999999992,
      "miss_pnl": -134.0
    },
    "50": {
      "total_pnl_cents": -12.5,
      "total_capital_cents": 611.0,
      "hits": 0,
      "hit_rate": 0.0,
      "avg_pnl_per_match": -1.3888888888888888,
      "avg_capital_per_match": 67.88888888888889,
      "roi_pct_per_trade": -2.0458265139116203,
      "dpd_baby": -0.044642857142857144,
      "dpd_25ct": -0.11160714285714286,
      "dpd_80ct": -0.35714285714285715,
      "fire_pnl": 0,
      "miss_pnl": -12.5
    },
    "60": {
      "total_pnl_cents": -12.5,
      "total_capital_cents": 611.0,
      "hits": 0,
      "hit_rate": 0.0,
      "avg_pnl_per_match": -1.3888888888888888,
      "avg_capital_per_match": 67.88888888888889,
      "roi_pct_per_trade": -2.0458265139116203,
      "dpd_baby": -0.044642857142857144,
      "dpd_25ct": -0.11160714285714286,
      "dpd_80ct": -0.35714285714285715,
      "fire_pnl": 0,
      "miss_pnl": -12.5
    },
    "75": {
      "total_pnl_cents": -12.5,
      "total_capital_cents": 611.0,
      "hits": 0,
      "hit_rate": 0.0,
      "avg_pnl_per_match": -1.3888888888888888,
      "avg_capital_per_match": 67.88888888888889,
      "roi_pct_per_trade": -2.0458265139116203,
      "dpd_baby": -0.044642857142857144,
      "dpd_25ct": -0.11160714285714286,
      "dpd_80ct": -0.35714285714285715,
      "fire_pnl": 0,
      "miss_pnl": -12.5
    },
    "100": {
      "total_pnl_cents": -12.5,
      "total_capital_cents": 611.0,
      "hits": 0,
      "hit_rate": 0.0,
      "avg_pnl_per_match": -1.3888888888888888,
      "avg_capital_per_match": 67.88888888888889,
      "roi_pct_per_trade": -2.0458265139116203,
      "dpd_baby": -0.044642857142857144,
      "dpd_25ct": -0.11160714285714286,
      "dpd_80ct": -0.35714285714285715,
      "fire_pnl": 0,
      "miss_pnl": -12.5
    },
    "125": {
      "total_pnl_cents": -12.5,
      "total_capital_cents": 611.0,
      "hits": 0,
      "hit_rate": 0.0,
      "avg_pnl_per_match": -1.3888888888888888,
      "avg_capital_per_match": 67.88888888888889,
      "roi_pct_per_trade": -2.0458265139116203,
      "dpd_baby": -0.044642857142857144,
      "dpd_25ct": -0.11160714285714286,
      "dpd_80ct": -0.35714285714285715,
      "fire_pnl": 0,
      "miss_pnl": -12.5
    },
    "150": {
      "total_pnl_cents": -12.5,
      "total_capital_cents": 611.0,
      "hits": 0,
      "hit_rate": 0.0,
      "avg_pnl_per_match": -1.3888888888888888,
      "avg_capital_per_match": 67.88888888888889,
      "roi_pct_per_trade": -2.0458265139116203,
      "dpd_baby": -0.044642857142857144,
      "dpd_25ct": -0.11160714285714286,
      "dpd_80ct": -0.35714285714285715,
      "fire_pnl": 0,
      "miss_pnl": -12.5
    },
    "200": {
      "total_pnl_cents": -12.5,
      "total_capital_cents": 611.0,
      "hits": 0,
      "hit_rate": 0.0,
      "avg_pnl_per_match": -1.3888888888888888,
      "avg_capital_per_match": 67.88888888888889,
      "roi_pct_per_trade": -2.0458265139116203,
      "dpd_baby": -0.044642857142857144,
      "dpd_25ct": -0.11160714285714286,
      "dpd_80ct": -0.35714285714285715,
      "fire_pnl": 0,