{
  "n_matches": 9,
  "avg_entry": 76.0,
  "n_wins": 7,
  "hold_pnl_total": 13.5,
  "hold_capital_total": 684.0,
  "hold_roi_pct": 1.9736842105263157,
  "by_roi": {
    "5": {
      "total_pnl_cents": -45.10000000000001,
      "total_capital_cents": 684.0,
      "hits": 8,
      "hit_rate": 0.8888888888888888,
      "avg_pnl_per_match": -5.011111111111112,
      "avg_capital_per_match": 76.0,
      "roi_pct_per_trade": -6.59356725146199,
      "dpd_baby": -0.16107142857142862,
      "dpd_25ct": -0.40267857142857155,
      "dpd_80ct": -1.288571428571429,
      "fire_pnl": 30.39999999999999,
      "miss_pnl": -75.5
    },
    "7": {
      "total_pnl_cents": -32.939999999999955,
      "total_capital_cents": 684.0,
      "hits": 8,
      "hit_rate": 0.8888888888888888,
      "avg_pnl_per_match": -3.659999999999995,
      "avg_capital_per_match": 76.0,
      "roi_pct_per_trade": -4.8157894736842035,
      "dpd_baby": -0.11764285714285697,
      "dpd_25ct": -0.2941071428571424,
      "dpd_80ct": -0.9411428571428557,
      "fire_pnl": 42.560000000000045,
      "miss_pnl": -75.5
    },
    "10": {
      "total_pnl_cents": -14.699999999999946,
      "total_capital_cents": 684.0,
      "hits": 8,
      "hit_rate": 0.8888888888888888,
      "avg_pnl_per_match": -1.6333333333333273,
      "avg_capital_per_match": 76.0,
      "roi_pct_per_trade": -2.1491228070175357,
      "dpd_baby": -0.05249999999999981,
      "dpd_25ct": -0.13124999999999953,
      "dpd_80ct": -0.4199999999999985,
      "fire_pnl": 60.800000000000054,
      "miss_pnl": -75.5
    },
    "12": {
      "total_pnl_cents": -2.5399999999999494,
      "total_capital_cents": 684.0,
      "hits": 8,
      "hit_rate": 0.8888888888888888,
      "avg_pnl_per_match": -0.2822222222222166,
      "avg_capital_per_match": 76.0,
      "roi_pct_per_trade": -0.3713450292397587,
      "dpd_baby": -0.009071428571428392,
      "dpd_25ct": -0.02267857142857098,
      "dpd_80ct": -0.07257142857142714,
      "fire_pnl": 72.96000000000005,
      "miss_pnl": -75.5
    },
    "15": {
      "total_pnl_cents": 15.699999999999946,
      "total_capital_cents": 684.0,
      "hits": 8,
      "hit_rate": 0.8888888888888888,
      "avg_pnl_per_match": 1.7444444444444385,
      "avg_capital_per_match": 76.0,
      "roi_pct_per_trade": 2.2953216374268925,
      "dpd_baby": 0.056071428571428376,
      "dpd_25ct": 0.14017857142857093,
      "dpd_80ct": 0.448571428571427,
      "fire_pnl": 91.19999999999995,
      "miss_pnl": -75.5
    },
    "20": {
      "total_pnl_cents": 46.10000000000001,
      "total_capital_cents": 684.0,
      "hits": 8,
      "hit_rate": 0.8888888888888888,
      "avg_pnl_per_match": 5.122222222222224,
      "avg_capital_per_match": 76.0,
      "roi_pct_per_trade": 6.7397660818713465,
      "dpd_baby": 0.16464285714285717,
      "dpd_25ct": 0.41160714285714295,
      "dpd_80ct": 1.3171428571428574,
      "fire_pnl": 121.60000000000001,
      "miss_pnl": -75.5
    },
    "25": {
      "total_pnl_cents": 76.5,
      "total_capital_cents": 684.0,
      "hits": 8,
      "hit_rate": 0.8888888888888888,
      "avg_pnl_per_match": 8.5,
      "avg_capital_per_match": 76.0,
      "roi_pct_per_trade": 11.18421052631579,
      "dpd_baby": 0.27321428571428574,
      "dpd_25ct": 0.6830357142857144,
      "dpd_80ct": 2.185714285714286,
      "fire_pnl": 152.0,
      "miss_pnl": -75.5
    },
    "30": {
      "total_pnl_cents": 11.5,
      "total_capital_cents": 684.0,
      "hits": 1,
      "hit_rate": 0.1111111111111111,
      "avg_pnl_per_match": 1.2777777777777777,
      "avg_capital_per_match": 76.0,
      "roi_pct_per_trade": 1.6812865497076024,
      "dpd_baby": 0.04107142857142857,
      "dpd_25ct": 0.10267857142857142,
      "dpd_80ct": 0.32857142857142857,
      "fire_pnl": 22.5,
      "miss_pnl": -11.0
    },
    "35": {
      "total_pnl_cents": 13.5,
      "total_capital_cents": 684.0,
      "hits": 0,
      "hit_rate": 0.0,
      "avg_pnl_per_match": 1.5,
      "avg_capital_per_match": 76.0,
      "roi_pct_per_trade": 1.9736842105263157,
      "dpd_baby": 0.048214285714285716,
      "dpd_25ct": 0.12053571428571429,
      "dpd_80ct": 0.38571428571428573,
      "fire_pnl": 0,
      "miss_pnl": 13.5
    },
    "40": {
      "total_pnl_cents": 13.5,
      "total_capital_cents": 684.0,
      "hits": 0,
      "hit_rate": 0.0,
      "avg_pnl_per_match": 1.5,
      "avg_capital_per_match": 76.0,
      "roi_pct_per_trade": 1.9736842105263157,
      "dpd_baby": 0.048214285714285716,
      "dpd_25ct": 0.12053571428571429,
      "dpd_80ct": 0.38571428571428573,
      "fire_pnl": 0,
      "miss_pnl": 13.5
    },
    "50": {
      "total_pnl_cents": 13.5,
      "total_capital_cents": 684.0,
      "hits": 0,
      "hit_rate": 0.0,
      "avg_pnl_per_match": 1.5,
      "avg_capital_per_match": 76.0,
      "roi_pct_per_trade": 1.9736842105263157,
      "dpd_baby": 0.048214285714285716,
      "dpd_25ct": 0.12053571428571429,
      "dpd_80ct": 0.38571428571428573,
      "fire_pnl": 0,
      "miss_pnl": 13.5
    },
    "60": {
      "total_pnl_cents": 13.5,
      "total_capital_cents": 684.0,
      "hits": 0,
      "hit_rate": 0.0,
      "avg_pnl_per_match": 1.5,
      "avg_capital_per_match": 76.0,
      "roi_pct_per_trade": 1.9736842105263157,
      "dpd_baby": 0.048214285714285716,
      "dpd_25ct": 0.12053571428571429,
      "dpd_80ct": 0.38571428571428573,
      "fire_pnl": 0,
      "miss_pnl": 13.5
    },
    "75": {
      "total_pnl_cents": 13.5,
      "total_capital_cents": 684.0,
      "hits": 0,
      "hit_rate": 0.0,
      "avg_pnl_per_match": 1.5,
      "avg_capital_per_match": 76.0,
      "roi_pct_per_trade": 1.9736842105263157,
      "dpd_baby": 0.048214285714285716,
      "dpd_25ct": 0.12053571428571429,
      "dpd_80ct": 0.38571428571428573,
      "fire_pnl": 0,
      "miss_pnl": 13.5
    },
    "100": {
      "total_pnl_cents": 13.5,
      "total_capital_cents": 684.0,
      "hits": 0,
      "hit_rate": 0.0,
      "avg_pnl_per_match": 1.5,
      "avg_capital_per_match": 76.0,
      "roi_pct_per_trade": 1.9736842105263157,
      "dpd_baby": 0.048214285714285716,
      "dpd_25ct": 0.12053571428571429,
      "dpd_80ct": 0.38571428571428573,
      "fire_pnl": 0,
      "miss_pnl": 13.5
    },
    "125": {
      "total_pnl_cents": 13.5,
      "total_capital_cents": 684.0,
      "hits": 0,
      "hit_rate": 0.0,
      "avg_pnl_per_match": 1.5,
      "avg_capital_per_match": 76.0,
      "roi_pct_per_trade": 1.9736842105263157,
      "dpd_baby": 0.048214285714285716,
      "dpd_25ct": 0.12053571428571429,
      "dpd_80ct": 0.38571428571428573,
      "fire_pnl": 0,
      "miss_pnl": 13.5
    },
    "150": {
      "total_pnl_cents": 13.5,
      "total_capital_cents": 684.0,
      "hits": 0,
      "hit_rate": 0.0,
      "avg_pnl_per_match": 1.5,
      "avg_capital_per_match": 76.0,
      "roi_pct_per_trade": 1.9736842105263157,
      "dpd_baby": 0.048214285714285716,
      "dpd_25ct": 0.12053571428571429,
      "dpd_80ct": 0.38571428571428573,
      "fire_pnl": 0,
      "miss_pnl": 13.5
    },
    "200": {
      "total_pnl_cents": 13.5,
      "total_capital_cents": 684.0,
      "hits": 0,
      "hit_rate": 0.0,
      "avg_pnl_per_match": 1.5,
      "avg_capital_per_match": 76.0,
      "roi_pct_per_trade": 1.9736842105263157,
      "dpd_baby": 0.048214285714285716,
      "dpd_25ct": 0.12053571428571429,
      "dpd_80ct": 0.38571428571428573,
      "fire_pnl": 0,
      "miss_pnl": 13.5
    },
    "250": {
      "total_pnl_cents": 13.5,
      "total_capital_cents": 684.0,
      "hits": 0,
      "hit_rate": 0.0,
      "avg_pnl_per_match": 1.5,
      "avg_capital_per_match": 76.0,
      "roi_pct_per_trade": 1.9736842105263157,
      "dpd_baby": 0.048214285714285716,
      "dpd_25ct": 0.12053571428571429,
      "dpd_80ct": 0.38571428571428573,
      "fire_pnl": 0,
      "miss_pnl": 13.5
    },
    "300": {
      "total_pnl_cents": 13.5,
      "total_capital_cents": 684.0,
      "hits": 0,
      "hit_rate": 0.0,