{
  "n_matches": 29,
  "avg_entry": 80.93103448275862,
  "n_wins": 22,
  "hold_pnl_total": -154.5,
  "hold_capital_total": 2347.0,
  "hold_roi_pct": -6.582871751171709,
  "by_roi": {
    "5": {
      "total_pnl_cents": -51.7499999999999,
      "total_capital_cents": 2347.0,
      "hits": 27,
      "hit_rate": 0.9310344827586207,
      "avg_pnl_per_match": -1.7844827586206862,
      "avg_capital_per_match": 80.93103448275862,
      "roi_pct_per_trade": -2.2049424797613932,
      "dpd_baby": -0.18482142857142822,
      "dpd_25ct": -0.46205357142857056,
      "dpd_80ct": -1.4785714285714258,
      "fire_pnl": 109.2500000000001,
      "miss_pnl": -161.0
    },
    "7": {
      "total_pnl_cents": -8.04999999999977,
      "total_capital_cents": 2347.0,
      "hits": 27,
      "hit_rate": 0.9310344827586207,
      "avg_pnl_per_match": -0.2775862068965438,
      "avg_capital_per_match": 80.93103448275862,
      "roi_pct_per_trade": -0.3429910524073187,
      "dpd_baby": -0.028749999999999176,
      "dpd_25ct": -0.07187499999999794,
      "dpd_80ct": -0.2299999999999934,
      "fire_pnl": 152.95000000000027,
      "miss_pnl": -161.0
    },
    "10": {
      "total_pnl_cents": 76.10000000000004,
      "total_capital_cents": 2347.0,
      "hits": 25,
      "hit_rate": 0.8620689655172413,
      "avg_pnl_per_match": 2.624137931034484,
      "avg_capital_per_match": 80.93103448275862,
      "roi_pct_per_trade": 3.2424371538133805,
      "dpd_baby": 0.2717857142857144,
      "dpd_25ct": 0.6794642857142861,
      "dpd_80ct": 2.1742857142857153,
      "fire_pnl": 202.10000000000002,
      "miss_pnl": -126.0
    },
    "12": {
      "total_pnl_cents": 27.420000000000158,
      "total_capital_cents": 2347.0,
      "hits": 24,
      "hit_rate": 0.8275862068965517,
      "avg_pnl_per_match": 0.9455172413793158,
      "avg_capital_per_match": 80.93103448275862,
      "roi_pct_per_trade": 1.1682999573924226,
      "dpd_baby": 0.097928571428572,
      "dpd_25ct": 0.24482142857143002,
      "dpd_80ct": 0.783428571428576,
      "fire_pnl": 232.9200000000002,
      "miss_pnl": -205.5
    },
    "15": {
      "total_pnl_cents": -5.850000000000051,
      "total_capital_cents": 2347.0,
      "hits": 23,
      "hit_rate": 0.7931034482758621,
      "avg_pnl_per_match": -0.20172413793103625,
      "avg_capital_per_match": 80.93103448275862,
      "roi_pct_per_trade": -0.24925436727737754,
      "dpd_baby": -0.020892857142857324,
      "dpd_25ct": -0.05223214285714331,
      "dpd_80ct": -0.1671428571428586,
      "fire_pnl": 279.15,
      "miss_pnl": -285.0
    },
    "20": {
      "total_pnl_cents": 88.29999999999993,
      "total_capital_cents": 2347.0,
      "hits": 22,
      "hit_rate": 0.7586206896551724,
      "avg_pnl_per_match": 3.044827586206894,
      "avg_capital_per_match": 80.93103448275862,
      "roi_pct_per_trade": 3.762249680443116,
      "dpd_baby": 0.3153571428571426,
      "dpd_25ct": 0.7883928571428566,
      "dpd_80ct": 2.522857142857141,
      "fire_pnl": 355.79999999999984,
      "miss_pnl": -267.5
    },
    "25": {
      "total_pnl_cents": -155.5,
      "total_capital_cents": 2347.0,
      "hits": 2,
      "hit_rate": 0.06896551724137931,
      "avg_pnl_per_match": -5.362068965517241,
      "avg_capital_per_match": 80.93103448275862,
      "roi_pct_per_trade": -6.625479335321687,
      "dpd_baby": -0.5553571428571429,
      "dpd_25ct": -1.3883928571428572,
      "dpd_80ct": -4.442857142857143,
      "fire_pnl": 34.0,
      "miss_pnl": -189.5
    },
    "30": {
      "total_pnl_cents": -155.5,
      "total_capital_cents": 2347.0,
      "hits": 2,
      "hit_rate": 0.06896551724137931,
      "avg_pnl_per_match": -5.362068965517241,
      "avg_capital_per_match": 80.93103448275862,
      "roi_pct_per_trade": -6.625479335321687,
      "dpd_baby": -0.5553571428571429,
      "dpd_25ct": -1.3883928571428572,
      "dpd_80ct": -4.442857142857143,
      "fire_pnl": 34.0,
      "miss_pnl": -189.5
    },
    "35": {
      "total_pnl_cents": -155.5,
      "total_capital_cents": 2347.0,
      "hits": 2,
      "hit_rate": 0.06896551724137931,
      "avg_pnl_per_match": -5.362068965517241,
      "avg_capital_per_match": 80.93103448275862,
      "roi_pct_per_trade": -6.625479335321687,
      "dpd_baby": -0.5553571428571429,
      "dpd_25ct": -1.3883928571428572,
      "dpd_80ct": -4.442857142857143,
      "fire_pnl": 34.0,
      "miss_pnl": -189.5
    },
    "40": {
      "total_pnl_cents": -155.5,
      "total_capital_cents": 2347.0,
      "hits": 2,
      "hit_rate": 0.06896551724137931,
      "avg_pnl_per_match": -5.362068965517241,
      "avg_capital_per_match": 80.93103448275862,
      "roi_pct_per_trade": -6.625479335321687,
      "dpd_baby": -0.5553571428571429,
      "dpd_25ct": -1.3883928571428572,
      "dpd_80ct": -4.442857142857143,
      "fire_pnl": 34.0,
      "miss_pnl": -189.5
    },
    "50": {
      "total_pnl_cents": -155.5,
      "total_capital_cents": 2347.0,
      "hits": 2,
      "hit_rate": 0.06896551724137931,
      "avg_pnl_per_match": -5.362068965517241,
      "avg_capital_per_match": 80.93103448275862,
      "roi_pct_per_trade": -6.625479335321687,
      "dpd_baby": -0.5553571428571429,
      "dpd_25ct": -1.3883928571428572,
      "dpd_80ct": -4.442857142857143,
      "fire_pnl": 34.0,
      "miss_pnl": -189.5
    },
    "60": {
      "total_pnl_cents": -155.5,
      "total_capital_cents": 2347.0,
      "hits": 2,
      "hit_rate": 0.06896551724137931,
      "avg_pnl_per_match": -5.362068965517241,
      "avg_capital_per_match": 80.93103448275862,
      "roi_pct_per_trade": -6.625479335321687,
      "dpd_baby": -0.5553571428571429,
      "dpd_25ct": -1.3883928571428572,
      "dpd_80ct": -4.442857142857143,
      "fire_pnl": 34.0,
      "miss_pnl": -189.5
    },
    "75": {
      "total_pnl_cents": -155.5,
      "total_capital_cents": 2347.0,
      "hits": 2,
      "hit_rate": 0.06896551724137931,
      "avg_pnl_per_match": -5.362068965517241,
      "avg_capital_per_match": 80.93103448275862,
      "roi_pct_per_trade": -6.625479335321687,
      "dpd_baby": -0.5553571428571429,
      "dpd_25ct": -1.3883928571428572,
      "dpd_80ct": -4.442857142857143,
      "fire_pnl": 34.0,
      "miss_pnl": -189.5
    },
    "100": {
      "total_pnl_cents": -155.5,
      "total_capital_cents": 2347.0,
      "hits": 2,
      "hit_rate": 0.06896551724137931,
      "avg_pnl_per_match": -5.362068965517241,
      "avg_capital_per_match": 80.93103448275862,
      "roi_pct_per_trade": -6.625479335321687,
      "dpd_baby": -0.5553571428571429,
      "dpd_25ct": -1.3883928571428572,
      "dpd_80ct": -4.442857142857143,
      "fire_pnl": 34.0,
      "miss_pnl": -189.5
    },
    "125": {
      "total_pnl_cents": -155.5,
      "total_capital_cents": 2347.0,
      "hits": 2,
      "hit_rate": 0.06896551724137931,
      "avg_pnl_per_match": -5.362068965517241,
      "avg_capital_per_match": 80.93103448275862,
      "roi_pct_per_trade": -6.625479335321687,
      "dpd_baby": -0.5553571428571429,
      "dpd_25ct": -1.3883928571428572,
      "dpd_80ct": -4.442857142857143,
      "fire_pnl": 34.0,
      "miss_pnl": -189.5
    },
    "150": {
      "total_pnl_cents": -155.5,
      "total_capital_cents": 2347.0,
      "hits": 2,
      "hit_rate": 0.06896551724137931,
      "avg_pnl_per_match": -5.362068965517241,
      "avg_capital_per_match": 80.93103448275862,
      "roi_pct_per_trade": -6.625479335321687,
      "dpd_baby": -0.5553571428571429,
      "dpd_25ct": -1.3883928571428572,
      "dpd_80ct": -4.442857142857143,
      "fire_pnl": 34.0,
      "miss_pnl": -189.5
    },
    "200": {
      "total_pnl_cents": -155.5,
      "total_capital_cents": 2347.0,
      "hits": 2,
      "hit_rate": 0.06896551724137931,
      "avg_pnl_per_match": -5.362068965517241,
      "avg_capital_per_match": 80.93103448275862,
      "roi_pct_per_trade": -6.625479335321687,
      "dpd_baby": -0.5553571428571429,
      "dpd_25ct": -1.3883928571428572,
      "dpd_80ct": -4.442857142857143,