{
  "n_matches": 18,
  "avg_entry": 71.83333333333333,
  "n_wins": 11,
  "hold_pnl_total": -195.0,
  "hold_capital_total": 1293.0,
  "hold_roi_pct": -15.081206496519721,
  "by_roi": {
    "5": {
      "total_pnl_cents": -85.54999999999991,
      "total_capital_cents": 1293.0,
      "hits": 16,
      "hit_rate": 0.8888888888888888,
      "avg_pnl_per_match": -4.752777777777773,
      "avg_capital_per_match": 71.83333333333333,
      "roi_pct_per_trade": -6.6163959783449275,
      "dpd_baby": -0.30553571428571397,
      "dpd_25ct": -0.7638392857142849,
      "dpd_80ct": -2.4442857142857117,
      "fire_pnl": 57.45000000000009,
      "miss_pnl": -143.0
    },
    "7": {
      "total_pnl_cents": -62.569999999999936,
      "total_capital_cents": 1293.0,
      "hits": 16,
      "hit_rate": 0.8888888888888888,
      "avg_pnl_per_match": -3.4761111111111074,
      "avg_capital_per_match": 71.83333333333333,
      "roi_pct_per_trade": -4.839133797370452,
      "dpd_baby": -0.22346428571428548,
      "dpd_25ct": -0.5586607142857137,
      "dpd_80ct": -1.7877142857142838,
      "fire_pnl": 80.43000000000006,
      "miss_pnl": -143.0
    },
    "10": {
      "total_pnl_cents": -105.69999999999993,
      "total_capital_cents": 1293.0,
      "hits": 15,
      "hit_rate": 0.8333333333333334,
      "avg_pnl_per_match": -5.872222222222218,
      "avg_capital_per_match": 71.83333333333333,
      "roi_pct_per_trade": -8.174787316318634,
      "dpd_baby": -0.3774999999999998,
      "dpd_25ct": -0.9437499999999994,
      "dpd_80ct": -3.0199999999999982,
      "fire_pnl": 107.80000000000007,
      "miss_pnl": -213.5
    },
    "12": {
      "total_pnl_cents": -84.1399999999998,
      "total_capital_cents": 1293.0,
      "hits": 15,
      "hit_rate": 0.8333333333333334,
      "avg_pnl_per_match": -4.6744444444444335,
      "avg_capital_per_match": 71.83333333333333,
      "roi_pct_per_trade": -6.507347254447007,
      "dpd_baby": -0.30049999999999927,
      "dpd_25ct": -0.7512499999999982,
      "dpd_80ct": -2.403999999999994,
      "fire_pnl": 129.36000000000018,
      "miss_pnl": -213.5
    },
    "15": {
      "total_pnl_cents": -51.80000000000007,
      "total_capital_cents": 1293.0,
      "hits": 15,
      "hit_rate": 0.8333333333333334,
      "avg_pnl_per_match": -2.8777777777777818,
      "avg_capital_per_match": 71.83333333333333,
      "roi_pct_per_trade": -4.006187161639604,
      "dpd_baby": -0.18500000000000025,
      "dpd_25ct": -0.46250000000000063,
      "dpd_80ct": -1.480000000000002,
      "fire_pnl": 161.7,
      "miss_pnl": -213.5
    },
    "20": {
      "total_pnl_cents": -83.80000000000008,
      "total_capital_cents": 1293.0,
      "hits": 14,
      "hit_rate": 0.7777777777777778,
      "avg_pnl_per_match": -4.65555555555556,
      "avg_capital_per_match": 71.83333333333333,
      "roi_pct_per_trade": -6.481051817478739,
      "dpd_baby": -0.29928571428571454,
      "dpd_25ct": -0.7482142857142864,
      "dpd_80ct": -2.3942857142857163,
      "fire_pnl": 201.19999999999987,
      "miss_pnl": -285.0
    },
    "25": {
      "total_pnl_cents": -33.5,
      "total_capital_cents": 1293.0,
      "hits": 14,
      "hit_rate": 0.7777777777777778,
      "avg_pnl_per_match": -1.8611111111111112,
      "avg_capital_per_match": 71.83333333333333,
      "roi_pct_per_trade": -2.5908739365815934,
      "dpd_baby": -0.11964285714285715,
      "dpd_25ct": -0.29910714285714285,
      "dpd_80ct": -0.9571428571428572,
      "fire_pnl": 251.5,
      "miss_pnl": -285.0
    },
    "30": {
      "total_pnl_cents": 16.800000000000082,
      "total_capital_cents": 1293.0,
      "hits": 14,
      "hit_rate": 0.7777777777777778,
      "avg_pnl_per_match": 0.9333333333333379,
      "avg_capital_per_match": 71.83333333333333,
      "roi_pct_per_trade": 1.2993039443155516,
      "dpd_baby": 0.06000000000000029,
      "dpd_25ct": 0.15000000000000072,
      "dpd_80ct": 0.4800000000000023,
      "fire_pnl": 301.8000000000001,
      "miss_pnl": -285.0
    },
    "35": {
      "total_pnl_cents": 68.05000000000004,
      "total_capital_cents": 1293.0,
      "hits": 13,
      "hit_rate": 0.7222222222222222,
      "avg_pnl_per_match": 3.7805555555555577,
      "avg_capital_per_match": 71.83333333333333,
      "roi_pct_per_trade": 5.262954369682911,
      "dpd_baby": 0.24303571428571444,
      "dpd_25ct": 0.607589285714286,
      "dpd_80ct": 1.9442857142857155,
      "fire_pnl": 326.55,
      "miss_pnl": -258.5
    },
    "40": {
      "total_pnl_cents": -195.0,
      "total_capital_cents": 1293.0,
      "hits": 0,
      "hit_rate": 0.0,
      "avg_pnl_per_match": -10.833333333333334,
      "avg_capital_per_match": 71.83333333333333,
      "roi_pct_per_trade": -15.081206496519721,
      "dpd_baby": -0.6964285714285714,
      "dpd_25ct": -1.7410714285714284,
      "dpd_80ct": -5.571428571428571,
      "fire_pnl": 0,
      "miss_pnl": -195.0
    },
    "50": {
      "total_pnl_cents": -195.0,
      "total_capital_cents": 1293.0,
      "hits": 0,
      "hit_rate": 0.0,
      "avg_pnl_per_match": -10.833333333333334,
      "avg_capital_per_match": 71.83333333333333,
      "roi_pct_per_trade": -15.081206496519721,
      "dpd_baby": -0.6964285714285714,
      "dpd_25ct": -1.7410714285714284,
      "dpd_80ct": -5.571428571428571,
      "fire_pnl": 0,
      "miss_pnl": -195.0
    },
    "60": {
      "total_pnl_cents": -195.0,
      "total_capital_cents": 1293.0,
      "hits": 0,
      "hit_rate": 0.0,
      "avg_pnl_per_match": -10.833333333333334,
      "avg_capital_per_match": 71.83333333333333,
      "roi_pct_per_trade": -15.081206496519721,
      "dpd_baby": -0.6964285714285714,
      "dpd_25ct": -1.7410714285714284,
      "dpd_80ct": -5.571428571428571,
      "fire_pnl": 0,
      "miss_pnl": -195.0
    },
    "75": {
      "total_pnl_cents": -195.0,
      "total_capital_cents": 1293.0,
      "hits": 0,
      "hit_rate": 0.0,
      "avg_pnl_per_match": -10.833333333333334,
      "avg_capital_per_match": 71.83333333333333,
      "roi_pct_per_trade": -15.081206496519721,
      "dpd_baby": -0.6964285714285714,
      "dpd_25ct": -1.7410714285714284,
      "dpd_80ct": -5.571428571428571,
      "fire_pnl": 0,
      "miss_pnl": -195.0
    },
    "100": {
      "total_pnl_cents": -195.0,
      "total_capital_cents": 1293.0,
      "hits": 0,
      "hit_rate": 0.0,
      "avg_pnl_per_match": -10.833333333333334,
      "avg_capital_per_match": 71.83333333333333,
      "roi_pct_per_trade": -15.081206496519721,
      "dpd_baby": -0.6964285714285714,
      "dpd_25ct": -1.7410714285714284,
      "dpd_80ct": -5.571428571428571,
      "fire_pnl": 0,
      "miss_pnl": -195.0
    },
    "125": {
      "total_pnl_cents": -195.0,
      "total_capital_cents": 1293.0,
      "hits": 0,
      "hit_rate": 0.0,
      "avg_pnl_per_match": -10.833333333333334,
      "avg_capital_per_match": 71.83333333333333,
      "roi_pct_per_trade": -15.081206496519721,
      "dpd_baby": -0.6964285714285714,
      "dpd_25ct": -1.7410714285714284,
      "dpd_80ct": -5.571428571428571,
      "fire_pnl": 0,
      "miss_pnl": -195.0
    },
    "150": {
      "total_pnl_cents": -195.0,
      "total_capital_cents": 1293.0,
      "hits": 0,
      "hit_rate": 0.0,
      "avg_pnl_per_match": -10.833333333333334,
      "avg_capital_per_match": 71.83333333333333,
      "roi_pct_per_trade": -15.081206496519721,
      "dpd_baby": -0.6964285714285714,
      "dpd_25ct": -1.7410714285714284,
      "dpd_80ct": -5.571428571428571,
      "fire_pnl": 0,
      "miss_pnl": -195.0
    },
    "200": {
      "total_pnl_cents": -195.0,
      "total_capital_cents": 1293.0,
      "hits": 0,
      "hit_rate": 0.0,
      "avg_pnl_per_match": -10.833333333333334,
      "avg_capital_per_match": 71.83333333333333,
      "roi_pct_per_trade": -15.081206496519721,
      "dpd_baby": -0.6964285714285714,
      "dpd_25ct": -1.7410714285714284,
      "dpd_80ct": -5.571428571428571,
      "fire_pnl": 0,
      "miss_pnl": -195.0
    },