{
  "n_matches": 11,
  "avg_entry": 32.27272727272727,
  "n_wins": 3,
  "hold_pnl_total": -52.5,
  "hold_capital_total": 355.0,
  "hold_roi_pct": -14.788732394366198,
  "by_roi": {
    "5": {
      "total_pnl_cents": -48.449999999999996,
      "total_capital_cents": 355.0,
      "hits": 9,
      "hit_rate": 0.8181818181818182,
      "avg_pnl_per_match": -4.404545454545454,
      "avg_capital_per_match": 32.27272727272727,
      "roi_pct_per_trade": -13.647887323943662,
      "dpd_baby": -0.17303571428571426,
      "dpd_25ct": -0.4325892857142857,
      "dpd_80ct": -1.3842857142857141,
      "fire_pnl": 14.550000000000004,
      "miss_pnl": -63.0
    },
    "7": {
      "total_pnl_cents": -42.62999999999998,
      "total_capital_cents": 355.0,
      "hits": 9,
      "hit_rate": 0.8181818181818182,
      "avg_pnl_per_match": -3.8754545454545437,
      "avg_capital_per_match": 32.27272727272727,
      "roi_pct_per_trade": -12.008450704225346,
      "dpd_baby": -0.15224999999999994,
      "dpd_25ct": -0.3806249999999999,
      "dpd_80ct": -1.2179999999999995,
      "fire_pnl": 20.37000000000002,
      "miss_pnl": -63.0
    },
    "10": {
      "total_pnl_cents": -33.89999999999997,
      "total_capital_cents": 355.0,
      "hits": 9,
      "hit_rate": 0.8181818181818182,
      "avg_pnl_per_match": -3.081818181818179,
      "avg_capital_per_match": 32.27272727272727,
      "roi_pct_per_trade": -9.549295774647879,
      "dpd_baby": -0.12107142857142847,
      "dpd_25ct": -0.3026785714285712,
      "dpd_80ct": -0.9685714285714278,
      "fire_pnl": 29.10000000000003,
      "miss_pnl": -63.0
    },
    "12": {
      "total_pnl_cents": -28.079999999999977,
      "total_capital_cents": 355.0,
      "hits": 9,
      "hit_rate": 0.8181818181818182,
      "avg_pnl_per_match": -2.5527272727272705,
      "avg_capital_per_match": 32.27272727272727,
      "roi_pct_per_trade": -7.909859154929571,
      "dpd_baby": -0.10028571428571421,
      "dpd_25ct": -0.25071428571428556,
      "dpd_80ct": -0.8022857142857137,
      "fire_pnl": 34.92000000000002,
      "miss_pnl": -63.0
    },
    "15": {
      "total_pnl_cents": -19.35000000000003,
      "total_capital_cents": 355.0,
      "hits": 9,
      "hit_rate": 0.8181818181818182,
      "avg_pnl_per_match": -1.7590909090909117,
      "avg_capital_per_match": 32.27272727272727,
      "roi_pct_per_trade": -5.450704225352121,
      "dpd_baby": -0.06910714285714296,
      "dpd_25ct": -0.17276785714285742,
      "dpd_80ct": -0.5528571428571437,
      "fire_pnl": 43.64999999999997,
      "miss_pnl": -63.0
    },
    "20": {
      "total_pnl_cents": -4.800000000000004,
      "total_capital_cents": 355.0,
      "hits": 9,
      "hit_rate": 0.8181818181818182,
      "avg_pnl_per_match": -0.43636363636363673,
      "avg_capital_per_match": 32.27272727272727,
      "roi_pct_per_trade": -1.3521126760563393,
      "dpd_baby": -0.017142857142857158,
      "dpd_25ct": -0.04285714285714289,
      "dpd_80ct": -0.13714285714285726,
      "fire_pnl": 58.199999999999996,
      "miss_pnl": -63.0
    },
    "25": {
      "total_pnl_cents": -31.0,
      "total_capital_cents": 355.0,
      "hits": 8,
      "hit_rate": 0.7272727272727273,
      "avg_pnl_per_match": -2.8181818181818183,
      "avg_capital_per_match": 32.27272727272727,
      "roi_pct_per_trade": -8.732394366197184,
      "dpd_baby": -0.11071428571428572,
      "dpd_25ct": -0.2767857142857143,
      "dpd_80ct": -0.8857142857142858,
      "fire_pnl": 64.5,
      "miss_pnl": -95.5
    },
    "30": {
      "total_pnl_cents": -18.099999999999994,
      "total_capital_cents": 355.0,
      "hits": 8,
      "hit_rate": 0.7272727272727273,
      "avg_pnl_per_match": -1.6454545454545448,
      "avg_capital_per_match": 32.27272727272727,
      "roi_pct_per_trade": -5.098591549295773,
      "dpd_baby": -0.06464285714285713,
      "dpd_25ct": -0.1616071428571428,
      "dpd_80ct": -0.517142857142857,
      "fire_pnl": 77.4,
      "miss_pnl": -95.5
    },
    "35": {
      "total_pnl_cents": -5.199999999999974,
      "total_capital_cents": 355.0,
      "hits": 8,
      "hit_rate": 0.7272727272727273,
      "avg_pnl_per_match": -0.4727272727272704,
      "avg_capital_per_match": 32.27272727272727,
      "roi_pct_per_trade": -1.4647887323943591,
      "dpd_baby": -0.018571428571428482,
      "dpd_25ct": -0.04642857142857121,
      "dpd_80ct": -0.14857142857142785,
      "fire_pnl": 90.30000000000003,
      "miss_pnl": -95.5
    },
    "40": {
      "total_pnl_cents": 7.699999999999974,
      "total_capital_cents": 355.0,
      "hits": 8,
      "hit_rate": 0.7272727272727273,
      "avg_pnl_per_match": 0.6999999999999976,
      "avg_capital_per_match": 32.27272727272727,
      "roi_pct_per_trade": 2.1690140845070354,
      "dpd_baby": 0.02749999999999991,
      "dpd_25ct": 0.06874999999999977,
      "dpd_80ct": 0.21999999999999928,
      "fire_pnl": 103.19999999999997,
      "miss_pnl": -95.5
    },
    "50": {
      "total_pnl_cents": -14.0,
      "total_capital_cents": 355.0,
      "hits": 7,
      "hit_rate": 0.6363636363636364,
      "avg_pnl_per_match": -1.2727272727272727,
      "avg_capital_per_match": 32.27272727272727,
      "roi_pct_per_trade": -3.943661971830986,
      "dpd_baby": -0.049999999999999996,
      "dpd_25ct": -0.12499999999999999,
      "dpd_80ct": -0.39999999999999997,
      "fire_pnl": 113.0,
      "miss_pnl": -127.0
    },
    "60": {
      "total_pnl_cents": -42.09999999999998,
      "total_capital_cents": 355.0,
      "hits": 6,
      "hit_rate": 0.5454545454545454,
      "avg_pnl_per_match": -3.8272727272727254,
      "avg_capital_per_match": 32.27272727272727,
      "roi_pct_per_trade": -11.85915492957746,
      "dpd_baby": -0.15035714285714277,
      "dpd_25ct": -0.3758928571428569,
      "dpd_80ct": -1.2028571428571422,
      "fire_pnl": 116.40000000000002,
      "miss_pnl": -158.5
    },
    "75": {
      "total_pnl_cents": -70.25,
      "total_capital_cents": 355.0,
      "hits": 5,
      "hit_rate": 0.45454545454545453,
      "avg_pnl_per_match": -6.386363636363637,
      "avg_capital_per_match": 32.27272727272727,
      "roi_pct_per_trade": -19.788732394366196,
      "dpd_baby": -0.25089285714285714,
      "dpd_25ct": -0.6272321428571428,
      "dpd_80ct": -2.007142857142857,
      "fire_pnl": 120.75,
      "miss_pnl": -191.0
    },
    "100": {
      "total_pnl_cents": -93.5,
      "total_capital_cents": 355.0,
      "hits": 4,
      "hit_rate": 0.36363636363636365,
      "avg_pnl_per_match": -8.5,
      "avg_capital_per_match": 32.27272727272727,
      "roi_pct_per_trade": -26.338028169014084,
      "dpd_baby": -0.3339285714285714,
      "dpd_25ct": -0.8348214285714285,
      "dpd_80ct": -2.6714285714285713,
      "fire_pnl": 129.0,
      "miss_pnl": -222.5
    },
    "125": {
      "total_pnl_cents": -61.25,
      "total_capital_cents": 355.0,
      "hits": 4,
      "hit_rate": 0.36363636363636365,
      "avg_pnl_per_match": -5.568181818181818,
      "avg_capital_per_match": 32.27272727272727,
      "roi_pct_per_trade": -17.253521126760564,
      "dpd_baby": -0.21875,
      "dpd_25ct": -0.546875,
      "dpd_80ct": -1.75,
      "fire_pnl": 161.25,
      "miss_pnl": -222.5
    },
    "150": {
      "total_pnl_cents": -29.0,
      "total_capital_cents": 355.0,
      "hits": 4,
      "hit_rate": 0.36363636363636365,
      "avg_pnl_per_match": -2.6363636363636362,
      "avg_capital_per_match": 32.27272727272727,
      "roi_pct_per_trade": -8.169014084507042,
      "dpd_baby": -0.10357142857142856,
      "dpd_25ct": -0.2589285714285714,
      "dpd_80ct": -0.8285714285714285,
      "fire_pnl": 193.5,
      "miss_pnl": -222.5
    },
    "200": {
      "total_pnl_cents": 36.0,
      "total_capital_cents": 355.0,
      "hits": 3,
      "hit_rate": 0.2727272727272727,
      "avg_pnl_per_match": 3.272727272727273,
      "avg_capital_per_match": 32.27272727272727,
      "roi_pct_per_trade": 10.140845070422536,
      "dpd_baby": 0.1285714285714286,