{
  "n_matches": 8,
  "avg_entry": 26.375,
  "n_wins": 1,
  "hold_pnl_total": -108.0,
  "hold_capital_total": 211.0,
  "hold_roi_pct": -51.18483412322275,
  "by_roi": {
    "5": {
      "total_pnl_cents": 10.550000000000008,
      "total_capital_cents": 211.0,
      "hits": 8,
      "hit_rate": 1.0,
      "avg_pnl_per_match": 1.318750000000001,
      "avg_capital_per_match": 26.375,
      "roi_pct_per_trade": 5.0000000000000036,
      "dpd_baby": 0.03767857142857146,
      "dpd_25ct": 0.09419642857142864,
      "dpd_80ct": 0.30142857142857166,
      "fire_pnl": 10.550000000000008,
      "miss_pnl": 0
    },
    "7": {
      "total_pnl_cents": 14.770000000000003,
      "total_capital_cents": 211.0,
      "hits": 8,
      "hit_rate": 1.0,
      "avg_pnl_per_match": 1.8462500000000004,
      "avg_capital_per_match": 26.375,
      "roi_pct_per_trade": 7.000000000000001,
      "dpd_baby": 0.05275000000000002,
      "dpd_25ct": 0.13187500000000005,
      "dpd_80ct": 0.42200000000000015,
      "fire_pnl": 14.770000000000003,
      "miss_pnl": 0
    },
    "10": {
      "total_pnl_cents": 21.100000000000016,
      "total_capital_cents": 211.0,
      "hits": 8,
      "hit_rate": 1.0,
      "avg_pnl_per_match": 2.637500000000002,
      "avg_capital_per_match": 26.375,
      "roi_pct_per_trade": 10.000000000000007,
      "dpd_baby": 0.07535714285714291,
      "dpd_25ct": 0.18839285714285728,
      "dpd_80ct": 0.6028571428571433,
      "fire_pnl": 21.100000000000016,
      "miss_pnl": 0
    },
    "12": {
      "total_pnl_cents": 25.320000000000032,
      "total_capital_cents": 211.0,
      "hits": 8,
      "hit_rate": 1.0,
      "avg_pnl_per_match": 3.165000000000004,
      "avg_capital_per_match": 26.375,
      "roi_pct_per_trade": 12.000000000000014,
      "dpd_baby": 0.09042857142857154,
      "dpd_25ct": 0.22607142857142884,
      "dpd_80ct": 0.7234285714285723,
      "fire_pnl": 25.320000000000032,
      "miss_pnl": 0
    },
    "15": {
      "total_pnl_cents": 31.649999999999984,
      "total_capital_cents": 211.0,
      "hits": 8,
      "hit_rate": 1.0,
      "avg_pnl_per_match": 3.956249999999998,
      "avg_capital_per_match": 26.375,
      "roi_pct_per_trade": 14.999999999999993,
      "dpd_baby": 0.11303571428571423,
      "dpd_25ct": 0.28258928571428554,
      "dpd_80ct": 0.9042857142857138,
      "fire_pnl": 31.649999999999984,
      "miss_pnl": 0
    },
    "20": {
      "total_pnl_cents": 11.499999999999996,
      "total_capital_cents": 211.0,
      "hits": 7,
      "hit_rate": 0.875,
      "avg_pnl_per_match": 1.4374999999999996,
      "avg_capital_per_match": 26.375,
      "roi_pct_per_trade": 5.450236966824642,
      "dpd_baby": 0.04107142857142856,
      "dpd_25ct": 0.1026785714285714,
      "dpd_80ct": 0.32857142857142846,
      "fire_pnl": 37.0,
      "miss_pnl": -25.5
    },
    "25": {
      "total_pnl_cents": 20.75,
      "total_capital_cents": 211.0,
      "hits": 7,
      "hit_rate": 0.875,
      "avg_pnl_per_match": 2.59375,
      "avg_capital_per_match": 26.375,
      "roi_pct_per_trade": 9.834123222748815,
      "dpd_baby": 0.07410714285714286,
      "dpd_25ct": 0.18526785714285715,
      "dpd_80ct": 0.5928571428571429,
      "fire_pnl": 46.25,
      "miss_pnl": -25.5
    },
    "30": {
      "total_pnl_cents": -3.299999999999983,
      "total_capital_cents": 211.0,
      "hits": 6,
      "hit_rate": 0.75,
      "avg_pnl_per_match": -0.41249999999999787,
      "avg_capital_per_match": 26.375,
      "roi_pct_per_trade": -1.5639810426540204,
      "dpd_baby": -0.011785714285714224,
      "dpd_25ct": -0.02946428571428556,
      "dpd_80ct": -0.09428571428571379,
      "fire_pnl": 47.70000000000002,
      "miss_pnl": -51.0
    },
    "35": {
      "total_pnl_cents": 4.650000000000013,
      "total_capital_cents": 211.0,
      "hits": 6,
      "hit_rate": 0.75,
      "avg_pnl_per_match": 0.5812500000000016,
      "avg_capital_per_match": 26.375,
      "roi_pct_per_trade": 2.203791469194319,
      "dpd_baby": 0.016607142857142904,
      "dpd_25ct": 0.04151785714285726,
      "dpd_80ct": 0.13285714285714323,
      "fire_pnl": 55.65000000000001,
      "miss_pnl": -51.0
    },
    "40": {
      "total_pnl_cents": -60.6,
      "total_capital_cents": 211.0,
      "hits": 4,
      "hit_rate": 0.5,
      "avg_pnl_per_match": -7.575,
      "avg_capital_per_match": 26.375,
      "roi_pct_per_trade": -28.72037914691943,
      "dpd_baby": -0.21642857142857141,
      "dpd_25ct": -0.5410714285714285,
      "dpd_80ct": -1.7314285714285713,
      "fire_pnl": 42.39999999999999,
      "miss_pnl": -103.0
    },
    "50": {
      "total_pnl_cents": -50.0,
      "total_capital_cents": 211.0,
      "hits": 4,
      "hit_rate": 0.5,
      "avg_pnl_per_match": -6.25,
      "avg_capital_per_match": 26.375,
      "roi_pct_per_trade": -23.696682464454977,
      "dpd_baby": -0.17857142857142858,
      "dpd_25ct": -0.44642857142857145,
      "dpd_80ct": -1.4285714285714286,
      "fire_pnl": 53.0,
      "miss_pnl": -103.0
    },
    "60": {
      "total_pnl_cents": -39.39999999999999,
      "total_capital_cents": 211.0,
      "hits": 4,
      "hit_rate": 0.5,
      "avg_pnl_per_match": -4.924999999999999,
      "avg_capital_per_match": 26.375,
      "roi_pct_per_trade": -18.672985781990516,
      "dpd_baby": -0.14071428571428568,
      "dpd_25ct": -0.3517857142857142,
      "dpd_80ct": -1.1257142857142854,
      "fire_pnl": 63.60000000000001,
      "miss_pnl": -103.0
    },
    "75": {
      "total_pnl_cents": -68.5,
      "total_capital_cents": 211.0,
      "hits": 3,
      "hit_rate": 0.375,
      "avg_pnl_per_match": -8.5625,
      "avg_capital_per_match": 26.375,
      "roi_pct_per_trade": -32.464454976303315,
      "dpd_baby": -0.24464285714285713,
      "dpd_25ct": -0.6116071428571428,
      "dpd_80ct": -1.957142857142857,
      "fire_pnl": 60.0,
      "miss_pnl": -128.5
    },
    "100": {
      "total_pnl_cents": -48.5,
      "total_capital_cents": 211.0,
      "hits": 3,
      "hit_rate": 0.375,
      "avg_pnl_per_match": -6.0625,
      "avg_capital_per_match": 26.375,
      "roi_pct_per_trade": -22.98578199052133,
      "dpd_baby": -0.1732142857142857,
      "dpd_25ct": -0.4330357142857143,
      "dpd_80ct": -1.3857142857142857,
      "fire_pnl": 80.0,
      "miss_pnl": -128.5
    },
    "125": {
      "total_pnl_cents": -28.5,
      "total_capital_cents": 211.0,
      "hits": 3,
      "hit_rate": 0.375,
      "avg_pnl_per_match": -3.5625,
      "avg_capital_per_match": 26.375,
      "roi_pct_per_trade": -13.507109004739336,
      "dpd_baby": -0.10178571428571428,
      "dpd_25ct": -0.2544642857142857,
      "dpd_80ct": -0.8142857142857143,
      "fire_pnl": 100.0,
      "miss_pnl": -128.5
    },
    "150": {
      "total_pnl_cents": -8.5,
      "total_capital_cents": 211.0,
      "hits": 3,
      "hit_rate": 0.375,
      "avg_pnl_per_match": -1.0625,
      "avg_capital_per_match": 26.375,
      "roi_pct_per_trade": -4.028436018957346,
      "dpd_baby": -0.030357142857142857,
      "dpd_25ct": -0.07589285714285714,
      "dpd_80ct": -0.24285714285714285,
      "fire_pnl": 120.0,
      "miss_pnl": -128.5
    },
    "200": {
      "total_pnl_cents": -129.5,
      "total_capital_cents": 211.0,
      "hits": 1,
      "hit_rate": 0.125,
      "avg_pnl_per_match": -16.1875,
      "avg_capital_per_match": 26.375,
      "roi_pct_per_trade": -61.37440758293839,
      "dpd_baby": -0.46249999999999997,
      "dpd_25ct": -1.15625,
      "dpd_80ct": -3.6999999999999997,
      "fire_pnl": 52.0,
      "miss_pnl": -181.5
    },
    "250": {
      "total_pnl_cents": -116.5,
      "total_capital_cents": 211.0,
      "hits": 1,
      "hit_rate": 0.125,
      "avg_pnl_per_match": -14.5625,
      "avg_capital_per_match": 26.375,
      "roi_pct_per_trade": -55.21327014218009,
      "dpd_baby": -0.4160714285714286,
      "dpd_25ct": -1.0401785714285714,
      "dpd_80ct": -3.3285714285714287,
      "fire_pnl": 65.0,
      "miss_pnl": -181.5
    },