{
  "n_matches": 15,
  "avg_entry": 58.333333333333336,
  "n_wins": 4,
  "hold_pnl_total": -471.5,
  "hold_capital_total": 875.0,
  "hold_roi_pct": -53.885714285714286,
  "by_roi": {
    "5": {
      "total_pnl_cents": -78.09999999999995,
      "total_capital_cents": 875.0,
      "hits": 13,
      "hit_rate": 0.8666666666666667,
      "avg_pnl_per_match": -5.2066666666666634,
      "avg_capital_per_match": 58.333333333333336,
      "roi_pct_per_trade": -8.92571428571428,
      "dpd_baby": -0.27892857142857125,
      "dpd_25ct": -0.6973214285714281,
      "dpd_80ct": -2.23142857142857,
      "fire_pnl": 37.900000000000055,
      "miss_pnl": -116.0
    },
    "7": {
      "total_pnl_cents": -62.94,
      "total_capital_cents": 875.0,
      "hits": 13,
      "hit_rate": 0.8666666666666667,
      "avg_pnl_per_match": -4.196,
      "avg_capital_per_match": 58.333333333333336,
      "roi_pct_per_trade": -7.193142857142857,
      "dpd_baby": -0.22478571428571428,
      "dpd_25ct": -0.5619642857142857,
      "dpd_80ct": -1.7982857142857143,
      "fire_pnl": 53.06000000000003,
      "miss_pnl": -116.0
    },
    "10": {
      "total_pnl_cents": -103.49999999999991,
      "total_capital_cents": 875.0,
      "hits": 12,
      "hit_rate": 0.8,
      "avg_pnl_per_match": -6.899999999999994,
      "avg_capital_per_match": 58.333333333333336,
      "roi_pct_per_trade": -11.828571428571419,
      "dpd_baby": -0.36964285714285683,
      "dpd_25ct": -0.9241071428571421,
      "dpd_80ct": -2.9571428571428546,
      "fire_pnl": 70.00000000000006,
      "miss_pnl": -173.5
    },
    "12": {
      "total_pnl_cents": -285.1199999999998,
      "total_capital_cents": 875.0,
      "hits": 9,
      "hit_rate": 0.6,
      "avg_pnl_per_match": -19.007999999999985,
      "avg_capital_per_match": 58.333333333333336,
      "roi_pct_per_trade": -32.585142857142834,
      "dpd_baby": -1.0182857142857136,
      "dpd_25ct": -2.545714285714284,
      "dpd_80ct": -8.146285714285709,
      "fire_pnl": 62.88000000000008,
      "miss_pnl": -348.0
    },
    "15": {
      "total_pnl_cents": -269.40000000000003,
      "total_capital_cents": 875.0,
      "hits": 9,
      "hit_rate": 0.6,
      "avg_pnl_per_match": -17.96,
      "avg_capital_per_match": 58.333333333333336,
      "roi_pct_per_trade": -30.788571428571434,
      "dpd_baby": -0.9621428571428573,
      "dpd_25ct": -2.4053571428571434,
      "dpd_80ct": -7.697142857142858,
      "fire_pnl": 78.59999999999992,
      "miss_pnl": -348.0
    },
    "20": {
      "total_pnl_cents": -243.1999999999999,
      "total_capital_cents": 875.0,
      "hits": 9,
      "hit_rate": 0.6,
      "avg_pnl_per_match": -16.213333333333328,
      "avg_capital_per_match": 58.333333333333336,
      "roi_pct_per_trade": -27.794285714285703,
      "dpd_baby": -0.8685714285714282,
      "dpd_25ct": -2.1714285714285704,
      "dpd_80ct": -6.948571428571426,
      "fire_pnl": 104.79999999999995,
      "miss_pnl": -348.0
    },
    "25": {
      "total_pnl_cents": -217.0,
      "total_capital_cents": 875.0,
      "hits": 9,
      "hit_rate": 0.6,
      "avg_pnl_per_match": -14.466666666666667,
      "avg_capital_per_match": 58.333333333333336,
      "roi_pct_per_trade": -24.8,
      "dpd_baby": -0.775,
      "dpd_25ct": -1.9375,
      "dpd_80ct": -6.2,
      "fire_pnl": 131.0,
      "miss_pnl": -348.0
    },
    "30": {
      "total_pnl_cents": -190.79999999999998,
      "total_capital_cents": 875.0,
      "hits": 9,
      "hit_rate": 0.6,
      "avg_pnl_per_match": -12.719999999999999,
      "avg_capital_per_match": 58.333333333333336,
      "roi_pct_per_trade": -21.805714285714284,
      "dpd_baby": -0.6814285714285714,
      "dpd_25ct": -1.7035714285714285,
      "dpd_80ct": -5.451428571428571,
      "fire_pnl": 157.20000000000005,
      "miss_pnl": -348.0
    },
    "35": {
      "total_pnl_cents": -164.59999999999994,
      "total_capital_cents": 875.0,
      "hits": 9,
      "hit_rate": 0.6,
      "avg_pnl_per_match": -10.97333333333333,
      "avg_capital_per_match": 58.333333333333336,
      "roi_pct_per_trade": -18.811428571428564,
      "dpd_baby": -0.5878571428571426,
      "dpd_25ct": -1.4696428571428566,
      "dpd_80ct": -4.702857142857141,
      "fire_pnl": 183.40000000000006,
      "miss_pnl": -348.0
    },
    "40": {
      "total_pnl_cents": -138.40000000000006,
      "total_capital_cents": 875.0,
      "hits": 9,
      "hit_rate": 0.6,
      "avg_pnl_per_match": -9.22666666666667,
      "avg_capital_per_match": 58.333333333333336,
      "roi_pct_per_trade": -15.817142857142864,
      "dpd_baby": -0.49428571428571455,
      "dpd_25ct": -1.2357142857142864,
      "dpd_80ct": -3.9542857142857164,
      "fire_pnl": 209.5999999999999,
      "miss_pnl": -348.0
    },
    "50": {
      "total_pnl_cents": -174.0,
      "total_capital_cents": 875.0,
      "hits": 8,
      "hit_rate": 0.5333333333333333,
      "avg_pnl_per_match": -11.6,
      "avg_capital_per_match": 58.333333333333336,
      "roi_pct_per_trade": -19.885714285714286,
      "dpd_baby": -0.6214285714285713,
      "dpd_25ct": -1.5535714285714284,
      "dpd_80ct": -4.971428571428571,
      "fire_pnl": 232.5,
      "miss_pnl": -406.5
    },
    "60": {
      "total_pnl_cents": -127.49999999999994,
      "total_capital_cents": 875.0,
      "hits": 8,
      "hit_rate": 0.5333333333333333,
      "avg_pnl_per_match": -8.499999999999996,
      "avg_capital_per_match": 58.333333333333336,
      "roi_pct_per_trade": -14.571428571428566,
      "dpd_baby": -0.4553571428571427,
      "dpd_25ct": -1.1383928571428568,
      "dpd_80ct": -3.6428571428571415,
      "fire_pnl": 279.00000000000006,
      "miss_pnl": -406.5
    },
    "75": {
      "total_pnl_cents": -471.5,
      "total_capital_cents": 875.0,
      "hits": 0,
      "hit_rate": 0.0,
      "avg_pnl_per_match": -31.433333333333334,
      "avg_capital_per_match": 58.333333333333336,
      "roi_pct_per_trade": -53.885714285714286,
      "dpd_baby": -1.6839285714285714,
      "dpd_25ct": -4.209821428571429,
      "dpd_80ct": -13.471428571428572,
      "fire_pnl": 0,
      "miss_pnl": -471.5
    },
    "100": {
      "total_pnl_cents": -471.5,
      "total_capital_cents": 875.0,
      "hits": 0,
      "hit_rate": 0.0,
      "avg_pnl_per_match": -31.433333333333334,
      "avg_capital_per_match": 58.333333333333336,
      "roi_pct_per_trade": -53.885714285714286,
      "dpd_baby": -1.6839285714285714,
      "dpd_25ct": -4.209821428571429,
      "dpd_80ct": -13.471428571428572,
      "fire_pnl": 0,
      "miss_pnl": -471.5
    },
    "125": {
      "total_pnl_cents": -471.5,
      "total_capital_cents": 875.0,
      "hits": 0,
      "hit_rate": 0.0,
      "avg_pnl_per_match": -31.433333333333334,
      "avg_capital_per_match": 58.333333333333336,
      "roi_pct_per_trade": -53.885714285714286,
      "dpd_baby": -1.6839285714285714,
      "dpd_25ct": -4.209821428571429,
      "dpd_80ct": -13.471428571428572,
      "fire_pnl": 0,
      "miss_pnl": -471.5
    },
    "150": {
      "total_pnl_cents": -471.5,
      "total_capital_cents": 875.0,
      "hits": 0,
      "hit_rate": 0.0,
      "avg_pnl_per_match": -31.433333333333334,
      "avg_capital_per_match": 58.333333333333336,
      "roi_pct_per_trade": -53.885714285714286,
      "dpd_baby": -1.6839285714285714,
      "dpd_25ct": -4.209821428571429,
      "dpd_80ct": -13.471428571428572,
      "fire_pnl": 0,
      "miss_pnl": -471.5
    },
    "200": {
      "total_pnl_cents": -471.5,
      "total_capital_cents": 875.0,
      "hits": 0,
      "hit_rate": 0.0,
      "avg_pnl_per_match": -31.433333333333334,
      "avg_capital_per_match": 58.333333333333336,
      "roi_pct_per_trade": -53.885714285714286,
      "dpd_baby": -1.6839285714285714,
      "dpd_25ct": -4.209821428571429,
      "dpd_80ct": -13.471428571428572,
      "fire_pnl": 0,
      "miss_pnl": -471.5
    },
    "250": {
      "total_pnl_cents": -471.5,
      "total_capital_cents": 875.0,
      "hits": 0,
      "hit_rate": 0.0,