{
  "n_matches": 16,
  "avg_entry": 18.0,
  "n_wins": 1,
  "hold_pnl_total": -181.0,
  "hold_capital_total": 288.0,
  "hold_roi_pct": -62.84722222222222,
  "by_roi": {
    "5": {
      "total_pnl_cents": -3.9999999999999787,
      "total_capital_cents": 288.0,
      "hits": 15,
      "hit_rate": 0.9375,
      "avg_pnl_per_match": -0.24999999999999867,
      "avg_capital_per_match": 18.0,
      "roi_pct_per_trade": -1.3888888888888813,
      "dpd_baby": -0.014285714285714209,
      "dpd_25ct": -0.035714285714285525,
      "dpd_80ct": -0.11428571428571367,
      "fire_pnl": 13.500000000000021,
      "miss_pnl": -17.5
    },
    "7": {
      "total_pnl_cents": 1.4000000000000234,
      "total_capital_cents": 288.0,
      "hits": 15,
      "hit_rate": 0.9375,
      "avg_pnl_per_match": 0.08750000000000147,
      "avg_capital_per_match": 18.0,
      "roi_pct_per_trade": 0.4861111111111192,
      "dpd_baby": 0.005000000000000083,
      "dpd_25ct": 0.012500000000000209,
      "dpd_80ct": 0.04000000000000067,
      "fire_pnl": 18.900000000000023,
      "miss_pnl": -17.5
    },
    "10": {
      "total_pnl_cents": -29.09999999999998,
      "total_capital_cents": 288.0,
      "hits": 13,
      "hit_rate": 0.8125,
      "avg_pnl_per_match": -1.8187499999999988,
      "avg_capital_per_match": 18.0,
      "roi_pct_per_trade": -10.10416666666666,
      "dpd_baby": -0.10392857142857136,
      "dpd_25ct": -0.25982142857142837,
      "dpd_80ct": -0.8314285714285709,
      "fire_pnl": 23.40000000000002,
      "miss_pnl": -52.5
    },
    "12": {
      "total_pnl_cents": -24.419999999999963,
      "total_capital_cents": 288.0,
      "hits": 13,
      "hit_rate": 0.8125,
      "avg_pnl_per_match": -1.5262499999999977,
      "avg_capital_per_match": 18.0,
      "roi_pct_per_trade": -8.479166666666654,
      "dpd_baby": -0.08721428571428558,
      "dpd_25ct": -0.21803571428571394,
      "dpd_80ct": -0.6977142857142846,
      "fire_pnl": 28.080000000000037,
      "miss_pnl": -52.5
    },
    "15": {
      "total_pnl_cents": -17.400000000000023,
      "total_capital_cents": 288.0,
      "hits": 13,
      "hit_rate": 0.8125,
      "avg_pnl_per_match": -1.0875000000000015,
      "avg_capital_per_match": 18.0,
      "roi_pct_per_trade": -6.041666666666675,
      "dpd_baby": -0.06214285714285722,
      "dpd_25ct": -0.15535714285714305,
      "dpd_80ct": -0.4971428571428578,
      "fire_pnl": 35.09999999999998,
      "miss_pnl": -52.5
    },
    "20": {
      "total_pnl_cents": -28.00000000000003,
      "total_capital_cents": 288.0,
      "hits": 12,
      "hit_rate": 0.75,
      "avg_pnl_per_match": -1.7500000000000018,
      "avg_capital_per_match": 18.0,
      "roi_pct_per_trade": -9.722222222222232,
      "dpd_baby": -0.1000000000000001,
      "dpd_25ct": -0.2500000000000003,
      "dpd_80ct": -0.8000000000000008,
      "fire_pnl": 42.999999999999986,
      "miss_pnl": -71.0
    },
    "25": {
      "total_pnl_cents": -17.25,
      "total_capital_cents": 288.0,
      "hits": 12,
      "hit_rate": 0.75,
      "avg_pnl_per_match": -1.078125,
      "avg_capital_per_match": 18.0,
      "roi_pct_per_trade": -5.989583333333333,
      "dpd_baby": -0.06160714285714286,
      "dpd_25ct": -0.15401785714285715,
      "dpd_80ct": -0.4928571428571429,
      "fire_pnl": 53.75,
      "miss_pnl": -71.0
    },
    "30": {
      "total_pnl_cents": -6.499999999999979,
      "total_capital_cents": 288.0,
      "hits": 12,
      "hit_rate": 0.75,
      "avg_pnl_per_match": -0.40624999999999867,
      "avg_capital_per_match": 18.0,
      "roi_pct_per_trade": -2.256944444444437,
      "dpd_baby": -0.02321428571428564,
      "dpd_25ct": -0.05803571428571409,
      "dpd_80ct": -0.1857142857142851,
      "fire_pnl": 64.50000000000003,
      "miss_pnl": -71.0
    },
    "35": {
      "total_pnl_cents": 4.250000000000018,
      "total_capital_cents": 288.0,
      "hits": 12,
      "hit_rate": 0.75,
      "avg_pnl_per_match": 0.2656250000000011,
      "avg_capital_per_match": 18.0,
      "roi_pct_per_trade": 1.4756944444444506,
      "dpd_baby": 0.015178571428571491,
      "dpd_25ct": 0.03794642857142873,
      "dpd_80ct": 0.12142857142857193,
      "fire_pnl": 75.25000000000001,
      "miss_pnl": -71.0
    },
    "40": {
      "total_pnl_cents": 14.999999999999982,
      "total_capital_cents": 288.0,
      "hits": 12,
      "hit_rate": 0.75,
      "avg_pnl_per_match": 0.9374999999999989,
      "avg_capital_per_match": 18.0,
      "roi_pct_per_trade": 5.208333333333327,
      "dpd_baby": 0.053571428571428506,
      "dpd_25ct": 0.13392857142857126,
      "dpd_80ct": 0.42857142857142805,
      "fire_pnl": 85.99999999999999,
      "miss_pnl": -71.0
    },
    "50": {
      "total_pnl_cents": 36.5,
      "total_capital_cents": 288.0,
      "hits": 12,
      "hit_rate": 0.75,
      "avg_pnl_per_match": 2.28125,
      "avg_capital_per_match": 18.0,
      "roi_pct_per_trade": 12.67361111111111,
      "dpd_baby": 0.13035714285714287,
      "dpd_25ct": 0.32589285714285715,
      "dpd_80ct": 1.042857142857143,
      "fire_pnl": 107.5,
      "miss_pnl": -71.0
    },
    "60": {
      "total_pnl_cents": 29.700000000000014,
      "total_capital_cents": 288.0,
      "hits": 11,
      "hit_rate": 0.6875,
      "avg_pnl_per_match": 1.8562500000000008,
      "avg_capital_per_match": 18.0,
      "roi_pct_per_trade": 10.312500000000005,
      "dpd_baby": 0.10607142857142861,
      "dpd_25ct": 0.26517857142857154,
      "dpd_80ct": 0.8485714285714289,
      "fire_pnl": 118.20000000000002,
      "miss_pnl": -88.5
    },
    "75": {
      "total_pnl_cents": 30.0,
      "total_capital_cents": 288.0,
      "hits": 10,
      "hit_rate": 0.625,
      "avg_pnl_per_match": 1.875,
      "avg_capital_per_match": 18.0,
      "roi_pct_per_trade": 10.416666666666666,
      "dpd_baby": 0.10714285714285714,
      "dpd_25ct": 0.26785714285714285,
      "dpd_80ct": 0.8571428571428571,
      "fire_pnl": 135.0,
      "miss_pnl": -105.0
    },
    "100": {
      "total_pnl_cents": -31.5,
      "total_capital_cents": 288.0,
      "hits": 7,
      "hit_rate": 0.4375,
      "avg_pnl_per_match": -1.96875,
      "avg_capital_per_match": 18.0,
      "roi_pct_per_trade": -10.9375,
      "dpd_baby": -0.1125,
      "dpd_25ct": -0.28125,
      "dpd_80ct": -0.9,
      "fire_pnl": 126.0,
      "miss_pnl": -157.5
    },
    "125": {
      "total_pnl_cents": -82.25,
      "total_capital_cents": 288.0,
      "hits": 5,
      "hit_rate": 0.3125,
      "avg_pnl_per_match": -5.140625,
      "avg_capital_per_match": 18.0,
      "roi_pct_per_trade": -28.55902777777778,
      "dpd_baby": -0.29375,
      "dpd_25ct": -0.734375,
      "dpd_80ct": -2.35,
      "fire_pnl": 111.25,
      "miss_pnl": -193.5
    },
    "150": {
      "total_pnl_cents": -60.0,
      "total_capital_cents": 288.0,
      "hits": 5,
      "hit_rate": 0.3125,
      "avg_pnl_per_match": -3.75,
      "avg_capital_per_match": 18.0,
      "roi_pct_per_trade": -20.833333333333332,
      "dpd_baby": -0.21428571428571427,
      "dpd_25ct": -0.5357142857142857,
      "dpd_80ct": -1.7142857142857142,
      "fire_pnl": 133.5,
      "miss_pnl": -193.5
    },
    "200": {
      "total_pnl_cents": -69.0,
      "total_capital_cents": 288.0,
      "hits": 4,
      "hit_rate": 0.25,
      "avg_pnl_per_match": -4.3125,
      "avg_capital_per_match": 18.0,
      "roi_pct_per_trade": -23.958333333333332,
      "dpd_baby": -0.24642857142857144,
      "dpd_25ct": -0.6160714285714286,
      "dpd_80ct": -1.9714285714285715,
      "fire_pnl": 142.0,
      "miss_pnl": -211.0
    },
    "250": {
      "total_pnl_cents": -33.5,
      "total_capital_cents": 288.0,
      "hits": 4,
      "hit_rate": 0.25,
      "avg_pnl_per_match": -2.09375,
      "avg_capital_per_match": 18.0,
      "roi_pct_per_trade": -11.631944444444445,
      "dpd_baby": -0.11964285714285715,
      "dpd_25ct": -0.29910714285714285,
      "dpd_80ct": -0.9571428571428572,
      "fire_pnl": 177.5,
      "miss_pnl": -211.0
    },