{
  "n_matches": 13,
  "avg_entry": 43.23076923076923,
  "n_wins": 4,
  "hold_pnl_total": -159.5,
  "hold_capital_total": 562.0,
  "hold_roi_pct": -28.380782918149468,
  "by_roi": {
    "5": {
      "total_pnl_cents": 28.100000000000023,
      "total_capital_cents": 562.0,
      "hits": 13,
      "hit_rate": 1.0,
      "avg_pnl_per_match": 2.161538461538463,
      "avg_capital_per_match": 43.23076923076923,
      "roi_pct_per_trade": 5.000000000000004,
      "dpd_baby": 0.10035714285714294,
      "dpd_25ct": 0.25089285714285736,
      "dpd_80ct": 0.8028571428571435,
      "fire_pnl": 28.100000000000023,
      "miss_pnl": 0
    },
    "7": {
      "total_pnl_cents": 39.34000000000007,
      "total_capital_cents": 562.0,
      "hits": 13,
      "hit_rate": 1.0,
      "avg_pnl_per_match": 3.0261538461538513,
      "avg_capital_per_match": 43.23076923076923,
      "roi_pct_per_trade": 7.000000000000012,
      "dpd_baby": 0.14050000000000024,
      "dpd_25ct": 0.3512500000000006,
      "dpd_80ct": 1.1240000000000019,
      "fire_pnl": 39.34000000000007,
      "miss_pnl": 0
    },
    "10": {
      "total_pnl_cents": 56.20000000000006,
      "total_capital_cents": 562.0,
      "hits": 13,
      "hit_rate": 1.0,
      "avg_pnl_per_match": 4.323076923076927,
      "avg_capital_per_match": 43.23076923076923,
      "roi_pct_per_trade": 10.00000000000001,
      "dpd_baby": 0.2007142857142859,
      "dpd_25ct": 0.5017857142857147,
      "dpd_80ct": 1.6057142857142872,
      "fire_pnl": 56.20000000000006,
      "miss_pnl": 0
    },
    "12": {
      "total_pnl_cents": 67.44000000000004,
      "total_capital_cents": 562.0,
      "hits": 13,
      "hit_rate": 1.0,
      "avg_pnl_per_match": 5.187692307692311,
      "avg_capital_per_match": 43.23076923076923,
      "roi_pct_per_trade": 12.000000000000007,
      "dpd_baby": 0.24085714285714302,
      "dpd_25ct": 0.6021428571428575,
      "dpd_80ct": 1.9268571428571442,
      "fire_pnl": 67.44000000000004,
      "miss_pnl": 0
    },
    "15": {
      "total_pnl_cents": 34.199999999999946,
      "total_capital_cents": 562.0,
      "hits": 12,
      "hit_rate": 0.9230769230769231,
      "avg_pnl_per_match": 2.6307692307692268,
      "avg_capital_per_match": 43.23076923076923,
      "roi_pct_per_trade": 6.085409252669029,
      "dpd_baby": 0.12214285714285693,
      "dpd_25ct": 0.3053571428571423,
      "dpd_80ct": 0.9771428571428554,
      "fire_pnl": 77.69999999999995,
      "miss_pnl": -43.5
    },
    "20": {
      "total_pnl_cents": 60.099999999999966,
      "total_capital_cents": 562.0,
      "hits": 12,
      "hit_rate": 0.9230769230769231,
      "avg_pnl_per_match": 4.623076923076921,
      "avg_capital_per_match": 43.23076923076923,
      "roi_pct_per_trade": 10.693950177935937,
      "dpd_baby": 0.214642857142857,
      "dpd_25ct": 0.5366071428571425,
      "dpd_80ct": 1.717142857142856,
      "fire_pnl": 103.59999999999997,
      "miss_pnl": -43.5
    },
    "25": {
      "total_pnl_cents": 31.5,
      "total_capital_cents": 562.0,
      "hits": 11,
      "hit_rate": 0.8461538461538461,
      "avg_pnl_per_match": 2.423076923076923,
      "avg_capital_per_match": 43.23076923076923,
      "roi_pct_per_trade": 5.604982206405694,
      "dpd_baby": 0.1125,
      "dpd_25ct": 0.28125,
      "dpd_80ct": 0.9,
      "fire_pnl": 118.5,
      "miss_pnl": -87.0
    },
    "30": {
      "total_pnl_cents": 55.19999999999999,
      "total_capital_cents": 562.0,
      "hits": 11,
      "hit_rate": 0.8461538461538461,
      "avg_pnl_per_match": 4.246153846153845,
      "avg_capital_per_match": 43.23076923076923,
      "roi_pct_per_trade": 9.8220640569395,
      "dpd_baby": 0.1971428571428571,
      "dpd_25ct": 0.4928571428571427,
      "dpd_80ct": 1.5771428571428567,
      "fire_pnl": 142.20000000000002,
      "miss_pnl": -87.0
    },
    "35": {
      "total_pnl_cents": 20.000000000000043,
      "total_capital_cents": 562.0,
      "hits": 10,
      "hit_rate": 0.7692307692307693,
      "avg_pnl_per_match": 1.5384615384615417,
      "avg_capital_per_match": 43.23076923076923,
      "roi_pct_per_trade": 3.558718861209972,
      "dpd_baby": 0.07142857142857159,
      "dpd_25ct": 0.178571428571429,
      "dpd_80ct": 0.5714285714285727,
      "fire_pnl": 150.50000000000006,
      "miss_pnl": -130.5
    },
    "40": {
      "total_pnl_cents": -19.600000000000037,
      "total_capital_cents": 562.0,
      "hits": 9,
      "hit_rate": 0.6923076923076923,
      "avg_pnl_per_match": -1.5076923076923106,
      "avg_capital_per_match": 43.23076923076923,
      "roi_pct_per_trade": -3.4875444839857717,
      "dpd_baby": -0.07000000000000013,
      "dpd_25ct": -0.17500000000000032,
      "dpd_80ct": -0.560000000000001,
      "fire_pnl": 154.39999999999998,
      "miss_pnl": -174.0
    },
    "50": {
      "total_pnl_cents": 19.0,
      "total_capital_cents": 562.0,
      "hits": 9,
      "hit_rate": 0.6923076923076923,
      "avg_pnl_per_match": 1.4615384615384615,
      "avg_capital_per_match": 43.23076923076923,
      "roi_pct_per_trade": 3.380782918149466,
      "dpd_baby": 0.06785714285714285,
      "dpd_25ct": 0.16964285714285712,
      "dpd_80ct": 0.5428571428571428,
      "fire_pnl": 193.0,
      "miss_pnl": -174.0
    },
    "60": {
      "total_pnl_cents": -10.699999999999974,
      "total_capital_cents": 562.0,
      "hits": 8,
      "hit_rate": 0.6153846153846154,
      "avg_pnl_per_match": -0.8230769230769212,
      "avg_capital_per_match": 43.23076923076923,
      "roi_pct_per_trade": -1.9039145907473265,
      "dpd_baby": -0.038214285714285624,
      "dpd_25ct": -0.09553571428571406,
      "dpd_80ct": -0.305714285714285,
      "fire_pnl": 205.8,
      "miss_pnl": -216.5
    },
    "75": {
      "total_pnl_cents": -32.25,
      "total_capital_cents": 562.0,
      "hits": 7,
      "hit_rate": 0.5384615384615384,
      "avg_pnl_per_match": -2.480769230769231,
      "avg_capital_per_match": 43.23076923076923,
      "roi_pct_per_trade": -5.738434163701068,
      "dpd_baby": -0.11517857142857144,
      "dpd_25ct": -0.2879464285714286,
      "dpd_80ct": -0.9214285714285715,
      "fire_pnl": 225.75,
      "miss_pnl": -258.0
    },
    "100": {
      "total_pnl_cents": -40.5,
      "total_capital_cents": 562.0,
      "hits": 6,
      "hit_rate": 0.46153846153846156,
      "avg_pnl_per_match": -3.1153846153846154,
      "avg_capital_per_match": 43.23076923076923,
      "roi_pct_per_trade": -7.2064056939501775,
      "dpd_baby": -0.14464285714285713,
      "dpd_25ct": -0.3616071428571428,
      "dpd_80ct": -1.157142857142857,
      "fire_pnl": 259.0,
      "miss_pnl": -299.5
    },
    "125": {
      "total_pnl_cents": -65.5,
      "total_capital_cents": 562.0,
      "hits": 1,
      "hit_rate": 0.07692307692307693,
      "avg_pnl_per_match": -5.038461538461538,
      "avg_capital_per_match": 43.23076923076923,
      "roi_pct_per_trade": -11.654804270462634,
      "dpd_baby": -0.23392857142857143,
      "dpd_25ct": -0.5848214285714286,
      "dpd_80ct": -1.8714285714285714,
      "fire_pnl": 52.5,
      "miss_pnl": -118.0
    },
    "150": {
      "total_pnl_cents": -159.5,
      "total_capital_cents": 562.0,
      "hits": 0,
      "hit_rate": 0.0,
      "avg_pnl_per_match": -12.26923076923077,
      "avg_capital_per_match": 43.23076923076923,
      "roi_pct_per_trade": -28.380782918149468,
      "dpd_baby": -0.5696428571428571,
      "dpd_25ct": -1.4241071428571428,
      "dpd_80ct": -4.557142857142857,
      "fire_pnl": 0,
      "miss_pnl": -159.5
    },
    "200": {
      "total_pnl_cents": -159.5,
      "total_capital_cents": 562.0,
      "hits": 0,
      "hit_rate": 0.0,
      "avg_pnl_per_match": -12.26923076923077,
      "avg_capital_per_match": 43.23076923076923,
      "roi_pct_per_trade": -28.380782918149468,
      "dpd_baby": -0.5696428571428571,
      "dpd_25ct": -1.4241071428571428,
      "dpd_80ct": -4.557142857142857,
      "fire_pnl": 0,
      "miss_pnl": -159.5
    },
    "250": {
      "total_pnl_cents": -159.5,