{
  "n_matches": 5,
  "avg_entry": 82.2,
  "n_wins": 3,
  "hold_pnl_total": -111.5,
  "hold_capital_total": 411.0,
  "hold_roi_pct": -27.128953771289538,
  "by_roi": {
    "5": {
      "total_pnl_cents": -65.04999999999997,
      "total_capital_cents": 411.0,
      "hits": 4,
      "hit_rate": 0.8,
      "avg_pnl_per_match": -13.009999999999994,
      "avg_capital_per_match": 82.2,
      "roi_pct_per_trade": -15.8272506082725,
      "dpd_baby": -0.23232142857142843,
      "dpd_25ct": -0.5808035714285711,
      "dpd_80ct": -1.8585714285714274,
      "fire_pnl": 16.45000000000003,
      "miss_pnl": -81.5
    },
    "7": {
      "total_pnl_cents": -58.46999999999997,
      "total_capital_cents": 411.0,
      "hits": 4,
      "hit_rate": 0.8,
      "avg_pnl_per_match": -11.693999999999994,
      "avg_capital_per_match": 82.2,
      "roi_pct_per_trade": -14.226277372262768,
      "dpd_baby": -0.20882142857142846,
      "dpd_25ct": -0.5220535714285711,
      "dpd_80ct": -1.6705714285714277,
      "fire_pnl": 23.03000000000003,
      "miss_pnl": -81.5
    },
    "10": {
      "total_pnl_cents": -48.59999999999998,
      "total_capital_cents": 411.0,
      "hits": 4,
      "hit_rate": 0.8,
      "avg_pnl_per_match": -9.719999999999995,
      "avg_capital_per_match": 82.2,
      "roi_pct_per_trade": -11.824817518248171,
      "dpd_baby": -0.1735714285714285,
      "dpd_25ct": -0.4339285714285712,
      "dpd_80ct": -1.388571428571428,
      "fire_pnl": 32.90000000000002,
      "miss_pnl": -81.5
    },
    "12": {
      "total_pnl_cents": -42.01999999999998,
      "total_capital_cents": 411.0,
      "hits": 4,
      "hit_rate": 0.8,
      "avg_pnl_per_match": -8.403999999999996,
      "avg_capital_per_match": 82.2,
      "roi_pct_per_trade": -10.223844282238439,
      "dpd_baby": -0.1500714285714285,
      "dpd_25ct": -0.37517857142857125,
      "dpd_80ct": -1.200571428571428,
      "fire_pnl": 39.48000000000002,
      "miss_pnl": -81.5
    },
    "15": {
      "total_pnl_cents": -32.15000000000002,
      "total_capital_cents": 411.0,
      "hits": 4,
      "hit_rate": 0.8,
      "avg_pnl_per_match": -6.430000000000004,
      "avg_capital_per_match": 82.2,
      "roi_pct_per_trade": -7.822384428223849,
      "dpd_baby": -0.11482142857142864,
      "dpd_25ct": -0.28705357142857163,
      "dpd_80ct": -0.9185714285714291,
      "fire_pnl": 49.34999999999998,
      "miss_pnl": -81.5
    },
    "20": {
      "total_pnl_cents": -15.800000000000026,
      "total_capital_cents": 411.0,
      "hits": 3,
      "hit_rate": 0.6,
      "avg_pnl_per_match": -3.160000000000005,
      "avg_capital_per_match": 82.2,
      "roi_pct_per_trade": -3.8442822384428283,
      "dpd_baby": -0.056428571428571515,
      "dpd_25ct": -0.1410714285714288,
      "dpd_80ct": -0.4514285714285721,
      "fire_pnl": 49.199999999999974,
      "miss_pnl": -65.0
    },
    "25": {
      "total_pnl_cents": -111.5,
      "total_capital_cents": 411.0,
      "hits": 0,
      "hit_rate": 0.0,
      "avg_pnl_per_match": -22.3,
      "avg_capital_per_match": 82.2,
      "roi_pct_per_trade": -27.128953771289538,
      "dpd_baby": -0.39821428571428574,
      "dpd_25ct": -0.9955357142857144,
      "dpd_80ct": -3.185714285714286,
      "fire_pnl": 0,
      "miss_pnl": -111.5
    },
    "30": {
      "total_pnl_cents": -111.5,
      "total_capital_cents": 411.0,
      "hits": 0,
      "hit_rate": 0.0,
      "avg_pnl_per_match": -22.3,
      "avg_capital_per_match": 82.2,
      "roi_pct_per_trade": -27.128953771289538,
      "dpd_baby": -0.39821428571428574,
      "dpd_25ct": -0.9955357142857144,
      "dpd_80ct": -3.185714285714286,
      "fire_pnl": 0,
      "miss_pnl": -111.5
    },
    "35": {
      "total_pnl_cents": -111.5,
      "total_capital_cents": 411.0,
      "hits": 0,
      "hit_rate": 0.0,
      "avg_pnl_per_match": -22.3,
      "avg_capital_per_match": 82.2,
      "roi_pct_per_trade": -27.128953771289538,
      "dpd_baby": -0.39821428571428574,
      "dpd_25ct": -0.9955357142857144,
      "dpd_80ct": -3.185714285714286,
      "fire_pnl": 0,
      "miss_pnl": -111.5
    },
    "40": {
      "total_pnl_cents": -111.5,
      "total_capital_cents": 411.0,
      "hits": 0,
      "hit_rate": 0.0,
      "avg_pnl_per_match": -22.3,
      "avg_capital_per_match": 82.2,
      "roi_pct_per_trade": -27.128953771289538,
      "dpd_baby": -0.39821428571428574,
      "dpd_25ct": -0.9955357142857144,
      "dpd_80ct": -3.185714285714286,
      "fire_pnl": 0,
      "miss_pnl": -111.5
    },
    "50": {
      "total_pnl_cents": -111.5,
      "total_capital_cents": 411.0,
      "hits": 0,
      "hit_rate": 0.0,
      "avg_pnl_per_match": -22.3,
      "avg_capital_per_match": 82.2,
      "roi_pct_per_trade": -27.128953771289538,
      "dpd_baby": -0.39821428571428574,
      "dpd_25ct": -0.9955357142857144,
      "dpd_80ct": -3.185714285714286,
      "fire_pnl": 0,
      "miss_pnl": -111.5
    },
    "60": {
      "total_pnl_cents": -111.5,
      "total_capital_cents": 411.0,
      "hits": 0,
      "hit_rate": 0.0,
      "avg_pnl_per_match": -22.3,
      "avg_capital_per_match": 82.2,
      "roi_pct_per_trade": -27.128953771289538,
      "dpd_baby": -0.39821428571428574,
      "dpd_25ct": -0.9955357142857144,
      "dpd_80ct": -3.185714285714286,
      "fire_pnl": 0,
      "miss_pnl": -111.5
    },
    "75": {
      "total_pnl_cents": -111.5,
      "total_capital_cents": 411.0,
      "hits": 0,
      "hit_rate": 0.0,
      "avg_pnl_per_match": -22.3,
      "avg_capital_per_match": 82.2,
      "roi_pct_per_trade": -27.128953771289538,
      "dpd_baby": -0.39821428571428574,
      "dpd_25ct": -0.9955357142857144,
      "dpd_80ct": -3.185714285714286,
      "fire_pnl": 0,
      "miss_pnl": -111.5
    },
    "100": {
      "total_pnl_cents": -111.5,
      "total_capital_cents": 411.0,
      "hits": 0,
      "hit_rate": 0.0,
      "avg_pnl_per_match": -22.3,
      "avg_capital_per_match": 82.2,
      "roi_pct_per_trade": -27.128953771289538,
      "dpd_baby": -0.39821428571428574,
      "dpd_25ct": -0.9955357142857144,
      "dpd_80ct": -3.185714285714286,
      "fire_pnl": 0,
      "miss_pnl": -111.5
    },
    "125": {
      "total_pnl_cents": -111.5,
      "total_capital_cents": 411.0,
      "hits": 0,
      "hit_rate": 0.0,
      "avg_pnl_per_match": -22.3,
      "avg_capital_per_match": 82.2,
      "roi_pct_per_trade": -27.128953771289538,
      "dpd_baby": -0.39821428571428574,
      "dpd_25ct": -0.9955357142857144,
      "dpd_80ct": -3.185714285714286,
      "fire_pnl": 0,
      "miss_pnl": -111.5
    },
    "150": {
      "total_pnl_cents": -111.5,
      "total_capital_cents": 411.0,
      "hits": 0,
      "hit_rate": 0.0,
      "avg_pnl_per_match": -22.3,
      "avg_capital_per_match": 82.2,
      "roi_pct_per_trade": -27.128953771289538,
      "dpd_baby": -0.39821428571428574,
      "dpd_25ct": -0.9955357142857144,
      "dpd_80ct": -3.185714285714286,
      "fire_pnl": 0,
      "miss_pnl": -111.5
    },
    "200": {
      "total_pnl_cents": -111.5,
      "total_capital_cents": 411.0,
      "hits": 0,
      "hit_rate": 0.0,
      "avg_pnl_per_match": -22.3,
      "avg_capital_per_match": 82.2,
      "roi_pct_per_trade": -27.128953771289538,
      "dpd_baby": -0.39821428571428574,
      "dpd_25ct": -0.9955357142857144,
      "dpd_80ct": -3.185714285714286,
      "fire_pnl": 0,
      "miss_pnl": -111.5
    },
    "250": {
      "total_pnl_cents": -111.5,
      "total_capital_cents": 411.0,
      "hits": 0,
      "hit_rate": 0.0,
      "avg_pnl_per_match": -22.3,
      "avg_capital_per_match": 82.2,
      "roi_pct_per_trade": -27.128953771289538,
      "dpd_baby": -0.39821428571428574,
      "dpd_25ct": -0.9955357142857144,
      "dpd_80ct": -3.185714285714286,
      "fire_pnl": 0,
      "miss_pnl": -111.5
    },
    "300": {
      "total_pnl_cents": -111.5,
      "total_capital_cents": 411.0,
      "hits": 0,
      "hit_rate": 0.0,
      "avg_pnl_per_match": -22.3,
      "avg_capital_per_match": 82.2,