{
  "n_matches": 13,
  "avg_entry": 42.53846153846154,
  "n_wins": 6,
  "hold_pnl_total": 47.5,
  "hold_capital_total": 553.0,
  "hold_roi_pct": 8.589511754068717,
  "by_roi": {
    "5": {
      "total_pnl_cents": -147.8,
      "total_capital_cents": 553.0,
      "hits": 9,
      "hit_rate": 0.6923076923076923,
      "avg_pnl_per_match": -11.36923076923077,
      "avg_capital_per_match": 42.53846153846154,
      "roi_pct_per_trade": -26.72694394213382,
      "dpd_baby": -0.5278571428571428,
      "dpd_25ct": -1.3196428571428571,
      "dpd_80ct": -4.222857142857142,
      "fire_pnl": 19.200000000000017,
      "miss_pnl": -167.0
    },
    "7": {
      "total_pnl_cents": -140.11999999999992,
      "total_capital_cents": 553.0,
      "hits": 9,
      "hit_rate": 0.6923076923076923,
      "avg_pnl_per_match": -10.778461538461531,
      "avg_capital_per_match": 42.53846153846154,
      "roi_pct_per_trade": -25.33815551537069,
      "dpd_baby": -0.5004285714285711,
      "dpd_25ct": -1.2510714285714277,
      "dpd_80ct": -4.003428571428569,
      "fire_pnl": 26.880000000000045,
      "miss_pnl": -167.0
    },
    "10": {
      "total_pnl_cents": -176.49999999999997,
      "total_capital_cents": 553.0,
      "hits": 8,
      "hit_rate": 0.6153846153846154,
      "avg_pnl_per_match": -13.576923076923075,
      "avg_capital_per_match": 42.53846153846154,
      "roi_pct_per_trade": -31.91681735985533,
      "dpd_baby": -0.6303571428571428,
      "dpd_25ct": -1.5758928571428572,
      "dpd_80ct": -5.042857142857143,
      "fire_pnl": 34.00000000000003,
      "miss_pnl": -210.5
    },
    "12": {
      "total_pnl_cents": -169.69999999999996,
      "total_capital_cents": 553.0,
      "hits": 8,
      "hit_rate": 0.6153846153846154,
      "avg_pnl_per_match": -13.05384615384615,
      "avg_capital_per_match": 42.53846153846154,
      "roi_pct_per_trade": -30.68716094032549,
      "dpd_baby": -0.6060714285714284,
      "dpd_25ct": -1.5151785714285708,
      "dpd_80ct": -4.848571428571427,
      "fire_pnl": 40.800000000000026,
      "miss_pnl": -210.5
    },
    "15": {
      "total_pnl_cents": -159.50000000000003,
      "total_capital_cents": 553.0,
      "hits": 8,
      "hit_rate": 0.6153846153846154,
      "avg_pnl_per_match": -12.269230769230772,
      "avg_capital_per_match": 42.53846153846154,
      "roi_pct_per_trade": -28.842676311030747,
      "dpd_baby": -0.5696428571428572,
      "dpd_25ct": -1.424107142857143,
      "dpd_80ct": -4.557142857142858,
      "fire_pnl": 50.99999999999997,
      "miss_pnl": -210.5
    },
    "20": {
      "total_pnl_cents": -142.5,
      "total_capital_cents": 553.0,
      "hits": 8,
      "hit_rate": 0.6153846153846154,
      "avg_pnl_per_match": -10.961538461538462,
      "avg_capital_per_match": 42.53846153846154,
      "roi_pct_per_trade": -25.768535262206147,
      "dpd_baby": -0.5089285714285714,
      "dpd_25ct": -1.2723214285714284,
      "dpd_80ct": -4.071428571428571,
      "fire_pnl": 67.99999999999999,
      "miss_pnl": -210.5
    },
    "25": {
      "total_pnl_cents": -125.5,
      "total_capital_cents": 553.0,
      "hits": 8,
      "hit_rate": 0.6153846153846154,
      "avg_pnl_per_match": -9.653846153846153,
      "avg_capital_per_match": 42.53846153846154,
      "roi_pct_per_trade": -22.694394213381557,
      "dpd_baby": -0.44821428571428573,
      "dpd_25ct": -1.1205357142857144,
      "dpd_80ct": -3.585714285714286,
      "fire_pnl": 85.0,
      "miss_pnl": -210.5
    },
    "30": {
      "total_pnl_cents": -108.49999999999999,
      "total_capital_cents": 553.0,
      "hits": 8,
      "hit_rate": 0.6153846153846154,
      "avg_pnl_per_match": -8.346153846153845,
      "avg_capital_per_match": 42.53846153846154,
      "roi_pct_per_trade": -19.62025316455696,
      "dpd_baby": -0.3874999999999999,
      "dpd_25ct": -0.9687499999999998,
      "dpd_80ct": -3.099999999999999,
      "fire_pnl": 102.0,
      "miss_pnl": -210.5
    },
    "35": {
      "total_pnl_cents": -91.49999999999997,
      "total_capital_cents": 553.0,
      "hits": 8,
      "hit_rate": 0.6153846153846154,
      "avg_pnl_per_match": -7.0384615384615365,
      "avg_capital_per_match": 42.53846153846154,
      "roi_pct_per_trade": -16.546112115732363,
      "dpd_baby": -0.32678571428571423,
      "dpd_25ct": -0.8169642857142856,
      "dpd_80ct": -2.614285714285714,
      "fire_pnl": 119.00000000000003,
      "miss_pnl": -210.5
    },
    "40": {
      "total_pnl_cents": -74.50000000000003,
      "total_capital_cents": 553.0,
      "hits": 8,
      "hit_rate": 0.6153846153846154,
      "avg_pnl_per_match": -5.730769230769233,
      "avg_capital_per_match": 42.53846153846154,
      "roi_pct_per_trade": -13.47197106690778,
      "dpd_baby": -0.2660714285714286,
      "dpd_25ct": -0.6651785714285716,
      "dpd_80ct": -2.128571428571429,
      "fire_pnl": 135.99999999999997,
      "miss_pnl": -210.5
    },
    "50": {
      "total_pnl_cents": -40.5,
      "total_capital_cents": 553.0,
      "hits": 8,
      "hit_rate": 0.6153846153846154,
      "avg_pnl_per_match": -3.1153846153846154,
      "avg_capital_per_match": 42.53846153846154,
      "roi_pct_per_trade": -7.32368896925859,
      "dpd_baby": -0.14464285714285713,
      "dpd_25ct": -0.3616071428571428,
      "dpd_80ct": -1.157142857142857,
      "fire_pnl": 170.0,
      "miss_pnl": -210.5
    },
    "60": {
      "total_pnl_cents": -6.499999999999972,
      "total_capital_cents": 553.0,
      "hits": 8,
      "hit_rate": 0.6153846153846154,
      "avg_pnl_per_match": -0.49999999999999784,
      "avg_capital_per_match": 42.53846153846154,
      "roi_pct_per_trade": -1.1754068716093982,
      "dpd_baby": -0.02321428571428561,
      "dpd_25ct": -0.058035714285714024,
      "dpd_80ct": -0.1857142857142849,
      "fire_pnl": 204.0,
      "miss_pnl": -210.5
    },
    "75": {
      "total_pnl_cents": 44.5,
      "total_capital_cents": 553.0,
      "hits": 8,
      "hit_rate": 0.6153846153846154,
      "avg_pnl_per_match": 3.423076923076923,
      "avg_capital_per_match": 42.53846153846154,
      "roi_pct_per_trade": 8.047016274864376,
      "dpd_baby": 0.15892857142857145,
      "dpd_25ct": 0.3973214285714286,
      "dpd_80ct": 1.2714285714285716,
      "fire_pnl": 255.0,
      "miss_pnl": -210.5
    },
    "100": {
      "total_pnl_cents": 42.0,
      "total_capital_cents": 553.0,
      "hits": 7,
      "hit_rate": 0.5384615384615384,
      "avg_pnl_per_match": 3.230769230769231,
      "avg_capital_per_match": 42.53846153846154,
      "roi_pct_per_trade": 7.594936708860759,
      "dpd_baby": 0.15,
      "dpd_25ct": 0.375,
      "dpd_80ct": 1.2,
      "fire_pnl": 296.0,
      "miss_pnl": -254.0
    },
    "125": {
      "total_pnl_cents": 23.5,
      "total_capital_cents": 553.0,
      "hits": 3,
      "hit_rate": 0.23076923076923078,
      "avg_pnl_per_match": 1.8076923076923077,
      "avg_capital_per_match": 42.53846153846154,
      "roi_pct_per_trade": 4.249547920433996,
      "dpd_baby": 0.08392857142857144,
      "dpd_25ct": 0.2098214285714286,
      "dpd_80ct": 0.6714285714285715,
      "fire_pnl": 152.5,
      "miss_pnl": -129.0
    },
    "150": {
      "total_pnl_cents": 47.5,
      "total_capital_cents": 553.0,
      "hits": 0,
      "hit_rate": 0.0,
      "avg_pnl_per_match": 3.6538461538461537,
      "avg_capital_per_match": 42.53846153846154,
      "roi_pct_per_trade": 8.589511754068717,
      "dpd_baby": 0.16964285714285715,
      "dpd_25ct": 0.4241071428571429,
      "dpd_80ct": 1.3571428571428572,
      "fire_pnl": 0,
      "miss_pnl": 47.5
    },
    "200": {
      "total_pnl_cents": 47.5,
      "total_capital_cents": 553.0,
      "hits": 0,
      "hit_rate": 0.0,
      "avg_pnl_per_match": 3.6538461538461537,
      "avg_capital_per_match": 42.53846153846154,
      "roi_pct_per_trade": 8.589511754068717,
      "dpd_baby": 0.16964285714285715,
      "dpd_25ct": 0.4241071428571429,
      "dpd_80ct": 1.3571428571428572,
      "fire_pnl": 0,
      "miss_pnl": 47.5
    },