{
  "n_matches": 6,
  "avg_entry": 56.0,
  "n_wins": 1,
  "hold_pnl_total": -234.0,
  "hold_capital_total": 336.0,
  "hold_roi_pct": -69.64285714285714,
  "by_roi": {
    "5": {
      "total_pnl_cents": -41.49999999999998,
      "total_capital_cents": 336.0,
      "hits": 5,
      "hit_rate": 0.8333333333333334,
      "avg_pnl_per_match": -6.916666666666663,
      "avg_capital_per_match": 56.0,
      "roi_pct_per_trade": -12.351190476190471,
      "dpd_baby": -0.14821428571428563,
      "dpd_25ct": -0.3705357142857141,
      "dpd_80ct": -1.185714285714285,
      "fire_pnl": 14.000000000000021,
      "miss_pnl": -55.5
    },
    "7": {
      "total_pnl_cents": -95.32,
      "total_capital_cents": 336.0,
      "hits": 4,
      "hit_rate": 0.6666666666666666,
      "avg_pnl_per_match": -15.886666666666665,
      "avg_capital_per_match": 56.0,
      "roi_pct_per_trade": -28.36904761904762,
      "dpd_baby": -0.3404285714285714,
      "dpd_25ct": -0.8510714285714285,
      "dpd_80ct": -2.7234285714285713,
      "fire_pnl": 15.680000000000007,
      "miss_pnl": -111.0
    },
    "10": {
      "total_pnl_cents": -88.59999999999997,
      "total_capital_cents": 336.0,
      "hits": 4,
      "hit_rate": 0.6666666666666666,
      "avg_pnl_per_match": -14.76666666666666,
      "avg_capital_per_match": 56.0,
      "roi_pct_per_trade": -26.36904761904761,
      "dpd_baby": -0.3164285714285713,
      "dpd_25ct": -0.7910714285714282,
      "dpd_80ct": -2.5314285714285703,
      "fire_pnl": 22.400000000000034,
      "miss_pnl": -111.0
    },
    "12": {
      "total_pnl_cents": -84.11999999999998,
      "total_capital_cents": 336.0,
      "hits": 4,
      "hit_rate": 0.6666666666666666,
      "avg_pnl_per_match": -14.019999999999996,
      "avg_capital_per_match": 56.0,
      "roi_pct_per_trade": -25.03571428571428,
      "dpd_baby": -0.3004285714285714,
      "dpd_25ct": -0.7510714285714284,
      "dpd_80ct": -2.403428571428571,
      "fire_pnl": 26.880000000000024,
      "miss_pnl": -111.0
    },
    "15": {
      "total_pnl_cents": -77.40000000000003,
      "total_capital_cents": 336.0,
      "hits": 4,
      "hit_rate": 0.6666666666666666,
      "avg_pnl_per_match": -12.900000000000006,
      "avg_capital_per_match": 56.0,
      "roi_pct_per_trade": -23.035714285714295,
      "dpd_baby": -0.2764285714285716,
      "dpd_25ct": -0.691071428571429,
      "dpd_80ct": -2.2114285714285726,
      "fire_pnl": 33.599999999999966,
      "miss_pnl": -111.0
    },
    "20": {
      "total_pnl_cents": -66.19999999999999,
      "total_capital_cents": 336.0,
      "hits": 4,
      "hit_rate": 0.6666666666666666,
      "avg_pnl_per_match": -11.033333333333331,
      "avg_capital_per_match": 56.0,
      "roi_pct_per_trade": -19.70238095238095,
      "dpd_baby": -0.2364285714285714,
      "dpd_25ct": -0.5910714285714285,
      "dpd_80ct": -1.8914285714285712,
      "fire_pnl": 44.80000000000001,
      "miss_pnl": -111.0
    },
    "25": {
      "total_pnl_cents": -55.0,
      "total_capital_cents": 336.0,
      "hits": 4,
      "hit_rate": 0.6666666666666666,
      "avg_pnl_per_match": -9.166666666666666,
      "avg_capital_per_match": 56.0,
      "roi_pct_per_trade": -16.36904761904762,
      "dpd_baby": -0.19642857142857142,
      "dpd_25ct": -0.49107142857142855,
      "dpd_80ct": -1.5714285714285714,
      "fire_pnl": 56.0,
      "miss_pnl": -111.0
    },
    "30": {
      "total_pnl_cents": -116.09999999999998,
      "total_capital_cents": 336.0,
      "hits": 3,
      "hit_rate": 0.5,
      "avg_pnl_per_match": -19.349999999999998,
      "avg_capital_per_match": 56.0,
      "roi_pct_per_trade": -34.55357142857142,
      "dpd_baby": -0.41464285714285704,
      "dpd_25ct": -1.0366071428571426,
      "dpd_80ct": -3.3171428571428563,
      "fire_pnl": 50.39999999999999,
      "miss_pnl": -166.5
    },
    "35": {
      "total_pnl_cents": -107.69999999999996,
      "total_capital_cents": 336.0,
      "hits": 3,
      "hit_rate": 0.5,
      "avg_pnl_per_match": -17.949999999999992,
      "avg_capital_per_match": 56.0,
      "roi_pct_per_trade": -32.053571428571416,
      "dpd_baby": -0.384642857142857,
      "dpd_25ct": -0.9616071428571425,
      "dpd_80ct": -3.077142857142856,
      "fire_pnl": 58.800000000000026,
      "miss_pnl": -166.5
    },
    "40": {
      "total_pnl_cents": -99.30000000000004,
      "total_capital_cents": 336.0,
      "hits": 3,
      "hit_rate": 0.5,
      "avg_pnl_per_match": -16.550000000000008,
      "avg_capital_per_match": 56.0,
      "roi_pct_per_trade": -29.553571428571438,
      "dpd_baby": -0.3546428571428573,
      "dpd_25ct": -0.8866071428571433,
      "dpd_80ct": -2.8371428571428585,
      "fire_pnl": 67.19999999999997,
      "miss_pnl": -166.5
    },
    "50": {
      "total_pnl_cents": -82.5,
      "total_capital_cents": 336.0,
      "hits": 3,
      "hit_rate": 0.5,
      "avg_pnl_per_match": -13.75,
      "avg_capital_per_match": 56.0,
      "roi_pct_per_trade": -24.553571428571427,
      "dpd_baby": -0.29464285714285715,
      "dpd_25ct": -0.7366071428571429,
      "dpd_80ct": -2.357142857142857,
      "fire_pnl": 84.0,
      "miss_pnl": -166.5
    },
    "60": {
      "total_pnl_cents": -65.69999999999996,
      "total_capital_cents": 336.0,
      "hits": 3,
      "hit_rate": 0.5,
      "avg_pnl_per_match": -10.949999999999994,
      "avg_capital_per_match": 56.0,
      "roi_pct_per_trade": -19.553571428571416,
      "dpd_baby": -0.234642857142857,
      "dpd_25ct": -0.5866071428571424,
      "dpd_80ct": -1.877142857142856,
      "fire_pnl": 100.80000000000003,
      "miss_pnl": -166.5
    },
    "75": {
      "total_pnl_cents": -40.5,
      "total_capital_cents": 336.0,
      "hits": 3,
      "hit_rate": 0.5,
      "avg_pnl_per_match": -6.75,
      "avg_capital_per_match": 56.0,
      "roi_pct_per_trade": -12.053571428571429,
      "dpd_baby": -0.14464285714285713,
      "dpd_25ct": -0.3616071428571428,
      "dpd_80ct": -1.157142857142857,
      "fire_pnl": 126.0,
      "miss_pnl": -166.5
    },
    "100": {
      "total_pnl_cents": -234.0,
      "total_capital_cents": 336.0,
      "hits": 0,
      "hit_rate": 0.0,
      "avg_pnl_per_match": -39.0,
      "avg_capital_per_match": 56.0,
      "roi_pct_per_trade": -69.64285714285714,
      "dpd_baby": -0.8357142857142856,
      "dpd_25ct": -2.089285714285714,
      "dpd_80ct": -6.685714285714285,
      "fire_pnl": 0,
      "miss_pnl": -234.0
    },
    "125": {
      "total_pnl_cents": -234.0,
      "total_capital_cents": 336.0,
      "hits": 0,
      "hit_rate": 0.0,
      "avg_pnl_per_match": -39.0,
      "avg_capital_per_match": 56.0,
      "roi_pct_per_trade": -69.64285714285714,
      "dpd_baby": -0.8357142857142856,
      "dpd_25ct": -2.089285714285714,
      "dpd_80ct": -6.685714285714285,
      "fire_pnl": 0,
      "miss_pnl": -234.0
    },
    "150": {
      "total_pnl_cents": -234.0,
      "total_capital_cents": 336.0,
      "hits": 0,
      "hit_rate": 0.0,
      "avg_pnl_per_match": -39.0,
      "avg_capital_per_match": 56.0,
      "roi_pct_per_trade": -69.64285714285714,
      "dpd_baby": -0.8357142857142856,
      "dpd_25ct": -2.089285714285714,
      "dpd_80ct": -6.685714285714285,
      "fire_pnl": 0,
      "miss_pnl": -234.0
    },
    "200": {
      "total_pnl_cents": -234.0,
      "total_capital_cents": 336.0,
      "hits": 0,
      "hit_rate": 0.0,
      "avg_pnl_per_match": -39.0,
      "avg_capital_per_match": 56.0,
      "roi_pct_per_trade": -69.64285714285714,
      "dpd_baby": -0.8357142857142856,
      "dpd_25ct": -2.089285714285714,
      "dpd_80ct": -6.685714285714285,
      "fire_pnl": 0,
      "miss_pnl": -234.0
    },
    "250": {
      "total_pnl_cents": -234.0,
      "total_capital_cents": 336.0,
      "hits": 0,
      "hit_rate": 0.0,
      "avg_pnl_per_match": -39.0,
      "avg_capital_per_match": 56.0,
      "roi_pct_per_trade": -69.64285714285714,
      "dpd_baby": -0.8357142857142856,
      "dpd_25ct": -2.089285714285714,