{
  "n_matches": 9,
  "avg_entry": 36.0,
  "n_wins": 2,
  "hold_pnl_total": -121.5,
  "hold_capital_total": 324.0,
  "hold_roi_pct": -37.5,
  "by_roi": {
    "5": {
      "total_pnl_cents": -58.39999999999998,
      "total_capital_cents": 324.0,
      "hits": 7,
      "hit_rate": 0.7777777777777778,
      "avg_pnl_per_match": -6.488888888888886,
      "avg_capital_per_match": 36.0,
      "roi_pct_per_trade": -18.024691358024686,
      "dpd_baby": -0.2085714285714285,
      "dpd_25ct": -0.5214285714285712,
      "dpd_80ct": -1.668571428571428,
      "fire_pnl": 12.600000000000023,
      "miss_pnl": -71.0
    },
    "7": {
      "total_pnl_cents": -53.35999999999998,
      "total_capital_cents": 324.0,
      "hits": 7,
      "hit_rate": 0.7777777777777778,
      "avg_pnl_per_match": -5.928888888888887,
      "avg_capital_per_match": 36.0,
      "roi_pct_per_trade": -16.46913580246913,
      "dpd_baby": -0.19057142857142848,
      "dpd_25ct": -0.4764285714285712,
      "dpd_80ct": -1.5245714285714278,
      "fire_pnl": 17.640000000000022,
      "miss_pnl": -71.0
    },
    "10": {
      "total_pnl_cents": -45.79999999999999,
      "total_capital_cents": 324.0,
      "hits": 7,
      "hit_rate": 0.7777777777777778,
      "avg_pnl_per_match": -5.088888888888888,
      "avg_capital_per_match": 36.0,
      "roi_pct_per_trade": -14.1358024691358,
      "dpd_baby": -0.16357142857142853,
      "dpd_25ct": -0.4089285714285713,
      "dpd_80ct": -1.3085714285714283,
      "fire_pnl": 25.20000000000001,
      "miss_pnl": -71.0
    },
    "12": {
      "total_pnl_cents": -40.759999999999955,
      "total_capital_cents": 324.0,
      "hits": 7,
      "hit_rate": 0.7777777777777778,
      "avg_pnl_per_match": -4.528888888888884,
      "avg_capital_per_match": 36.0,
      "roi_pct_per_trade": -12.580246913580233,
      "dpd_baby": -0.14557142857142844,
      "dpd_25ct": -0.3639285714285711,
      "dpd_80ct": -1.1645714285714275,
      "fire_pnl": 30.240000000000045,
      "miss_pnl": -71.0
    },
    "15": {
      "total_pnl_cents": -33.20000000000001,
      "total_capital_cents": 324.0,
      "hits": 7,
      "hit_rate": 0.7777777777777778,
      "avg_pnl_per_match": -3.68888888888889,
      "avg_capital_per_match": 36.0,
      "roi_pct_per_trade": -10.246913580246916,
      "dpd_baby": -0.11857142857142862,
      "dpd_25ct": -0.29642857142857154,
      "dpd_80ct": -0.948571428571429,
      "fire_pnl": 37.79999999999999,
      "miss_pnl": -71.0
    },
    "20": {
      "total_pnl_cents": -20.600000000000023,
      "total_capital_cents": 324.0,
      "hits": 7,
      "hit_rate": 0.7777777777777778,
      "avg_pnl_per_match": -2.2888888888888914,
      "avg_capital_per_match": 36.0,
      "roi_pct_per_trade": -6.358024691358032,
      "dpd_baby": -0.07357142857142865,
      "dpd_25ct": -0.1839285714285716,
      "dpd_80ct": -0.5885714285714292,
      "fire_pnl": 50.39999999999998,
      "miss_pnl": -71.0
    },
    "25": {
      "total_pnl_cents": -8.0,
      "total_capital_cents": 324.0,
      "hits": 7,
      "hit_rate": 0.7777777777777778,
      "avg_pnl_per_match": -0.8888888888888888,
      "avg_capital_per_match": 36.0,
      "roi_pct_per_trade": -2.4691358024691357,
      "dpd_baby": -0.028571428571428574,
      "dpd_25ct": -0.07142857142857144,
      "dpd_80ct": -0.2285714285714286,
      "fire_pnl": 63.0,
      "miss_pnl": -71.0
    },
    "30": {
      "total_pnl_cents": 4.600000000000023,
      "total_capital_cents": 324.0,
      "hits": 7,
      "hit_rate": 0.7777777777777778,
      "avg_pnl_per_match": 0.5111111111111136,
      "avg_capital_per_match": 36.0,
      "roi_pct_per_trade": 1.41975308641976,
      "dpd_baby": 0.01642857142857151,
      "dpd_25ct": 0.04107142857142878,
      "dpd_80ct": 0.1314285714285721,
      "fire_pnl": 75.60000000000002,
      "miss_pnl": -71.0
    },
    "35": {
      "total_pnl_cents": 17.20000000000001,
      "total_capital_cents": 324.0,
      "hits": 7,
      "hit_rate": 0.7777777777777778,
      "avg_pnl_per_match": 1.9111111111111123,
      "avg_capital_per_match": 36.0,
      "roi_pct_per_trade": 5.308641975308645,
      "dpd_baby": 0.061428571428571464,
      "dpd_25ct": 0.15357142857142866,
      "dpd_80ct": 0.4914285714285717,
      "fire_pnl": 88.20000000000002,
      "miss_pnl": -71.0
    },
    "40": {
      "total_pnl_cents": 29.79999999999999,
      "total_capital_cents": 324.0,
      "hits": 7,
      "hit_rate": 0.7777777777777778,
      "avg_pnl_per_match": 3.31111111111111,
      "avg_capital_per_match": 36.0,
      "roi_pct_per_trade": 9.197530864197528,
      "dpd_baby": 0.10642857142857139,
      "dpd_25ct": 0.26607142857142846,
      "dpd_80ct": 0.8514285714285711,
      "fire_pnl": 100.79999999999998,
      "miss_pnl": -71.0
    },
    "50": {
      "total_pnl_cents": 55.0,
      "total_capital_cents": 324.0,
      "hits": 7,
      "hit_rate": 0.7777777777777778,
      "avg_pnl_per_match": 6.111111111111111,
      "avg_capital_per_match": 36.0,
      "roi_pct_per_trade": 16.97530864197531,
      "dpd_baby": 0.19642857142857142,
      "dpd_25ct": 0.49107142857142855,
      "dpd_80ct": 1.5714285714285714,
      "fire_pnl": 126.0,
      "miss_pnl": -71.0
    },
    "60": {
      "total_pnl_cents": 80.20000000000002,
      "total_capital_cents": 324.0,
      "hits": 7,
      "hit_rate": 0.7777777777777778,
      "avg_pnl_per_match": 8.911111111111113,
      "avg_capital_per_match": 36.0,
      "roi_pct_per_trade": 24.753086419753092,
      "dpd_baby": 0.28642857142857153,
      "dpd_25ct": 0.7160714285714288,
      "dpd_80ct": 2.2914285714285723,
      "fire_pnl": 151.20000000000002,
      "miss_pnl": -71.0
    },
    "75": {
      "total_pnl_cents": 118.0,
      "total_capital_cents": 324.0,
      "hits": 7,
      "hit_rate": 0.7777777777777778,
      "avg_pnl_per_match": 13.11111111111111,
      "avg_capital_per_match": 36.0,
      "roi_pct_per_trade": 36.41975308641975,
      "dpd_baby": 0.42142857142857143,
      "dpd_25ct": 1.0535714285714286,
      "dpd_80ct": 3.3714285714285714,
      "fire_pnl": 189.0,
      "miss_pnl": -71.0
    },
    "100": {
      "total_pnl_cents": -31.5,
      "total_capital_cents": 324.0,
      "hits": 4,
      "hit_rate": 0.4444444444444444,
      "avg_pnl_per_match": -3.5,
      "avg_capital_per_match": 36.0,
      "roi_pct_per_trade": -9.722222222222221,
      "dpd_baby": -0.1125,
      "dpd_25ct": -0.28125,
      "dpd_80ct": -0.9,
      "fire_pnl": 145.0,
      "miss_pnl": -176.5
    },
    "125": {
      "total_pnl_cents": -78.0,
      "total_capital_cents": 324.0,
      "hits": 3,
      "hit_rate": 0.3333333333333333,
      "avg_pnl_per_match": -8.666666666666666,
      "avg_capital_per_match": 36.0,
      "roi_pct_per_trade": -24.074074074074073,
      "dpd_baby": -0.2785714285714286,
      "dpd_25ct": -0.6964285714285714,
      "dpd_80ct": -2.2285714285714286,
      "fire_pnl": 135.0,
      "miss_pnl": -213.0
    },
    "150": {
      "total_pnl_cents": -51.0,
      "total_capital_cents": 324.0,
      "hits": 3,
      "hit_rate": 0.3333333333333333,
      "avg_pnl_per_match": -5.666666666666667,
      "avg_capital_per_match": 36.0,
      "roi_pct_per_trade": -15.74074074074074,
      "dpd_baby": -0.18214285714285713,
      "dpd_25ct": -0.45535714285714285,
      "dpd_80ct": -1.457142857142857,
      "fire_pnl": 162.0,
      "miss_pnl": -213.0
    },
    "200": {
      "total_pnl_cents": -121.5,
      "total_capital_cents": 324.0,
      "hits": 0,
      "hit_rate": 0.0,
      "avg_pnl_per_match": -13.5,
      "avg_capital_per_match": 36.0,
      "roi_pct_per_trade": -37.5,
      "dpd_baby": -0.43392857142857144,
      "dpd_25ct": -1.0848214285714286,
      "dpd_80ct": -3.4714285714285715,
      "fire_pnl": 0,
      "miss_pnl": -121.5
    },
    "250": {
      "total_pnl_cents": -121.5,
      "total_capital_cents": 324.0,
      "hits": 0,
      "hit_rate": 0.0,
      "avg_pnl_per_match": -13.5,
      "avg_capital_per_match": 36.0,
      "roi_pct_per_trade": -37.5,