{
  "n_matches": 7,
  "avg_entry": 63.0,
  "n_wins": 4,
  "hold_pnl_total": -41.5,
  "hold_capital_total": 441.0,
  "hold_roi_pct": -9.410430839002268,
  "by_roi": {
    "5": {
      "total_pnl_cents": -109.24999999999997,
      "total_capital_cents": 441.0,
      "hits": 5,
      "hit_rate": 0.7142857142857143,
      "avg_pnl_per_match": -15.607142857142852,
      "avg_capital_per_match": 63.0,
      "roi_pct_per_trade": -24.77324263038548,
      "dpd_baby": -0.3901785714285713,
      "dpd_25ct": -0.9754464285714283,
      "dpd_80ct": -3.1214285714285706,
      "fire_pnl": 15.750000000000028,
      "miss_pnl": -125.0
    },
    "7": {
      "total_pnl_cents": -102.94999999999997,
      "total_capital_cents": 441.0,
      "hits": 5,
      "hit_rate": 0.7142857142857143,
      "avg_pnl_per_match": -14.707142857142854,
      "avg_capital_per_match": 63.0,
      "roi_pct_per_trade": -23.344671201814055,
      "dpd_baby": -0.36767857142857135,
      "dpd_25ct": -0.9191964285714284,
      "dpd_80ct": -2.941428571428571,
      "fire_pnl": 22.050000000000026,
      "miss_pnl": -125.0
    },
    "10": {
      "total_pnl_cents": -161.19999999999996,
      "total_capital_cents": 441.0,
      "hits": 4,
      "hit_rate": 0.5714285714285714,
      "avg_pnl_per_match": -23.02857142857142,
      "avg_capital_per_match": 63.0,
      "roi_pct_per_trade": -36.553287981859405,
      "dpd_baby": -0.5757142857142855,
      "dpd_25ct": -1.4392857142857138,
      "dpd_80ct": -4.605714285714284,
      "fire_pnl": 25.300000000000026,
      "miss_pnl": -186.5
    },
    "12": {
      "total_pnl_cents": -156.14,
      "total_capital_cents": 441.0,
      "hits": 4,
      "hit_rate": 0.5714285714285714,
      "avg_pnl_per_match": -22.305714285714284,
      "avg_capital_per_match": 63.0,
      "roi_pct_per_trade": -35.40589569160997,
      "dpd_baby": -0.5576428571428571,
      "dpd_25ct": -1.3941071428571428,
      "dpd_80ct": -4.461142857142857,
      "fire_pnl": 30.360000000000028,
      "miss_pnl": -186.5
    },
    "15": {
      "total_pnl_cents": -148.55000000000004,
      "total_capital_cents": 441.0,
      "hits": 4,
      "hit_rate": 0.5714285714285714,
      "avg_pnl_per_match": -21.22142857142858,
      "avg_capital_per_match": 63.0,
      "roi_pct_per_trade": -33.684807256235835,
      "dpd_baby": -0.5305357142857144,
      "dpd_25ct": -1.3263392857142862,
      "dpd_80ct": -4.2442857142857155,
      "fire_pnl": 37.949999999999974,
      "miss_pnl": -186.5
    },
    "20": {
      "total_pnl_cents": -135.90000000000003,
      "total_capital_cents": 441.0,
      "hits": 4,
      "hit_rate": 0.5714285714285714,
      "avg_pnl_per_match": -19.414285714285718,
      "avg_capital_per_match": 63.0,
      "roi_pct_per_trade": -30.816326530612255,
      "dpd_baby": -0.48535714285714304,
      "dpd_25ct": -1.2133928571428576,
      "dpd_80ct": -3.8828571428571443,
      "fire_pnl": 50.59999999999998,
      "miss_pnl": -186.5
    },
    "25": {
      "total_pnl_cents": -123.25,
      "total_capital_cents": 441.0,
      "hits": 4,
      "hit_rate": 0.5714285714285714,
      "avg_pnl_per_match": -17.607142857142858,
      "avg_capital_per_match": 63.0,
      "roi_pct_per_trade": -27.947845804988663,
      "dpd_baby": -0.4401785714285714,
      "dpd_25ct": -1.1004464285714286,
      "dpd_80ct": -3.5214285714285714,
      "fire_pnl": 63.25,
      "miss_pnl": -186.5
    },
    "30": {
      "total_pnl_cents": -110.59999999999998,
      "total_capital_cents": 441.0,
      "hits": 4,
      "hit_rate": 0.5714285714285714,
      "avg_pnl_per_match": -15.799999999999997,
      "avg_capital_per_match": 63.0,
      "roi_pct_per_trade": -25.079365079365076,
      "dpd_baby": -0.3949999999999999,
      "dpd_25ct": -0.9874999999999998,
      "dpd_80ct": -3.1599999999999993,
      "fire_pnl": 75.90000000000002,
      "miss_pnl": -186.5
    },
    "35": {
      "total_pnl_cents": -97.94999999999997,
      "total_capital_cents": 441.0,
      "hits": 4,
      "hit_rate": 0.5714285714285714,
      "avg_pnl_per_match": -13.992857142857138,
      "avg_capital_per_match": 63.0,
      "roi_pct_per_trade": -22.21088435374149,
      "dpd_baby": -0.3498214285714285,
      "dpd_25ct": -0.8745535714285713,
      "dpd_80ct": -2.798571428571428,
      "fire_pnl": 88.55000000000003,
      "miss_pnl": -186.5
    },
    "40": {
      "total_pnl_cents": -85.30000000000003,
      "total_capital_cents": 441.0,
      "hits": 4,
      "hit_rate": 0.5714285714285714,
      "avg_pnl_per_match": -12.185714285714289,
      "avg_capital_per_match": 63.0,
      "roi_pct_per_trade": -19.342403628117918,
      "dpd_baby": -0.30464285714285727,
      "dpd_25ct": -0.7616071428571431,
      "dpd_80ct": -2.437142857142858,
      "fire_pnl": 101.19999999999997,
      "miss_pnl": -186.5
    },
    "50": {
      "total_pnl_cents": -60.0,
      "total_capital_cents": 441.0,
      "hits": 4,
      "hit_rate": 0.5714285714285714,
      "avg_pnl_per_match": -8.571428571428571,
      "avg_capital_per_match": 63.0,
      "roi_pct_per_trade": -13.605442176870747,
      "dpd_baby": -0.21428571428571427,
      "dpd_25ct": -0.5357142857142857,
      "dpd_80ct": -1.7142857142857142,
      "fire_pnl": 126.5,
      "miss_pnl": -186.5
    },
    "60": {
      "total_pnl_cents": -41.5,
      "total_capital_cents": 441.0,
      "hits": 0,
      "hit_rate": 0.0,
      "avg_pnl_per_match": -5.928571428571429,
      "avg_capital_per_match": 63.0,
      "roi_pct_per_trade": -9.410430839002268,
      "dpd_baby": -0.14821428571428572,
      "dpd_25ct": -0.3705357142857143,
      "dpd_80ct": -1.1857142857142857,
      "fire_pnl": 0,
      "miss_pnl": -41.5
    },
    "75": {
      "total_pnl_cents": -41.5,
      "total_capital_cents": 441.0,
      "hits": 0,
      "hit_rate": 0.0,
      "avg_pnl_per_match": -5.928571428571429,
      "avg_capital_per_match": 63.0,
      "roi_pct_per_trade": -9.410430839002268,
      "dpd_baby": -0.14821428571428572,
      "dpd_25ct": -0.3705357142857143,
      "dpd_80ct": -1.1857142857142857,
      "fire_pnl": 0,
      "miss_pnl": -41.5
    },
    "100": {
      "total_pnl_cents": -41.5,
      "total_capital_cents": 441.0,
      "hits": 0,
      "hit_rate": 0.0,
      "avg_pnl_per_match": -5.928571428571429,
      "avg_capital_per_match": 63.0,
      "roi_pct_per_trade": -9.410430839002268,
      "dpd_baby": -0.14821428571428572,
      "dpd_25ct": -0.3705357142857143,
      "dpd_80ct": -1.1857142857142857,
      "fire_pnl": 0,
      "miss_pnl": -41.5
    },
    "125": {
      "total_pnl_cents": -41.5,
      "total_capital_cents": 441.0,
      "hits": 0,
      "hit_rate": 0.0,
      "avg_pnl_per_match": -5.928571428571429,
      "avg_capital_per_match": 63.0,
      "roi_pct_per_trade": -9.410430839002268,
      "dpd_baby": -0.14821428571428572,
      "dpd_25ct": -0.3705357142857143,
      "dpd_80ct": -1.1857142857142857,
      "fire_pnl": 0,
      "miss_pnl": -41.5
    },
    "150": {
      "total_pnl_cents": -41.5,
      "total_capital_cents": 441.0,
      "hits": 0,
      "hit_rate": 0.0,
      "avg_pnl_per_match": -5.928571428571429,
      "avg_capital_per_match": 63.0,
      "roi_pct_per_trade": -9.410430839002268,
      "dpd_baby": -0.14821428571428572,
      "dpd_25ct": -0.3705357142857143,
      "dpd_80ct": -1.1857142857142857,
      "fire_pnl": 0,
      "miss_pnl": -41.5
    },
    "200": {
      "total_pnl_cents": -41.5,
      "total_capital_cents": 441.0,
      "hits": 0,
      "hit_rate": 0.0,
      "avg_pnl_per_match": -5.928571428571429,
      "avg_capital_per_match": 63.0,
      "roi_pct_per_trade": -9.410430839002268,
      "dpd_baby": -0.14821428571428572,
      "dpd_25ct": -0.3705357142857143,
      "dpd_80ct": -1.1857142857142857,
      "fire_pnl": 0,
      "miss_pnl": -41.5
    },
    "250": {
      "total_pnl_cents": -41.5,
      "total_capital_cents": 441.0,
      "hits": 0,
      "hit_rate": 0.0,
      "avg_pnl_per_match": -5.928571428571429,
      "avg_capital_per_match": 63.0,