{
  "n_matches": 9,
  "avg_entry": 17.333333333333332,
  "n_wins": 0,
  "hold_pnl_total": -151.5,
  "hold_capital_total": 156.0,
  "hold_roi_pct": -97.11538461538461,
  "by_roi": {
    "5": {
      "total_pnl_cents": -8.49999999999999,
      "total_capital_cents": 156.0,
      "hits": 8,
      "hit_rate": 0.8888888888888888,
      "avg_pnl_per_match": -0.9444444444444433,
      "avg_capital_per_match": 17.333333333333332,
      "roi_pct_per_trade": -5.448717948717942,
      "dpd_baby": -0.030357142857142815,
      "dpd_25ct": -0.07589285714285704,
      "dpd_80ct": -0.24285714285714252,
      "fire_pnl": 7.000000000000011,
      "miss_pnl": -15.5
    },
    "7": {
      "total_pnl_cents": -5.699999999999989,
      "total_capital_cents": 156.0,
      "hits": 8,
      "hit_rate": 0.8888888888888888,
      "avg_pnl_per_match": -0.6333333333333321,
      "avg_capital_per_match": 17.333333333333332,
      "roi_pct_per_trade": -3.6538461538461466,
      "dpd_baby": -0.020357142857142817,
      "dpd_25ct": -0.050892857142857045,
      "dpd_80ct": -0.16285714285714253,
      "fire_pnl": 9.800000000000011,
      "miss_pnl": -15.5
    },
    "10": {
      "total_pnl_cents": -1.4999999999999893,
      "total_capital_cents": 156.0,
      "hits": 8,
      "hit_rate": 0.8888888888888888,
      "avg_pnl_per_match": -0.1666666666666655,
      "avg_capital_per_match": 17.333333333333332,
      "roi_pct_per_trade": -0.9615384615384546,
      "dpd_baby": -0.005357142857142819,
      "dpd_25ct": -0.013392857142857047,
      "dpd_80ct": -0.04285714285714255,
      "fire_pnl": 14.00000000000001,
      "miss_pnl": -15.5
    },
    "12": {
      "total_pnl_cents": 1.300000000000022,
      "total_capital_cents": 156.0,
      "hits": 8,
      "hit_rate": 0.8888888888888888,
      "avg_pnl_per_match": 0.1444444444444469,
      "avg_capital_per_match": 17.333333333333332,
      "roi_pct_per_trade": 0.8333333333333476,
      "dpd_baby": 0.004642857142857221,
      "dpd_25ct": 0.011607142857143052,
      "dpd_80ct": 0.03714285714285777,
      "fire_pnl": 16.800000000000022,
      "miss_pnl": -15.5
    },
    "15": {
      "total_pnl_cents": 5.499999999999989,
      "total_capital_cents": 156.0,
      "hits": 8,
      "hit_rate": 0.8888888888888888,
      "avg_pnl_per_match": 0.6111111111111099,
      "avg_capital_per_match": 17.333333333333332,
      "roi_pct_per_trade": 3.525641025641019,
      "dpd_baby": 0.019642857142857104,
      "dpd_25ct": 0.04910714285714276,
      "dpd_80ct": 0.15714285714285683,
      "fire_pnl": 20.99999999999999,
      "miss_pnl": -15.5
    },
    "20": {
      "total_pnl_cents": 12.49999999999999,
      "total_capital_cents": 156.0,
      "hits": 8,
      "hit_rate": 0.8888888888888888,
      "avg_pnl_per_match": 1.3888888888888877,
      "avg_capital_per_match": 17.333333333333332,
      "roi_pct_per_trade": 8.012820512820506,
      "dpd_baby": 0.0446428571428571,
      "dpd_25ct": 0.11160714285714275,
      "dpd_80ct": 0.3571428571428568,
      "fire_pnl": 27.99999999999999,
      "miss_pnl": -15.5
    },
    "25": {
      "total_pnl_cents": 19.5,
      "total_capital_cents": 156.0,
      "hits": 8,
      "hit_rate": 0.8888888888888888,
      "avg_pnl_per_match": 2.1666666666666665,
      "avg_capital_per_match": 17.333333333333332,
      "roi_pct_per_trade": 12.5,
      "dpd_baby": 0.06964285714285715,
      "dpd_25ct": 0.17410714285714285,
      "dpd_80ct": 0.5571428571428572,
      "fire_pnl": 35.0,
      "miss_pnl": -15.5
    },
    "30": {
      "total_pnl_cents": 3.6000000000000085,
      "total_capital_cents": 156.0,
      "hits": 7,
      "hit_rate": 0.7777777777777778,
      "avg_pnl_per_match": 0.40000000000000097,
      "avg_capital_per_match": 17.333333333333332,
      "roi_pct_per_trade": 2.3076923076923133,
      "dpd_baby": 0.012857142857142888,
      "dpd_25ct": 0.03214285714285722,
      "dpd_80ct": 0.1028571428571431,
      "fire_pnl": 36.60000000000001,
      "miss_pnl": -33.0
    },
    "35": {
      "total_pnl_cents": 9.70000000000001,
      "total_capital_cents": 156.0,
      "hits": 7,
      "hit_rate": 0.7777777777777778,
      "avg_pnl_per_match": 1.0777777777777788,
      "avg_capital_per_match": 17.333333333333332,
      "roi_pct_per_trade": 6.217948717948724,
      "dpd_baby": 0.03464285714285718,
      "dpd_25ct": 0.08660714285714294,
      "dpd_80ct": 0.2771428571428574,
      "fire_pnl": 42.7,
      "miss_pnl": -33.0
    },
    "40": {
      "total_pnl_cents": 15.79999999999999,
      "total_capital_cents": 156.0,
      "hits": 7,
      "hit_rate": 0.7777777777777778,
      "avg_pnl_per_match": 1.7555555555555544,
      "avg_capital_per_match": 17.333333333333332,
      "roi_pct_per_trade": 10.128205128205122,
      "dpd_baby": 0.05642857142857139,
      "dpd_25ct": 0.1410714285714285,
      "dpd_80ct": 0.4514285714285711,
      "fire_pnl": 48.8,
      "miss_pnl": -33.0
    },
    "50": {
      "total_pnl_cents": 28.0,
      "total_capital_cents": 156.0,
      "hits": 7,
      "hit_rate": 0.7777777777777778,
      "avg_pnl_per_match": 3.111111111111111,
      "avg_capital_per_match": 17.333333333333332,
      "roi_pct_per_trade": 17.94871794871795,
      "dpd_baby": 0.09999999999999999,
      "dpd_25ct": 0.24999999999999997,
      "dpd_80ct": 0.7999999999999999,
      "fire_pnl": 61.0,
      "miss_pnl": -33.0
    },
    "60": {
      "total_pnl_cents": 40.2,
      "total_capital_cents": 156.0,
      "hits": 7,
      "hit_rate": 0.7777777777777778,
      "avg_pnl_per_match": 4.466666666666667,
      "avg_capital_per_match": 17.333333333333332,
      "roi_pct_per_trade": 25.769230769230774,
      "dpd_baby": 0.14357142857142854,
      "dpd_25ct": 0.3589285714285714,
      "dpd_80ct": 1.1485714285714284,
      "fire_pnl": 73.2,
      "miss_pnl": -33.0
    },
    "75": {
      "total_pnl_cents": 3.5,
      "total_capital_cents": 156.0,
      "hits": 5,
      "hit_rate": 0.5555555555555556,
      "avg_pnl_per_match": 0.3888888888888889,
      "avg_capital_per_match": 17.333333333333332,
      "roi_pct_per_trade": 2.2435897435897436,
      "dpd_baby": 0.012499999999999999,
      "dpd_25ct": 0.031249999999999997,
      "dpd_80ct": 0.09999999999999999,
      "fire_pnl": 67.5,
      "miss_pnl": -64.0
    },
    "100": {
      "total_pnl_cents": -9.5,
      "total_capital_cents": 156.0,
      "hits": 4,
      "hit_rate": 0.4444444444444444,
      "avg_pnl_per_match": -1.0555555555555556,
      "avg_capital_per_match": 17.333333333333332,
      "roi_pct_per_trade": -6.089743589743589,
      "dpd_baby": -0.033928571428571426,
      "dpd_25ct": -0.08482142857142856,
      "dpd_80ct": -0.2714285714285714,
      "fire_pnl": 72.0,
      "miss_pnl": -81.5
    },
    "125": {
      "total_pnl_cents": -33.75,
      "total_capital_cents": 156.0,
      "hits": 3,
      "hit_rate": 0.3333333333333333,
      "avg_pnl_per_match": -3.75,
      "avg_capital_per_match": 17.333333333333332,
      "roi_pct_per_trade": -21.634615384615383,
      "dpd_baby": -0.12053571428571429,
      "dpd_25ct": -0.3013392857142857,
      "dpd_80ct": -0.9642857142857143,
      "fire_pnl": 66.25,
      "miss_pnl": -100.0
    },
    "150": {
      "total_pnl_cents": -20.5,
      "total_capital_cents": 156.0,
      "hits": 3,
      "hit_rate": 0.3333333333333333,
      "avg_pnl_per_match": -2.2777777777777777,
      "avg_capital_per_match": 17.333333333333332,
      "roi_pct_per_trade": -13.14102564102564,
      "dpd_baby": -0.0732142857142857,
      "dpd_25ct": -0.18303571428571425,
      "dpd_80ct": -0.5857142857142856,
      "fire_pnl": 79.5,
      "miss_pnl": -100.0
    },
    "200": {
      "total_pnl_cents": 6.0,
      "total_capital_cents": 156.0,
      "hits": 3,
      "hit_rate": 0.3333333333333333,
      "avg_pnl_per_match": 0.6666666666666666,
      "avg_capital_per_match": 17.333333333333332,
      "roi_pct_per_trade": 3.8461538461538463,
      "dpd_baby": 0.02142857142857143,
      "dpd_25ct": 0.053571428571428575,