{
  "n_matches": 5,
  "avg_entry": 86.0,
  "n_wins": 5,
  "hold_pnl_total": 67.5,
  "hold_capital_total": 430.0,
  "hold_roi_pct": 15.69767441860465,
  "by_roi": {
    "5": {
      "total_pnl_cents": 30.69999999999999,
      "total_capital_cents": 430.0,
      "hits": 4,
      "hit_rate": 0.8,
      "avg_pnl_per_match": 6.139999999999998,
      "avg_capital_per_match": 86.0,
      "roi_pct_per_trade": 7.139534883720928,
      "dpd_baby": 0.10964285714285711,
      "dpd_25ct": 0.27410714285714277,
      "dpd_80ct": 0.8771428571428569,
      "fire_pnl": 17.19999999999999,
      "miss_pnl": 13.5
    },
    "7": {
      "total_pnl_cents": 37.58000000000004,
      "total_capital_cents": 430.0,
      "hits": 4,
      "hit_rate": 0.8,
      "avg_pnl_per_match": 7.516000000000008,
      "avg_capital_per_match": 86.0,
      "roi_pct_per_trade": 8.739534883720939,
      "dpd_baby": 0.13421428571428587,
      "dpd_25ct": 0.33553571428571466,
      "dpd_80ct": 1.073714285714287,
      "fire_pnl": 24.08000000000004,
      "miss_pnl": 13.5
    },
    "10": {
      "total_pnl_cents": 47.900000000000034,
      "total_capital_cents": 430.0,
      "hits": 4,
      "hit_rate": 0.8,
      "avg_pnl_per_match": 9.580000000000007,
      "avg_capital_per_match": 86.0,
      "roi_pct_per_trade": 11.13953488372094,
      "dpd_baby": 0.1710714285714287,
      "dpd_25ct": 0.4276785714285718,
      "dpd_80ct": 1.3685714285714297,
      "fire_pnl": 34.400000000000034,
      "miss_pnl": 13.5
    },
    "12": {
      "total_pnl_cents": 54.78000000000003,
      "total_capital_cents": 430.0,
      "hits": 4,
      "hit_rate": 0.8,
      "avg_pnl_per_match": 10.956000000000007,
      "avg_capital_per_match": 86.0,
      "roi_pct_per_trade": 12.739534883720937,
      "dpd_baby": 0.19564285714285726,
      "dpd_25ct": 0.48910714285714313,
      "dpd_80ct": 1.565142857142858,
      "fire_pnl": 41.28000000000003,
      "miss_pnl": 13.5
    },
    "15": {
      "total_pnl_cents": 67.5,
      "total_capital_cents": 430.0,
      "hits": 0,
      "hit_rate": 0.0,
      "avg_pnl_per_match": 13.5,
      "avg_capital_per_match": 86.0,
      "roi_pct_per_trade": 15.69767441860465,
      "dpd_baby": 0.24107142857142858,
      "dpd_25ct": 0.6026785714285714,
      "dpd_80ct": 1.9285714285714286,
      "fire_pnl": 0,
      "miss_pnl": 67.5
    },
    "20": {
      "total_pnl_cents": 67.5,
      "total_capital_cents": 430.0,
      "hits": 0,
      "hit_rate": 0.0,
      "avg_pnl_per_match": 13.5,
      "avg_capital_per_match": 86.0,
      "roi_pct_per_trade": 15.69767441860465,
      "dpd_baby": 0.24107142857142858,
      "dpd_25ct": 0.6026785714285714,
      "dpd_80ct": 1.9285714285714286,
      "fire_pnl": 0,
      "miss_pnl": 67.5
    },
    "25": {
      "total_pnl_cents": 67.5,
      "total_capital_cents": 430.0,
      "hits": 0,
      "hit_rate": 0.0,
      "avg_pnl_per_match": 13.5,
      "avg_capital_per_match": 86.0,
      "roi_pct_per_trade": 15.69767441860465,
      "dpd_baby": 0.24107142857142858,
      "dpd_25ct": 0.6026785714285714,
      "dpd_80ct": 1.9285714285714286,
      "fire_pnl": 0,
      "miss_pnl": 67.5
    },
    "30": {
      "total_pnl_cents": 67.5,
      "total_capital_cents": 430.0,
      "hits": 0,
      "hit_rate": 0.0,
      "avg_pnl_per_match": 13.5,
      "avg_capital_per_match": 86.0,
      "roi_pct_per_trade": 15.69767441860465,
      "dpd_baby": 0.24107142857142858,
      "dpd_25ct": 0.6026785714285714,
      "dpd_80ct": 1.9285714285714286,
      "fire_pnl": 0,
      "miss_pnl": 67.5
    },
    "35": {
      "total_pnl_cents": 67.5,
      "total_capital_cents": 430.0,
      "hits": 0,
      "hit_rate": 0.0,
      "avg_pnl_per_match": 13.5,
      "avg_capital_per_match": 86.0,
      "roi_pct_per_trade": 15.69767441860465,
      "dpd_baby": 0.24107142857142858,
      "dpd_25ct": 0.6026785714285714,
      "dpd_80ct": 1.9285714285714286,
      "fire_pnl": 0,
      "miss_pnl": 67.5
    },
    "40": {
      "total_pnl_cents": 67.5,
      "total_capital_cents": 430.0,
      "hits": 0,
      "hit_rate": 0.0,
      "avg_pnl_per_match": 13.5,
      "avg_capital_per_match": 86.0,
      "roi_pct_per_trade": 15.69767441860465,
      "dpd_baby": 0.24107142857142858,
      "dpd_25ct": 0.6026785714285714,
      "dpd_80ct": 1.9285714285714286,
      "fire_pnl": 0,
      "miss_pnl": 67.5
    },
    "50": {
      "total_pnl_cents": 67.5,
      "total_capital_cents": 430.0,
      "hits": 0,
      "hit_rate": 0.0,
      "avg_pnl_per_match": 13.5,
      "avg_capital_per_match": 86.0,
      "roi_pct_per_trade": 15.69767441860465,
      "dpd_baby": 0.24107142857142858,
      "dpd_25ct": 0.6026785714285714,
      "dpd_80ct": 1.9285714285714286,
      "fire_pnl": 0,
      "miss_pnl": 67.5
    },
    "60": {
      "total_pnl_cents": 67.5,
      "total_capital_cents": 430.0,
      "hits": 0,
      "hit_rate": 0.0,
      "avg_pnl_per_match": 13.5,
      "avg_capital_per_match": 86.0,
      "roi_pct_per_trade": 15.69767441860465,
      "dpd_baby": 0.24107142857142858,
      "dpd_25ct": 0.6026785714285714,
      "dpd_80ct": 1.9285714285714286,
      "fire_pnl": 0,
      "miss_pnl": 67.5
    },
    "75": {
      "total_pnl_cents": 67.5,
      "total_capital_cents": 430.0,
      "hits": 0,
      "hit_rate": 0.0,
      "avg_pnl_per_match": 13.5,
      "avg_capital_per_match": 86.0,
      "roi_pct_per_trade": 15.69767441860465,
      "dpd_baby": 0.24107142857142858,
      "dpd_25ct": 0.6026785714285714,
      "dpd_80ct": 1.9285714285714286,
      "fire_pnl": 0,
      "miss_pnl": 67.5
    },
    "100": {
      "total_pnl_cents": 67.5,
      "total_capital_cents": 430.0,
      "hits": 0,
      "hit_rate": 0.0,
      "avg_pnl_per_match": 13.5,
      "avg_capital_per_match": 86.0,
      "roi_pct_per_trade": 15.69767441860465,
      "dpd_baby": 0.24107142857142858,
      "dpd_25ct": 0.6026785714285714,
      "dpd_80ct": 1.9285714285714286,
      "fire_pnl": 0,
      "miss_pnl": 67.5
    },
    "125": {
      "total_pnl_cents": 67.5,
      "total_capital_cents": 430.0,
      "hits": 0,
      "hit_rate": 0.0,
      "avg_pnl_per_match": 13.5,
      "avg_capital_per_match": 86.0,
      "roi_pct_per_trade": 15.69767441860465,
      "dpd_baby": 0.24107142857142858,
      "dpd_25ct": 0.6026785714285714,
      "dpd_80ct": 1.9285714285714286,
      "fire_pnl": 0,
      "miss_pnl": 67.5
    },
    "150": {
      "total_pnl_cents": 67.5,
      "total_capital_cents": 430.0,
      "hits": 0,
      "hit_rate": 0.0,
      "avg_pnl_per_match": 13.5,
      "avg_capital_per_match": 86.0,
      "roi_pct_per_trade": 15.69767441860465,
      "dpd_baby": 0.24107142857142858,
      "dpd_25ct": 0.6026785714285714,
      "dpd_80ct": 1.9285714285714286,
      "fire_pnl": 0,
      "miss_pnl": 67.5
    },
    "200": {
      "total_pnl_cents": 67.5,
      "total_capital_cents": 430.0,
      "hits": 0,
      "hit_rate": 0.0,
      "avg_pnl_per_match": 13.5,
      "avg_capital_per_match": 86.0,
      "roi_pct_per_trade": 15.69767441860465,
      "dpd_baby": 0.24107142857142858,
      "dpd_25ct": 0.6026785714285714,
      "dpd_80ct": 1.9285714285714286,
      "fire_pnl": 0,
      "miss_pnl": 67.5
    },
    "250": {
      "total_pnl_cents": 67.5,
      "total_capital_cents": 430.0,
      "hits": 0,
      "hit_rate": 0.0,
      "avg_pnl_per_match": 13.5,
      "avg_capital_per_match": 86.0,
      "roi_pct_per_trade": 15.69767441860465,
      "dpd_baby": 0.24107142857142858,
      "dpd_25ct": 0.6026785714285714,
      "dpd_80ct": 1.9285714285714286,
      "fire_pnl": 0,
      "miss_pnl": 67.5
    },
    "300": {
      "total_pnl_cents": 67.5,
      "total_capital_cents": 430.0,
      "hits": 0,
      "hit_rate": 0.0,
      "avg_pnl_per_match": 13.5,
      "avg_capital_per_match": 86.0,
      "roi_pct_per_trade": 15.69767441860465,
      "dpd_baby": 0.24107142857142858,
      "dpd_25ct": 0.6026785714285714,
      "dpd_80ct": 1.9285714285714286,
      "fire_pnl": 0,
      "miss_pnl": 67.5
    },