{
  "n_matches": 8,
  "avg_entry": 23.0,
  "n_wins": 1,
  "hold_pnl_total": -81.0,
  "hold_capital_total": 184.0,
  "hold_roi_pct": -44.02173913043478,
  "by_roi": {
    "5": {
      "total_pnl_cents": 9.200000000000017,
      "total_capital_cents": 184.0,
      "hits": 8,
      "hit_rate": 1.0,
      "avg_pnl_per_match": 1.1500000000000021,
      "avg_capital_per_match": 23.0,
      "roi_pct_per_trade": 5.000000000000009,
      "dpd_baby": 0.03285714285714292,
      "dpd_25ct": 0.0821428571428573,
      "dpd_80ct": 0.26285714285714334,
      "fire_pnl": 9.200000000000017,
      "miss_pnl": 0
    },
    "7": {
      "total_pnl_cents": 12.880000000000013,
      "total_capital_cents": 184.0,
      "hits": 8,
      "hit_rate": 1.0,
      "avg_pnl_per_match": 1.6100000000000017,
      "avg_capital_per_match": 23.0,
      "roi_pct_per_trade": 7.000000000000007,
      "dpd_baby": 0.04600000000000004,
      "dpd_25ct": 0.1150000000000001,
      "dpd_80ct": 0.3680000000000003,
      "fire_pnl": 12.880000000000013,
      "miss_pnl": 0
    },
    "10": {
      "total_pnl_cents": 18.400000000000016,
      "total_capital_cents": 184.0,
      "hits": 8,
      "hit_rate": 1.0,
      "avg_pnl_per_match": 2.300000000000002,
      "avg_capital_per_match": 23.0,
      "roi_pct_per_trade": 10.000000000000009,
      "dpd_baby": 0.06571428571428577,
      "dpd_25ct": 0.16428571428571442,
      "dpd_80ct": 0.5257142857142861,
      "fire_pnl": 18.400000000000016,
      "miss_pnl": 0
    },
    "12": {
      "total_pnl_cents": -29.559999999999988,
      "total_capital_cents": 184.0,
      "hits": 6,
      "hit_rate": 0.75,
      "avg_pnl_per_match": -3.6949999999999985,
      "avg_capital_per_match": 23.0,
      "roi_pct_per_trade": -16.06521739130434,
      "dpd_baby": -0.10557142857142854,
      "dpd_25ct": -0.26392857142857135,
      "dpd_80ct": -0.8445714285714283,
      "fire_pnl": 16.44000000000001,
      "miss_pnl": -46.0
    },
    "15": {
      "total_pnl_cents": -25.450000000000017,
      "total_capital_cents": 184.0,
      "hits": 6,
      "hit_rate": 0.75,
      "avg_pnl_per_match": -3.181250000000002,
      "avg_capital_per_match": 23.0,
      "roi_pct_per_trade": -13.831521739130444,
      "dpd_baby": -0.0908928571428572,
      "dpd_25ct": -0.22723214285714302,
      "dpd_80ct": -0.7271428571428576,
      "fire_pnl": 20.549999999999986,
      "miss_pnl": -46.0
    },
    "20": {
      "total_pnl_cents": -44.500000000000014,
      "total_capital_cents": 184.0,
      "hits": 5,
      "hit_rate": 0.625,
      "avg_pnl_per_match": -5.562500000000002,
      "avg_capital_per_match": 23.0,
      "roi_pct_per_trade": -24.184782608695663,
      "dpd_baby": -0.15892857142857147,
      "dpd_25ct": -0.3973214285714287,
      "dpd_80ct": -1.2714285714285718,
      "fire_pnl": 22.99999999999999,
      "miss_pnl": -67.5
    },
    "25": {
      "total_pnl_cents": -38.75,
      "total_capital_cents": 184.0,
      "hits": 5,
      "hit_rate": 0.625,
      "avg_pnl_per_match": -4.84375,
      "avg_capital_per_match": 23.0,
      "roi_pct_per_trade": -21.059782608695652,
      "dpd_baby": -0.13839285714285715,
      "dpd_25ct": -0.3459821428571429,
      "dpd_80ct": -1.1071428571428572,
      "fire_pnl": 28.75,
      "miss_pnl": -67.5
    },
    "30": {
      "total_pnl_cents": -32.999999999999986,
      "total_capital_cents": 184.0,
      "hits": 5,
      "hit_rate": 0.625,
      "avg_pnl_per_match": -4.124999999999998,
      "avg_capital_per_match": 23.0,
      "roi_pct_per_trade": -17.934782608695645,
      "dpd_baby": -0.11785714285714281,
      "dpd_25ct": -0.29464285714285704,
      "dpd_80ct": -0.9428571428571425,
      "fire_pnl": 34.500000000000014,
      "miss_pnl": -67.5
    },
    "35": {
      "total_pnl_cents": -59.14999999999999,
      "total_capital_cents": 184.0,
      "hits": 4,
      "hit_rate": 0.5,
      "avg_pnl_per_match": -7.393749999999999,
      "avg_capital_per_match": 23.0,
      "roi_pct_per_trade": -32.146739130434774,
      "dpd_baby": -0.21124999999999997,
      "dpd_25ct": -0.528125,
      "dpd_80ct": -1.6899999999999997,
      "fire_pnl": 31.850000000000012,
      "miss_pnl": -91.0
    },
    "40": {
      "total_pnl_cents": -87.70000000000002,
      "total_capital_cents": 184.0,
      "hits": 3,
      "hit_rate": 0.375,
      "avg_pnl_per_match": -10.962500000000002,
      "avg_capital_per_match": 23.0,
      "roi_pct_per_trade": -47.66304347826088,
      "dpd_baby": -0.31321428571428583,
      "dpd_25ct": -0.7830357142857146,
      "dpd_80ct": -2.5057142857142867,
      "fire_pnl": 26.79999999999999,
      "miss_pnl": -114.5
    },
    "50": {
      "total_pnl_cents": -81.0,
      "total_capital_cents": 184.0,
      "hits": 3,
      "hit_rate": 0.375,
      "avg_pnl_per_match": -10.125,
      "avg_capital_per_match": 23.0,
      "roi_pct_per_trade": -44.02173913043478,
      "dpd_baby": -0.28928571428571426,
      "dpd_25ct": -0.7232142857142856,
      "dpd_80ct": -2.314285714285714,
      "fire_pnl": 33.5,
      "miss_pnl": -114.5
    },
    "60": {
      "total_pnl_cents": -108.99999999999999,
      "total_capital_cents": 184.0,
      "hits": 2,
      "hit_rate": 0.25,
      "avg_pnl_per_match": -13.624999999999998,
      "avg_capital_per_match": 23.0,
      "roi_pct_per_trade": -59.2391304347826,
      "dpd_baby": -0.38928571428571423,
      "dpd_25ct": -0.9732142857142856,
      "dpd_80ct": -3.114285714285714,
      "fire_pnl": 27.000000000000007,
      "miss_pnl": -136.0
    },
    "75": {
      "total_pnl_cents": -102.25,
      "total_capital_cents": 184.0,
      "hits": 2,
      "hit_rate": 0.25,
      "avg_pnl_per_match": -12.78125,
      "avg_capital_per_match": 23.0,
      "roi_pct_per_trade": -55.57065217391305,
      "dpd_baby": -0.3651785714285714,
      "dpd_25ct": -0.9129464285714285,
      "dpd_80ct": -2.9214285714285713,
      "fire_pnl": 33.75,
      "miss_pnl": -136.0
    },
    "100": {
      "total_pnl_cents": -91.0,
      "total_capital_cents": 184.0,
      "hits": 2,
      "hit_rate": 0.25,
      "avg_pnl_per_match": -11.375,
      "avg_capital_per_match": 23.0,
      "roi_pct_per_trade": -49.45652173913044,
      "dpd_baby": -0.325,
      "dpd_25ct": -0.8125,
      "dpd_80ct": -2.6,
      "fire_pnl": 45.0,
      "miss_pnl": -136.0
    },
    "125": {
      "total_pnl_cents": -131.0,
      "total_capital_cents": 184.0,
      "hits": 1,
      "hit_rate": 0.125,
      "avg_pnl_per_match": -16.375,
      "avg_capital_per_match": 23.0,
      "roi_pct_per_trade": -71.19565217391305,
      "dpd_baby": -0.46785714285714286,
      "dpd_25ct": -1.1696428571428572,
      "dpd_80ct": -3.742857142857143,
      "fire_pnl": 27.5,
      "miss_pnl": -158.5
    },
    "150": {
      "total_pnl_cents": -125.5,
      "total_capital_cents": 184.0,
      "hits": 1,
      "hit_rate": 0.125,
      "avg_pnl_per_match": -15.6875,
      "avg_capital_per_match": 23.0,
      "roi_pct_per_trade": -68.20652173913044,
      "dpd_baby": -0.44821428571428573,
      "dpd_25ct": -1.1205357142857144,
      "dpd_80ct": -3.585714285714286,
      "fire_pnl": 33.0,
      "miss_pnl": -158.5
    },
    "200": {
      "total_pnl_cents": -114.5,
      "total_capital_cents": 184.0,
      "hits": 1,
      "hit_rate": 0.125,
      "avg_pnl_per_match": -14.3125,
      "avg_capital_per_match": 23.0,
      "roi_pct_per_trade": -62.22826086956522,
      "dpd_baby": -0.4089285714285714,
      "dpd_25ct": -1.0223214285714286,
      "dpd_80ct": -3.2714285714285714,
      "fire_pnl": 44.0,
      "miss_pnl": -158.5
    },
    "250": {
      "total_pnl_cents": -103.5,
      "total_capital_cents": 184.0,
      "hits": 1,
      "hit_rate": 0.125,
      "avg_pnl_per_match": -12.9375,
      "avg_capital_per_match": 23.0,
      "roi_pct_per_trade": -56.25,
      "dpd_baby": -0.3696428571428571,
      "dpd_25ct": -0.9241071428571428,
      "dpd_80ct": -2.957142857142857,
      "fire_pnl": 55.0,
      "miss_pnl": -158.5
    },
    "300": {
      "total_pnl_cents": -92.5,