{
  "n_matches": 15,
  "avg_entry": 67.0,
  "n_wins": 8,
  "hold_pnl_total": -205.5,
  "hold_capital_total": 1005.0,
  "hold_roi_pct": -20.44776119402985,
  "by_roi": {
    "5": {
      "total_pnl_cents": -229.14999999999998,
      "total_capital_cents": 1005.0,
      "hits": 11,
      "hit_rate": 0.7333333333333333,
      "avg_pnl_per_match": -15.276666666666666,
      "avg_capital_per_match": 67.0,
      "roi_pct_per_trade": -22.80099502487562,
      "dpd_baby": -0.8183928571428571,
      "dpd_25ct": -2.045982142857143,
      "dpd_80ct": -6.547142857142857,
      "fire_pnl": 36.85000000000004,
      "miss_pnl": -266.0
    },
    "7": {
      "total_pnl_cents": -214.40999999999997,
      "total_capital_cents": 1005.0,
      "hits": 11,
      "hit_rate": 0.7333333333333333,
      "avg_pnl_per_match": -14.293999999999999,
      "avg_capital_per_match": 67.0,
      "roi_pct_per_trade": -21.334328358208953,
      "dpd_baby": -0.7657499999999998,
      "dpd_25ct": -1.9143749999999995,
      "dpd_80ct": -6.125999999999999,
      "fire_pnl": 51.59000000000003,
      "miss_pnl": -266.0
    },
    "10": {
      "total_pnl_cents": -192.29999999999995,
      "total_capital_cents": 1005.0,
      "hits": 11,
      "hit_rate": 0.7333333333333333,
      "avg_pnl_per_match": -12.819999999999997,
      "avg_capital_per_match": 67.0,
      "roi_pct_per_trade": -19.13432835820895,
      "dpd_baby": -0.6867857142857142,
      "dpd_25ct": -1.7169642857142855,
      "dpd_80ct": -5.494285714285714,
      "fire_pnl": 73.70000000000009,
      "miss_pnl": -266.0
    },
    "12": {
      "total_pnl_cents": -177.5599999999999,
      "total_capital_cents": 1005.0,
      "hits": 11,
      "hit_rate": 0.7333333333333333,
      "avg_pnl_per_match": -11.837333333333326,
      "avg_capital_per_match": 67.0,
      "roi_pct_per_trade": -17.66766169154228,
      "dpd_baby": -0.6341428571428568,
      "dpd_25ct": -1.585357142857142,
      "dpd_80ct": -5.073142857142854,
      "fire_pnl": 88.44000000000007,
      "miss_pnl": -266.0
    },
    "15": {
      "total_pnl_cents": -155.45000000000005,
      "total_capital_cents": 1005.0,
      "hits": 11,
      "hit_rate": 0.7333333333333333,
      "avg_pnl_per_match": -10.363333333333337,
      "avg_capital_per_match": 67.0,
      "roi_pct_per_trade": -15.467661691542292,
      "dpd_baby": -0.5551785714285716,
      "dpd_25ct": -1.3879464285714291,
      "dpd_80ct": -4.441428571428573,
      "fire_pnl": 110.54999999999991,
      "miss_pnl": -266.0
    },
    "20": {
      "total_pnl_cents": -118.60000000000004,
      "total_capital_cents": 1005.0,
      "hits": 11,
      "hit_rate": 0.7333333333333333,
      "avg_pnl_per_match": -7.906666666666669,
      "avg_capital_per_match": 67.0,
      "roi_pct_per_trade": -11.800995024875625,
      "dpd_baby": -0.42357142857142877,
      "dpd_25ct": -1.0589285714285719,
      "dpd_80ct": -3.38857142857143,
      "fire_pnl": 147.39999999999998,
      "miss_pnl": -266.0
    },
    "25": {
      "total_pnl_cents": -81.75,
      "total_capital_cents": 1005.0,
      "hits": 11,
      "hit_rate": 0.7333333333333333,
      "avg_pnl_per_match": -5.45,
      "avg_capital_per_match": 67.0,
      "roi_pct_per_trade": -8.134328358208956,
      "dpd_baby": -0.29196428571428573,
      "dpd_25ct": -0.7299107142857143,
      "dpd_80ct": -2.335714285714286,
      "fire_pnl": 184.25,
      "miss_pnl": -266.0
    },
    "30": {
      "total_pnl_cents": -132.79999999999995,
      "total_capital_cents": 1005.0,
      "hits": 10,
      "hit_rate": 0.6666666666666666,
      "avg_pnl_per_match": -8.85333333333333,
      "avg_capital_per_match": 67.0,
      "roi_pct_per_trade": -13.213930348258703,
      "dpd_baby": -0.47428571428571414,
      "dpd_25ct": -1.1857142857142853,
      "dpd_80ct": -3.794285714285713,
      "fire_pnl": 200.70000000000005,
      "miss_pnl": -333.5
    },
    "35": {
      "total_pnl_cents": -99.34999999999992,
      "total_capital_cents": 1005.0,
      "hits": 10,
      "hit_rate": 0.6666666666666666,
      "avg_pnl_per_match": -6.623333333333329,
      "avg_capital_per_match": 67.0,
      "roi_pct_per_trade": -9.885572139303475,
      "dpd_baby": -0.3548214285714283,
      "dpd_25ct": -0.8870535714285708,
      "dpd_80ct": -2.8385714285714263,
      "fire_pnl": 234.15000000000003,
      "miss_pnl": -333.5
    },
    "40": {
      "total_pnl_cents": -251.10000000000002,
      "total_capital_cents": 1005.0,
      "hits": 8,
      "hit_rate": 0.5333333333333333,
      "avg_pnl_per_match": -16.740000000000002,
      "avg_capital_per_match": 67.0,
      "roi_pct_per_trade": -24.985074626865675,
      "dpd_baby": -0.8967857142857143,
      "dpd_25ct": -2.241964285714286,
      "dpd_80ct": -7.174285714285714,
      "fire_pnl": 214.39999999999998,
      "miss_pnl": -465.5
    },
    "50": {
      "total_pnl_cents": -205.5,
      "total_capital_cents": 1005.0,
      "hits": 0,
      "hit_rate": 0.0,
      "avg_pnl_per_match": -13.7,
      "avg_capital_per_match": 67.0,
      "roi_pct_per_trade": -20.44776119402985,
      "dpd_baby": -0.7339285714285715,
      "dpd_25ct": -1.8348214285714288,
      "dpd_80ct": -5.871428571428572,
      "fire_pnl": 0,
      "miss_pnl": -205.5
    },
    "60": {
      "total_pnl_cents": -205.5,
      "total_capital_cents": 1005.0,
      "hits": 0,
      "hit_rate": 0.0,
      "avg_pnl_per_match": -13.7,
      "avg_capital_per_match": 67.0,
      "roi_pct_per_trade": -20.44776119402985,
      "dpd_baby": -0.7339285714285715,
      "dpd_25ct": -1.8348214285714288,
      "dpd_80ct": -5.871428571428572,
      "fire_pnl": 0,
      "miss_pnl": -205.5
    },
    "75": {
      "total_pnl_cents": -205.5,
      "total_capital_cents": 1005.0,
      "hits": 0,
      "hit_rate": 0.0,
      "avg_pnl_per_match": -13.7,
      "avg_capital_per_match": 67.0,
      "roi_pct_per_trade": -20.44776119402985,
      "dpd_baby": -0.7339285714285715,
      "dpd_25ct": -1.8348214285714288,
      "dpd_80ct": -5.871428571428572,
      "fire_pnl": 0,
      "miss_pnl": -205.5
    },
    "100": {
      "total_pnl_cents": -205.5,
      "total_capital_cents": 1005.0,
      "hits": 0,
      "hit_rate": 0.0,
      "avg_pnl_per_match": -13.7,
      "avg_capital_per_match": 67.0,
      "roi_pct_per_trade": -20.44776119402985,
      "dpd_baby": -0.7339285714285715,
      "dpd_25ct": -1.8348214285714288,
      "dpd_80ct": -5.871428571428572,
      "fire_pnl": 0,
      "miss_pnl": -205.5
    },
    "125": {
      "total_pnl_cents": -205.5,
      "total_capital_cents": 1005.0,
      "hits": 0,
      "hit_rate": 0.0,
      "avg_pnl_per_match": -13.7,
      "avg_capital_per_match": 67.0,
      "roi_pct_per_trade": -20.44776119402985,
      "dpd_baby": -0.7339285714285715,
      "dpd_25ct": -1.8348214285714288,
      "dpd_80ct": -5.871428571428572,
      "fire_pnl": 0,
      "miss_pnl": -205.5
    },
    "150": {
      "total_pnl_cents": -205.5,
      "total_capital_cents": 1005.0,
      "hits": 0,
      "hit_rate": 0.0,
      "avg_pnl_per_match": -13.7,
      "avg_capital_per_match": 67.0,
      "roi_pct_per_trade": -20.44776119402985,
      "dpd_baby": -0.7339285714285715,
      "dpd_25ct": -1.8348214285714288,
      "dpd_80ct": -5.871428571428572,
      "fire_pnl": 0,
      "miss_pnl": -205.5
    },
    "200": {
      "total_pnl_cents": -205.5,
      "total_capital_cents": 1005.0,
      "hits": 0,
      "hit_rate": 0.0,
      "avg_pnl_per_match": -13.7,
      "avg_capital_per_match": 67.0,
      "roi_pct_per_trade": -20.44776119402985,
      "dpd_baby": -0.7339285714285715,
      "dpd_25ct": -1.8348214285714288,
      "dpd_80ct": -5.871428571428572,
      "fire_pnl": 0,
      "miss_pnl": -205.5
    },
    "250": {
      "total_pnl_cents": -205.5,
      "total_capital_cents": 1005.0,
      "hits": 0,
      "hit_rate": 0.0,
      "avg_pnl_per_match": -13.7,
      "avg_capital_per_match": 67.0,
      "roi_pct_per_trade": -20.44776119402985,
      "dpd_baby": -0.7339285714285715,
      "dpd_25ct": -1.8348214285714288,