{
  "n_matches": 10,
  "avg_entry": 32.0,
  "n_wins": 2,
  "hold_pnl_total": -117.0,
  "hold_capital_total": 320.0,
  "hold_roi_pct": -36.5625,
  "by_roi": {
    "5": {
      "total_pnl_cents": -50.19999999999999,
      "total_capital_cents": 320.0,
      "hits": 8,
      "hit_rate": 0.8,
      "avg_pnl_per_match": -5.019999999999999,
      "avg_capital_per_match": 32.0,
      "roi_pct_per_trade": -15.687499999999996,
      "dpd_baby": -0.17928571428571424,
      "dpd_25ct": -0.4482142857142856,
      "dpd_80ct": -1.434285714285714,
      "fire_pnl": 12.800000000000011,
      "miss_pnl": -63.0
    },
    "7": {
      "total_pnl_cents": -45.079999999999984,
      "total_capital_cents": 320.0,
      "hits": 8,
      "hit_rate": 0.8,
      "avg_pnl_per_match": -4.507999999999998,
      "avg_capital_per_match": 32.0,
      "roi_pct_per_trade": -14.087499999999995,
      "dpd_baby": -0.16099999999999995,
      "dpd_25ct": -0.40249999999999986,
      "dpd_80ct": -1.2879999999999996,
      "fire_pnl": 17.920000000000016,
      "miss_pnl": -63.0
    },
    "10": {
      "total_pnl_cents": -37.39999999999998,
      "total_capital_cents": 320.0,
      "hits": 8,
      "hit_rate": 0.8,
      "avg_pnl_per_match": -3.7399999999999975,
      "avg_capital_per_match": 32.0,
      "roi_pct_per_trade": -11.687499999999993,
      "dpd_baby": -0.13357142857142848,
      "dpd_25ct": -0.3339285714285712,
      "dpd_80ct": -1.0685714285714278,
      "fire_pnl": 25.600000000000023,
      "miss_pnl": -63.0
    },
    "12": {
      "total_pnl_cents": -67.61999999999998,
      "total_capital_cents": 320.0,
      "hits": 7,
      "hit_rate": 0.7,
      "avg_pnl_per_match": -6.761999999999998,
      "avg_capital_per_match": 32.0,
      "roi_pct_per_trade": -21.13124999999999,
      "dpd_baby": -0.2414999999999999,
      "dpd_25ct": -0.6037499999999998,
      "dpd_80ct": -1.9319999999999993,
      "fire_pnl": 26.880000000000024,
      "miss_pnl": -94.5
    },
    "15": {
      "total_pnl_cents": -60.90000000000002,
      "total_capital_cents": 320.0,
      "hits": 7,
      "hit_rate": 0.7,
      "avg_pnl_per_match": -6.090000000000002,
      "avg_capital_per_match": 32.0,
      "roi_pct_per_trade": -19.031250000000007,
      "dpd_baby": -0.21750000000000008,
      "dpd_25ct": -0.5437500000000002,
      "dpd_80ct": -1.7400000000000007,
      "fire_pnl": 33.59999999999998,
      "miss_pnl": -94.5
    },
    "20": {
      "total_pnl_cents": -87.6,
      "total_capital_cents": 320.0,
      "hits": 6,
      "hit_rate": 0.6,
      "avg_pnl_per_match": -8.76,
      "avg_capital_per_match": 32.0,
      "roi_pct_per_trade": -27.375,
      "dpd_baby": -0.31285714285714283,
      "dpd_25ct": -0.782142857142857,
      "dpd_80ct": -2.5028571428571427,
      "fire_pnl": 38.39999999999999,
      "miss_pnl": -126.0
    },
    "25": {
      "total_pnl_cents": -78.0,
      "total_capital_cents": 320.0,
      "hits": 6,
      "hit_rate": 0.6,
      "avg_pnl_per_match": -7.8,
      "avg_capital_per_match": 32.0,
      "roi_pct_per_trade": -24.375,
      "dpd_baby": -0.2785714285714286,
      "dpd_25ct": -0.6964285714285714,
      "dpd_80ct": -2.2285714285714286,
      "fire_pnl": 48.0,
      "miss_pnl": -126.0
    },
    "30": {
      "total_pnl_cents": -68.4,
      "total_capital_cents": 320.0,
      "hits": 6,
      "hit_rate": 0.6,
      "avg_pnl_per_match": -6.840000000000001,
      "avg_capital_per_match": 32.0,
      "roi_pct_per_trade": -21.375000000000004,
      "dpd_baby": -0.24428571428571427,
      "dpd_25ct": -0.6107142857142857,
      "dpd_80ct": -1.9542857142857142,
      "fire_pnl": 57.60000000000001,
      "miss_pnl": -126.0
    },
    "35": {
      "total_pnl_cents": -102.85,
      "total_capital_cents": 320.0,
      "hits": 5,
      "hit_rate": 0.5,
      "avg_pnl_per_match": -10.285,
      "avg_capital_per_match": 32.0,
      "roi_pct_per_trade": -32.140625,
      "dpd_baby": -0.3673214285714286,
      "dpd_25ct": -0.9183035714285714,
      "dpd_80ct": -2.9385714285714286,
      "fire_pnl": 55.65000000000001,
      "miss_pnl": -158.5
    },
    "40": {
      "total_pnl_cents": -139.2,
      "total_capital_cents": 320.0,
      "hits": 4,
      "hit_rate": 0.4,
      "avg_pnl_per_match": -13.919999999999998,
      "avg_capital_per_match": 32.0,
      "roi_pct_per_trade": -43.49999999999999,
      "dpd_baby": -0.49714285714285716,
      "dpd_25ct": -1.2428571428571429,
      "dpd_80ct": -3.9771428571428573,
      "fire_pnl": 50.79999999999999,
      "miss_pnl": -190.0
    },
    "50": {
      "total_pnl_cents": -172.5,
      "total_capital_cents": 320.0,
      "hits": 3,
      "hit_rate": 0.3,
      "avg_pnl_per_match": -17.25,
      "avg_capital_per_match": 32.0,
      "roi_pct_per_trade": -53.90625,
      "dpd_baby": -0.6160714285714286,
      "dpd_25ct": -1.5401785714285716,
      "dpd_80ct": -4.928571428571429,
      "fire_pnl": 48.0,
      "miss_pnl": -220.5
    },
    "60": {
      "total_pnl_cents": -162.90000000000003,
      "total_capital_cents": 320.0,
      "hits": 3,
      "hit_rate": 0.3,
      "avg_pnl_per_match": -16.290000000000003,
      "avg_capital_per_match": 32.0,
      "roi_pct_per_trade": -50.906250000000014,
      "dpd_baby": -0.5817857142857145,
      "dpd_25ct": -1.4544642857142862,
      "dpd_80ct": -4.654285714285716,
      "fire_pnl": 57.60000000000001,
      "miss_pnl": -220.5
    },
    "75": {
      "total_pnl_cents": -148.5,
      "total_capital_cents": 320.0,
      "hits": 3,
      "hit_rate": 0.3,
      "avg_pnl_per_match": -14.85,
      "avg_capital_per_match": 32.0,
      "roi_pct_per_trade": -46.40625,
      "dpd_baby": -0.5303571428571429,
      "dpd_25ct": -1.3258928571428572,
      "dpd_80ct": -4.242857142857143,
      "fire_pnl": 72.0,
      "miss_pnl": -220.5
    },
    "100": {
      "total_pnl_cents": -124.5,
      "total_capital_cents": 320.0,
      "hits": 3,
      "hit_rate": 0.3,
      "avg_pnl_per_match": -12.45,
      "avg_capital_per_match": 32.0,
      "roi_pct_per_trade": -38.90625,
      "dpd_baby": -0.4446428571428571,
      "dpd_25ct": -1.1116071428571428,
      "dpd_80ct": -3.557142857142857,
      "fire_pnl": 96.0,
      "miss_pnl": -220.5
    },
    "125": {
      "total_pnl_cents": -172.0,
      "total_capital_cents": 320.0,
      "hits": 2,
      "hit_rate": 0.2,
      "avg_pnl_per_match": -17.2,
      "avg_capital_per_match": 32.0,
      "roi_pct_per_trade": -53.75,
      "dpd_baby": -0.6142857142857142,
      "dpd_25ct": -1.5357142857142856,
      "dpd_80ct": -4.914285714285714,
      "fire_pnl": 80.0,
      "miss_pnl": -252.0
    },
    "150": {
      "total_pnl_cents": -156.0,
      "total_capital_cents": 320.0,
      "hits": 2,
      "hit_rate": 0.2,
      "avg_pnl_per_match": -15.6,
      "avg_capital_per_match": 32.0,
      "roi_pct_per_trade": -48.75,
      "dpd_baby": -0.5571428571428572,
      "dpd_25ct": -1.3928571428571428,
      "dpd_80ct": -4.457142857142857,
      "fire_pnl": 96.0,
      "miss_pnl": -252.0
    },
    "200": {
      "total_pnl_cents": -124.0,
      "total_capital_cents": 320.0,
      "hits": 2,
      "hit_rate": 0.2,
      "avg_pnl_per_match": -12.4,
      "avg_capital_per_match": 32.0,
      "roi_pct_per_trade": -38.75,
      "dpd_baby": -0.4428571428571429,
      "dpd_25ct": -1.1071428571428572,
      "dpd_80ct": -3.542857142857143,
      "fire_pnl": 128.0,
      "miss_pnl": -252.0
    },
    "250": {
      "total_pnl_cents": -117.0,
      "total_capital_cents": 320.0,
      "hits": 0,
      "hit_rate": 0.0,
      "avg_pnl_per_match": -11.7,
      "avg_capital_per_match": 32.0,
      "roi_pct_per_trade": -36.5625,
      "dpd_baby": -0.4178571428571428,
      "dpd_25ct": -1.044642857142857,
      "dpd_80ct": -3.3428571428571425,
      "fire_pnl": 0,
      "miss_pnl": -117.0
    },
    "300": {
      "total_pnl_cents": -117.0,
      "total_capital_cents": 320.0,
      "hits": 0,
      "hit_rate": 0.0,
      "avg_pnl_per_match": -11.7,
      "avg_capital_per_match": 32.0,