{
  "n_matches": 9,
  "avg_entry": 26.11111111111111,
  "n_wins": 2,
  "hold_pnl_total": -32.5,
  "hold_capital_total": 235.0,
  "hold_roi_pct": -13.829787234042554,
  "by_roi": {
    "5": {
      "total_pnl_cents": -15.049999999999994,
      "total_capital_cents": 235.0,
      "hits": 8,
      "hit_rate": 0.8888888888888888,
      "avg_pnl_per_match": -1.6722222222222216,
      "avg_capital_per_match": 26.11111111111111,
      "roi_pct_per_trade": -6.404255319148933,
      "dpd_baby": -0.05374999999999998,
      "dpd_25ct": -0.13437499999999994,
      "dpd_80ct": -0.4299999999999998,
      "fire_pnl": 10.450000000000006,
      "miss_pnl": -25.5
    },
    "7": {
      "total_pnl_cents": -10.869999999999997,
      "total_capital_cents": 235.0,
      "hits": 8,
      "hit_rate": 0.8888888888888888,
      "avg_pnl_per_match": -1.2077777777777774,
      "avg_capital_per_match": 26.11111111111111,
      "roi_pct_per_trade": -4.6255319148936165,
      "dpd_baby": -0.03882142857142856,
      "dpd_25ct": -0.0970535714285714,
      "dpd_80ct": -0.3105714285714285,
      "fire_pnl": 14.630000000000003,
      "miss_pnl": -25.5
    },
    "10": {
      "total_pnl_cents": -4.599999999999984,
      "total_capital_cents": 235.0,
      "hits": 8,
      "hit_rate": 0.8888888888888888,
      "avg_pnl_per_match": -0.5111111111111093,
      "avg_capital_per_match": 26.11111111111111,
      "roi_pct_per_trade": -1.9574468085106314,
      "dpd_baby": -0.01642857142857137,
      "dpd_25ct": -0.041071428571428426,
      "dpd_80ct": -0.13142857142857095,
      "fire_pnl": 20.900000000000016,
      "miss_pnl": -25.5
    },
    "12": {
      "total_pnl_cents": -0.41999999999996973,
      "total_capital_cents": 235.0,
      "hits": 8,
      "hit_rate": 0.8888888888888888,
      "avg_pnl_per_match": -0.0466666666666633,
      "avg_capital_per_match": 26.11111111111111,
      "roi_pct_per_trade": -0.17872340425530628,
      "dpd_baby": -0.0014999999999998918,
      "dpd_25ct": -0.0037499999999997297,
      "dpd_80ct": -0.011999999999999135,
      "fire_pnl": 25.08000000000003,
      "miss_pnl": -25.5
    },
    "15": {
      "total_pnl_cents": 5.849999999999984,
      "total_capital_cents": 235.0,
      "hits": 8,
      "hit_rate": 0.8888888888888888,
      "avg_pnl_per_match": 0.6499999999999981,
      "avg_capital_per_match": 26.11111111111111,
      "roi_pct_per_trade": 2.4893617021276526,
      "dpd_baby": 0.020892857142857085,
      "dpd_25ct": 0.05223214285714271,
      "dpd_80ct": 0.16714285714285668,
      "fire_pnl": 31.349999999999984,
      "miss_pnl": -25.5
    },
    "20": {
      "total_pnl_cents": 16.299999999999994,
      "total_capital_cents": 235.0,
      "hits": 8,
      "hit_rate": 0.8888888888888888,
      "avg_pnl_per_match": 1.8111111111111104,
      "avg_capital_per_match": 26.11111111111111,
      "roi_pct_per_trade": 6.936170212765955,
      "dpd_baby": 0.0582142857142857,
      "dpd_25ct": 0.14553571428571424,
      "dpd_80ct": 0.4657142857142856,
      "fire_pnl": 41.8,
      "miss_pnl": -25.5
    },
    "25": {
      "total_pnl_cents": 26.75,
      "total_capital_cents": 235.0,
      "hits": 8,
      "hit_rate": 0.8888888888888888,
      "avg_pnl_per_match": 2.9722222222222223,
      "avg_capital_per_match": 26.11111111111111,
      "roi_pct_per_trade": 11.382978723404255,
      "dpd_baby": 0.09553571428571428,
      "dpd_25ct": 0.2388392857142857,
      "dpd_80ct": 0.7642857142857142,
      "fire_pnl": 52.25,
      "miss_pnl": -25.5
    },
    "30": {
      "total_pnl_cents": 37.200000000000024,
      "total_capital_cents": 235.0,
      "hits": 8,
      "hit_rate": 0.8888888888888888,
      "avg_pnl_per_match": 4.133333333333336,
      "avg_capital_per_match": 26.11111111111111,
      "roi_pct_per_trade": 15.829787234042563,
      "dpd_baby": 0.13285714285714295,
      "dpd_25ct": 0.3321428571428574,
      "dpd_80ct": 1.0628571428571436,
      "fire_pnl": 62.700000000000024,
      "miss_pnl": -25.5
    },
    "35": {
      "total_pnl_cents": 47.65000000000001,
      "total_capital_cents": 235.0,
      "hits": 8,
      "hit_rate": 0.8888888888888888,
      "avg_pnl_per_match": 5.294444444444446,
      "avg_capital_per_match": 26.11111111111111,
      "roi_pct_per_trade": 20.276595744680854,
      "dpd_baby": 0.17017857142857148,
      "dpd_25ct": 0.4254464285714287,
      "dpd_80ct": 1.3614285714285719,
      "fire_pnl": 73.15,
      "miss_pnl": -25.5
    },
    "40": {
      "total_pnl_cents": 58.09999999999999,
      "total_capital_cents": 235.0,
      "hits": 8,
      "hit_rate": 0.8888888888888888,
      "avg_pnl_per_match": 6.455555555555554,
      "avg_capital_per_match": 26.11111111111111,
      "roi_pct_per_trade": 24.723404255319146,
      "dpd_baby": 0.20749999999999996,
      "dpd_25ct": 0.5187499999999999,
      "dpd_80ct": 1.6599999999999997,
      "fire_pnl": 83.6,
      "miss_pnl": -25.5
    },
    "50": {
      "total_pnl_cents": 79.0,
      "total_capital_cents": 235.0,
      "hits": 8,
      "hit_rate": 0.8888888888888888,
      "avg_pnl_per_match": 8.777777777777779,
      "avg_capital_per_match": 26.11111111111111,
      "roi_pct_per_trade": 33.61702127659574,
      "dpd_baby": 0.28214285714285714,
      "dpd_25ct": 0.7053571428571428,
      "dpd_80ct": 2.257142857142857,
      "fire_pnl": 104.5,
      "miss_pnl": -25.5
    },
    "60": {
      "total_pnl_cents": 99.9,
      "total_capital_cents": 235.0,
      "hits": 8,
      "hit_rate": 0.8888888888888888,
      "avg_pnl_per_match": 11.100000000000001,
      "avg_capital_per_match": 26.11111111111111,
      "roi_pct_per_trade": 42.51063829787234,
      "dpd_baby": 0.3567857142857143,
      "dpd_25ct": 0.8919642857142858,
      "dpd_80ct": 2.8542857142857145,
      "fire_pnl": 125.4,
      "miss_pnl": -25.5
    },
    "75": {
      "total_pnl_cents": 41.25,
      "total_capital_cents": 235.0,
      "hits": 6,
      "hit_rate": 0.6666666666666666,
      "avg_pnl_per_match": 4.583333333333333,
      "avg_capital_per_match": 26.11111111111111,
      "roi_pct_per_trade": 17.5531914893617,
      "dpd_baby": 0.14732142857142858,
      "dpd_25ct": 0.36830357142857145,
      "dpd_80ct": 1.1785714285714286,
      "fire_pnl": 117.75,
      "miss_pnl": -76.5
    },
    "100": {
      "total_pnl_cents": 80.5,
      "total_capital_cents": 235.0,
      "hits": 6,
      "hit_rate": 0.6666666666666666,
      "avg_pnl_per_match": 8.944444444444445,
      "avg_capital_per_match": 26.11111111111111,
      "roi_pct_per_trade": 34.255319148936174,
      "dpd_baby": 0.28750000000000003,
      "dpd_25ct": 0.7187500000000001,
      "dpd_80ct": 2.3000000000000003,
      "fire_pnl": 157.0,
      "miss_pnl": -76.5
    },
    "125": {
      "total_pnl_cents": 61.75,
      "total_capital_cents": 235.0,
      "hits": 5,
      "hit_rate": 0.5555555555555556,
      "avg_pnl_per_match": 6.861111111111111,
      "avg_capital_per_match": 26.11111111111111,
      "roi_pct_per_trade": 26.27659574468085,
      "dpd_baby": 0.22053571428571428,
      "dpd_25ct": 0.5513392857142857,
      "dpd_80ct": 1.7642857142857142,
      "fire_pnl": 163.75,
      "miss_pnl": -102.0
    },
    "150": {
      "total_pnl_cents": 94.5,
      "total_capital_cents": 235.0,
      "hits": 5,
      "hit_rate": 0.5555555555555556,
      "avg_pnl_per_match": 10.5,
      "avg_capital_per_match": 26.11111111111111,
      "roi_pct_per_trade": 40.212765957446805,
      "dpd_baby": 0.33749999999999997,
      "dpd_25ct": 0.8437499999999999,
      "dpd_80ct": 2.6999999999999997,
      "fire_pnl": 196.5,
      "miss_pnl": -102.0
    },
    "200": {
      "total_pnl_cents": -72.5,
      "total_capital_cents": 235.0,
      "hits": 2,
      "hit_rate": 0.2222222222222222,
      "avg_pnl_per_match": -8.055555555555555,
      "avg_capital_per_match": 26.11111111111111,
      "roi_pct_per_trade": -30.851063829787233,
      "dpd_baby": -0.25892857142857145,
      "dpd_25ct": -0.6473214285714286,
      "dpd_80ct": -2.0714285714285716,