{
  "n_matches": 11,
  "avg_entry": 71.0909090909091,
  "n_wins": 7,
  "hold_pnl_total": -83.5,
  "hold_capital_total": 782.0,
  "hold_roi_pct": -10.677749360613811,
  "by_roi": {
    "5": {
      "total_pnl_cents": -35.99999999999996,
      "total_capital_cents": 782.0,
      "hits": 10,
      "hit_rate": 0.9090909090909091,
      "avg_pnl_per_match": -3.272727272727269,
      "avg_capital_per_match": 71.0909090909091,
      "roi_pct_per_trade": -4.603580562659841,
      "dpd_baby": -0.12857142857142842,
      "dpd_25ct": -0.32142857142857106,
      "dpd_80ct": -1.0285714285714274,
      "fire_pnl": 35.50000000000004,
      "miss_pnl": -71.5
    },
    "7": {
      "total_pnl_cents": -21.79999999999994,
      "total_capital_cents": 782.0,
      "hits": 10,
      "hit_rate": 0.9090909090909091,
      "avg_pnl_per_match": -1.9818181818181764,
      "avg_capital_per_match": 71.0909090909091,
      "roi_pct_per_trade": -2.7877237851662326,
      "dpd_baby": -0.07785714285714264,
      "dpd_25ct": -0.1946428571428566,
      "dpd_80ct": -0.6228571428571411,
      "fire_pnl": 49.70000000000006,
      "miss_pnl": -71.5
    },
    "10": {
      "total_pnl_cents": -0.4999999999999858,
      "total_capital_cents": 782.0,
      "hits": 10,
      "hit_rate": 0.9090909090909091,
      "avg_pnl_per_match": -0.045454545454544165,
      "avg_capital_per_match": 71.0909090909091,
      "roi_pct_per_trade": -0.06393861892582939,
      "dpd_baby": -0.001785714285714235,
      "dpd_25ct": -0.004464285714285587,
      "dpd_80ct": -0.01428571428571388,
      "fire_pnl": 71.00000000000001,
      "miss_pnl": -71.5
    },
    "12": {
      "total_pnl_cents": 13.700000000000102,
      "total_capital_cents": 782.0,
      "hits": 10,
      "hit_rate": 0.9090909090909091,
      "avg_pnl_per_match": 1.2454545454545547,
      "avg_capital_per_match": 71.0909090909091,
      "roi_pct_per_trade": 1.751918158567788,
      "dpd_baby": 0.0489285714285718,
      "dpd_25ct": 0.1223214285714295,
      "dpd_80ct": 0.3914285714285744,
      "fire_pnl": 85.2000000000001,
      "miss_pnl": -71.5
    },
    "15": {
      "total_pnl_cents": 34.999999999999986,
      "total_capital_cents": 782.0,
      "hits": 10,
      "hit_rate": 0.9090909090909091,
      "avg_pnl_per_match": 3.1818181818181803,
      "avg_capital_per_match": 71.0909090909091,
      "roi_pct_per_trade": 4.475703324808182,
      "dpd_baby": 0.12499999999999996,
      "dpd_25ct": 0.3124999999999999,
      "dpd_80ct": 0.9999999999999997,
      "fire_pnl": 106.49999999999999,
      "miss_pnl": -71.5
    },
    "20": {
      "total_pnl_cents": 70.49999999999996,
      "total_capital_cents": 782.0,
      "hits": 10,
      "hit_rate": 0.9090909090909091,
      "avg_pnl_per_match": 6.409090909090906,
      "avg_capital_per_match": 71.0909090909091,
      "roi_pct_per_trade": 9.015345268542193,
      "dpd_baby": 0.2517857142857141,
      "dpd_25ct": 0.6294642857142853,
      "dpd_80ct": 2.014285714285713,
      "fire_pnl": 141.99999999999994,
      "miss_pnl": -71.5
    },
    "25": {
      "total_pnl_cents": 106.0,
      "total_capital_cents": 782.0,
      "hits": 10,
      "hit_rate": 0.9090909090909091,
      "avg_pnl_per_match": 9.636363636363637,
      "avg_capital_per_match": 71.0909090909091,
      "roi_pct_per_trade": 13.554987212276215,
      "dpd_baby": 0.37857142857142856,
      "dpd_25ct": 0.9464285714285714,
      "dpd_80ct": 3.0285714285714285,
      "fire_pnl": 177.5,
      "miss_pnl": -71.5
    },
    "30": {
      "total_pnl_cents": 141.50000000000006,
      "total_capital_cents": 782.0,
      "hits": 10,
      "hit_rate": 0.9090909090909091,
      "avg_pnl_per_match": 12.863636363636369,
      "avg_capital_per_match": 71.0909090909091,
      "roi_pct_per_trade": 18.09462915601024,
      "dpd_baby": 0.505357142857143,
      "dpd_25ct": 1.2633928571428574,
      "dpd_80ct": 4.042857142857144,
      "fire_pnl": 213.00000000000006,
      "miss_pnl": -71.5
    },
    "35": {
      "total_pnl_cents": 182.0,
      "total_capital_cents": 782.0,
      "hits": 9,
      "hit_rate": 0.8181818181818182,
      "avg_pnl_per_match": 16.545454545454547,
      "avg_capital_per_match": 71.0909090909091,
      "roi_pct_per_trade": 23.273657289002557,
      "dpd_baby": 0.65,
      "dpd_25ct": 1.625,
      "dpd_80ct": 5.2,
      "fire_pnl": 224.0,
      "miss_pnl": -42.0
    },
    "40": {
      "total_pnl_cents": 11.0,
      "total_capital_cents": 782.0,
      "hits": 3,
      "hit_rate": 0.2727272727272727,
      "avg_pnl_per_match": 1.0,
      "avg_capital_per_match": 71.0909090909091,
      "roi_pct_per_trade": 1.4066496163682864,
      "dpd_baby": 0.03928571428571429,
      "dpd_25ct": 0.09821428571428573,
      "dpd_80ct": 0.31428571428571433,
      "fire_pnl": 84.0,
      "miss_pnl": -73.0
    },
    "50": {
      "total_pnl_cents": 15.0,
      "total_capital_cents": 782.0,
      "hits": 1,
      "hit_rate": 0.09090909090909091,
      "avg_pnl_per_match": 1.3636363636363635,
      "avg_capital_per_match": 71.0909090909091,
      "roi_pct_per_trade": 1.918158567774936,
      "dpd_baby": 0.05357142857142857,
      "dpd_25ct": 0.13392857142857142,
      "dpd_80ct": 0.42857142857142855,
      "fire_pnl": 29.0,
      "miss_pnl": -14.0
    },
    "60": {
      "total_pnl_cents": 15.0,
      "total_capital_cents": 782.0,
      "hits": 1,
      "hit_rate": 0.09090909090909091,
      "avg_pnl_per_match": 1.3636363636363635,
      "avg_capital_per_match": 71.0909090909091,
      "roi_pct_per_trade": 1.918158567774936,
      "dpd_baby": 0.05357142857142857,
      "dpd_25ct": 0.13392857142857142,
      "dpd_80ct": 0.42857142857142855,
      "fire_pnl": 29.0,
      "miss_pnl": -14.0
    },
    "75": {
      "total_pnl_cents": 15.0,
      "total_capital_cents": 782.0,
      "hits": 1,
      "hit_rate": 0.09090909090909091,
      "avg_pnl_per_match": 1.3636363636363635,
      "avg_capital_per_match": 71.0909090909091,
      "roi_pct_per_trade": 1.918158567774936,
      "dpd_baby": 0.05357142857142857,
      "dpd_25ct": 0.13392857142857142,
      "dpd_80ct": 0.42857142857142855,
      "fire_pnl": 29.0,
      "miss_pnl": -14.0
    },
    "100": {
      "total_pnl_cents": 15.0,
      "total_capital_cents": 782.0,
      "hits": 1,
      "hit_rate": 0.09090909090909091,
      "avg_pnl_per_match": 1.3636363636363635,
      "avg_capital_per_match": 71.0909090909091,
      "roi_pct_per_trade": 1.918158567774936,
      "dpd_baby": 0.05357142857142857,
      "dpd_25ct": 0.13392857142857142,
      "dpd_80ct": 0.42857142857142855,
      "fire_pnl": 29.0,
      "miss_pnl": -14.0
    },
    "125": {
      "total_pnl_cents": 15.0,
      "total_capital_cents": 782.0,
      "hits": 1,
      "hit_rate": 0.09090909090909091,
      "avg_pnl_per_match": 1.3636363636363635,
      "avg_capital_per_match": 71.0909090909091,
      "roi_pct_per_trade": 1.918158567774936,
      "dpd_baby": 0.05357142857142857,
      "dpd_25ct": 0.13392857142857142,
      "dpd_80ct": 0.42857142857142855,
      "fire_pnl": 29.0,
      "miss_pnl": -14.0
    },
    "150": {
      "total_pnl_cents": 15.0,
      "total_capital_cents": 782.0,
      "hits": 1,
      "hit_rate": 0.09090909090909091,
      "avg_pnl_per_match": 1.3636363636363635,
      "avg_capital_per_match": 71.0909090909091,
      "roi_pct_per_trade": 1.918158567774936,
      "dpd_baby": 0.05357142857142857,
      "dpd_25ct": 0.13392857142857142,
      "dpd_80ct": 0.42857142857142855,
      "fire_pnl": 29.0,
      "miss_pnl": -14.0
    },
    "200": {
      "total_pnl_cents": 15.0,
      "total_capital_cents": 782.0,
      "hits": 1,
      "hit_rate": 0.09090909090909091,
      "avg_pnl_per_match": 1.3636363636363635,
      "avg_capital_per_match": 71.0909090909091,
      "roi_pct_per_trade": 1.918158567774936,
      "dpd_baby": 0.05357142857142857,
      "dpd_25ct": 0.13392857142857142,
      "dpd_80ct": 0.42857142857142855,
      "fire_pnl": 29.0,
      "miss_pnl": -14.0
    },
    "250": {
      "total_pnl_cents": 15.0,