{
 "sha256": "b601b5e89e04955a1f8f02090db5c9b2ea5c856761f74a8519b8f65b5cb90161",
 "rows": 364,
 "beats_skip": 105,
 "legs_with_hole": 14033,
 "never_traded": 9,
 "R1": {
  "atlas": 8.69885912432069,
  "maker": 12.109813188949879,
  "deployed": 10.948982186392259,
  "within2": 246,
  "tot": 249,
  "tailbad": 0
 },
 "f_live_sec": 1800.0,
 "sweep": [
  1200,
  1800,
  3600,
  7200,
  14400
 ]
}