{
  "cell": "ATP_CHALL_underdog_20-24",
  "n_matches": 25,
  "bounce_distribution": {
    "min": 0.5,
    "p10": 2.0,
    "p25": 9.0,
    "p50": 26.0,
    "p75": 66.5,
    "p90": 76.0,
    "max": 76.5
  },
  "hold_dpd_baby": -0.6267857142857143,
  "best_exit": 64,
  "best_dpd_baby": 0.75,
  "by_exit": {
    "1": {
      "total_pnl_cents": 2.5,
      "hits": 24,
      "hit_rate": 0.96,
      "avg_pnl_per_match": 0.1,
      "dpd_baby": 0.008928571428571428,
      "dpd_25ct": 0.02232142857142857,
      "dpd_80ct": 0.07142857142857142
    },
    "2": {
      "total_pnl_cents": 1.0,
      "hits": 23,
      "hit_rate": 0.92,
      "avg_pnl_per_match": 0.04,
      "dpd_baby": 0.0035714285714285718,
      "dpd_25ct": 0.00892857142857143,
      "dpd_80ct": 0.028571428571428574
    },
    "3": {
      "total_pnl_cents": -27.0,
      "hits": 21,
      "hit_rate": 0.84,
      "avg_pnl_per_match": -1.08,
      "dpd_baby": -0.09642857142857143,
      "dpd_25ct": -0.24107142857142858,
      "dpd_80ct": -0.7714285714285715
    },
    "4": {
      "total_pnl_cents": -6.0,
      "hits": 21,
      "hit_rate": 0.84,
      "avg_pnl_per_match": -0.24,
      "dpd_baby": -0.02142857142857143,
      "dpd_25ct": -0.053571428571428575,
      "dpd_80ct": -0.17142857142857143
    },
    "5": {
      "total_pnl_cents": -13.5,
      "hits": 20,
      "hit_rate": 0.8,
      "avg_pnl_per_match": -0.54,
      "dpd_baby": -0.048214285714285716,
      "dpd_25ct": -0.12053571428571429,
      "dpd_80ct": -0.38571428571428573
    },
    "6": {
      "total_pnl_cents": 6.5,
      "hits": 20,
      "hit_rate": 0.8,
      "avg_pnl_per_match": 0.26,
      "dpd_baby": 0.023214285714285715,
      "dpd_25ct": 0.05803571428571429,
      "dpd_80ct": 0.18571428571428572
    },
    "7": {
      "total_pnl_cents": 26.5,
      "hits": 20,
      "hit_rate": 0.8,
      "avg_pnl_per_match": 1.06,
      "dpd_baby": 0.09464285714285714,
      "dpd_25ct": 0.23660714285714285,
      "dpd_80ct": 0.7571428571428571
    },
    "8": {
      "total_pnl_cents": 15.0,
      "hits": 19,
      "hit_rate": 0.76,
      "avg_pnl_per_match": 0.6,
      "dpd_baby": 0.05357142857142857,
      "dpd_25ct": 0.13392857142857142,
      "dpd_80ct": 0.42857142857142855
    },
    "9": {
      "total_pnl_cents": 34.0,
      "hits": 19,
      "hit_rate": 0.76,
      "avg_pnl_per_match": 1.36,
      "dpd_baby": 0.12142857142857143,
      "dpd_25ct": 0.30357142857142855,
      "dpd_80ct": 0.9714285714285714
    },
    "10": {
      "total_pnl_cents": -12.0,
      "hits": 17,
      "hit_rate": 0.68,
      "avg_pnl_per_match": -0.48,
      "dpd_baby": -0.04285714285714286,
      "dpd_25ct": -0.10714285714285715,
      "dpd_80ct": -0.34285714285714286
    },
    "11": {
      "total_pnl_cents": -27.5,
      "hits": 16,
      "hit_rate": 0.64,
      "avg_pnl_per_match": -1.1,
      "dpd_baby": -0.09821428571428571,
      "dpd_25ct": -0.24553571428571427,
      "dpd_80ct": -0.7857142857142857
    },
    "12": {
      "total_pnl_cents": -11.5,
      "hits": 16,
      "hit_rate": 0.64,
      "avg_pnl_per_match": -0.46,
      "dpd_baby": -0.04107142857142857,
      "dpd_25ct": -0.10267857142857142,
      "dpd_80ct": -0.32857142857142857
    },
    "13": {
      "total_pnl_cents": -32.0,
      "hits": 15,
      "hit_rate": 0.6,
      "avg_pnl_per_match": -1.28,
      "dpd_baby": -0.1142857142857143,
      "dpd_25ct": -0.28571428571428575,
      "dpd_80ct": -0.9142857142857144
    },
    "14": {
      "total_pnl_cents": -17.0,
      "hits": 15,
      "hit_rate": 0.6,
      "avg_pnl_per_match": -0.68,
      "dpd_baby": -0.060714285714285714,
      "dpd_25ct": -0.15178571428571427,
      "dpd_80ct": -0.4857142857142857
    },
    "15": {
      "total_pnl_cents": -2.0,
      "hits": 15,
      "hit_rate": 0.6,
      "avg_pnl_per_match": -0.08,
      "dpd_baby": -0.0071428571428571435,
      "dpd_25ct": -0.01785714285714286,
      "dpd_80ct": -0.05714285714285715
    },
    "16": {
      "total_pnl_cents": 13.0,
      "hits": 15,
      "hit_rate": 0.6,
      "avg_pnl_per_match": 0.52,
      "dpd_baby": 0.04642857142857143,
      "dpd_25ct": 0.11607142857142858,
      "dpd_80ct": 0.37142857142857144
    },
    "17": {
      "total_pnl_cents": 28.0,
      "hits": 15,
      "hit_rate": 0.6,
      "avg_pnl_per_match": 1.12,
      "dpd_baby": 0.09999999999999999,
      "dpd_25ct": 0.24999999999999997,
      "dpd_80ct": 0.7999999999999999
    },
    "18": {
      "total_pnl_cents": 43.0,
      "hits": 15,
      "hit_rate": 0.6,
      "avg_pnl_per_match": 1.72,
      "dpd_baby": 0.15357142857142855,
      "dpd_25ct": 0.3839285714285714,
      "dpd_80ct": 1.2285714285714284
    },
    "19": {
      "total_pnl_cents": 58.0,
      "hits": 15,
      "hit_rate": 0.6,
      "avg_pnl_per_match": 2.32,
      "dpd_baby": 0.20714285714285713,
      "dpd_25ct": 0.5178571428571428,
      "dpd_80ct": 1.657142857142857
    },
    "20": {
      "total_pnl_cents": 73.0,
      "hits": 15,
      "hit_rate": 0.6,
      "avg_pnl_per_match": 2.92,
      "dpd_baby": 0.26071428571428573,
      "dpd_25ct": 0.6517857142857143,
      "dpd_80ct": 2.085714285714286
    },
    "21": {
      "total_pnl_cents": 88.0,
      "hits": 15,
      "hit_rate": 0.6,
      "avg_pnl_per_match": 3.52,
      "dpd_baby": 0.31428571428571433,
      "dpd_25ct": 0.7857142857142858,
      "dpd_80ct": 2.5142857142857147
    },
    "22": {
      "total_pnl_cents": 103.0,
      "hits": 15,
      "hit_rate": 0.6,
      "avg_pnl_per_match": 4.12,
      "dpd_baby": 0.3678571428571429,
      "dpd_25ct": 0.9196428571428572,
      "dpd_80ct": 2.942857142857143
    },
    "23": {
      "total_pnl_cents": 71.5,
      "hits": 14,
      "hit_rate": 0.56,
      "avg_pnl_per_match": 2.86,
      "dpd_baby": 0.2553571428571429,
      "dpd_25ct": 0.6383928571428572,
      "dpd_80ct": 2.042857142857143
    },
    "24": {
      "total_pnl_cents": 85.5,
      "hits": 14,
      "hit_rate": 0.56,
      "avg_pnl_per_match": 3.42,
      "dpd_baby": 0.3053571428571429,
      "dpd_25ct": 0.7633928571428572,
      "dpd_80ct": 2.442857142857143
    },
    "25": {
      "total_pnl_cents": 51.0,
      "hits": 13,
      "hit_rate": 0.52,
      "avg_pnl_per_match": 2.04,
      "dpd_baby": 0.18214285714285713,
      "dpd_25ct": 0.45535714285714285,
      "dpd_80ct": 1.457142857142857
    },
    "26": {
      "total_pnl_cents": 64.0,
      "hits": 13,
      "hit_rate": 0.52,
      "avg_pnl_per_match": 2.56,
      "dpd_baby": 0.2285714285714286,
      "dpd_25ct": 0.5714285714285715,
      "dpd_80ct": 1.8285714285714287
    },
    "27": {
      "total_pnl_cents": 26.5,
      "hits": 12,
      "hit_rate": 0.48,
      "avg_pnl_per_match": 1.06,
      "dpd_baby": 0.09464285714285714,
      "dpd_25ct": 0.23660714285714285,
      "dpd_80ct": 0.7571428571428571
    },
    "28": {
      "total_pnl_cents": 38.5,
      "hits": 12,
      "hit_rate": 0.48,
      "avg_pnl_per_match": 1.54,
      "dpd_baby": 0.1375,
      "dpd_25ct": 0.34375,
      "dpd_80ct": 1.1
    },
    "29": {
      "total_pnl_cents": -52.5,
      "hits": 10,
      "hit_rate": 0.4,
      "avg_pnl_per_match": -2.1,
      "dpd_baby": -0.1875,
      "dpd_25ct": -0.46875,
      "dpd_80ct": -1.5
    },
    "30": {
      "total_pnl_cents": -42.5,
      "hits": 10,
      "hit_rate": 0.4,
      "avg_pnl_per_match": -1.7,
      "dpd_baby": -0.15178571428571427,
      "dpd_25ct": -0.3794642857142857,
      "dpd_80ct": -1.2142857142857142
    },
    "31": {
      "total_pnl_cents": -32.5,
      "hits": 10,
      "hit_rate": 0.4,
      "avg_pnl_per_match": -1.3,
      "dpd_baby": -0.11607142857142858,
      "dpd_25ct": -0.29017857142857145,
      "dpd_80ct": -0.9285714285714286
    },
    "32": {
      "total_pnl_cents": -22.5,
      "hits": 10,
      "hit_rate": 0.4,
      "avg_pnl_per_match": -0.9,
      "dpd_baby": -0.08035714285714286,
      "dpd_25ct": -0.20089285714285715,
      "dpd_80ct": -0.6428571428571429
    },
    "33": {
      "total_pnl_cents": -12.5,
      "hits": 10,