{
  "cell": "ATP_CHALL_underdog_30-34",
  "n_matches": 14,
  "bounce_distribution": {
    "min": 0.5,
    "p10": 1.5,
    "p25": 6.5,
    "p50": 31.0,
    "p75": 65.5,
    "p90": 66.5,
    "max": 67.0
  },
  "hold_dpd_baby": -0.17142857142857143,
  "best_exit": 57,
  "best_dpd_baby": 0.32142857142857145,
  "by_exit": {
    "1": {
      "total_pnl_cents": -18.5,
      "hits": 13,
      "hit_rate": 0.9285714285714286,
      "avg_pnl_per_match": -1.3214285714285714,
      "dpd_baby": -0.06607142857142857,
      "dpd_25ct": -0.16517857142857142,
      "dpd_80ct": -0.5285714285714286
    },
    "2": {
      "total_pnl_cents": -38.0,
      "hits": 12,
      "hit_rate": 0.8571428571428571,
      "avg_pnl_per_match": -2.7142857142857144,
      "dpd_baby": -0.1357142857142857,
      "dpd_25ct": -0.33928571428571425,
      "dpd_80ct": -1.0857142857142856
    },
    "3": {
      "total_pnl_cents": -26.0,
      "hits": 12,
      "hit_rate": 0.8571428571428571,
      "avg_pnl_per_match": -1.8571428571428572,
      "dpd_baby": -0.09285714285714286,
      "dpd_25ct": -0.23214285714285715,
      "dpd_80ct": -0.7428571428571429
    },
    "4": {
      "total_pnl_cents": -14.0,
      "hits": 12,
      "hit_rate": 0.8571428571428571,
      "avg_pnl_per_match": -1.0,
      "dpd_baby": -0.049999999999999996,
      "dpd_25ct": -0.12499999999999999,
      "dpd_80ct": -0.39999999999999997
    },
    "5": {
      "total_pnl_cents": -2.0,
      "hits": 12,
      "hit_rate": 0.8571428571428571,
      "avg_pnl_per_match": -0.14285714285714285,
      "dpd_baby": -0.0071428571428571435,
      "dpd_25ct": -0.01785714285714286,
      "dpd_80ct": -0.05714285714285715
    },
    "6": {
      "total_pnl_cents": 10.0,
      "hits": 12,
      "hit_rate": 0.8571428571428571,
      "avg_pnl_per_match": 0.7142857142857143,
      "dpd_baby": 0.03571428571428571,
      "dpd_25ct": 0.08928571428571427,
      "dpd_80ct": 0.2857142857142857
    },
    "7": {
      "total_pnl_cents": -56.0,
      "hits": 10,
      "hit_rate": 0.7142857142857143,
      "avg_pnl_per_match": -4.0,
      "dpd_baby": -0.19999999999999998,
      "dpd_25ct": -0.49999999999999994,
      "dpd_80ct": -1.5999999999999999
    },
    "8": {
      "total_pnl_cents": -46.0,
      "hits": 10,
      "hit_rate": 0.7142857142857143,
      "avg_pnl_per_match": -3.2857142857142856,
      "dpd_baby": -0.16428571428571428,
      "dpd_25ct": -0.4107142857142857,
      "dpd_80ct": -1.3142857142857143
    },
    "9": {
      "total_pnl_cents": -36.0,
      "hits": 10,
      "hit_rate": 0.7142857142857143,
      "avg_pnl_per_match": -2.5714285714285716,
      "dpd_baby": -0.1285714285714286,
      "dpd_25ct": -0.32142857142857145,
      "dpd_80ct": -1.0285714285714287
    },
    "10": {
      "total_pnl_cents": -26.0,
      "hits": 10,
      "hit_rate": 0.7142857142857143,
      "avg_pnl_per_match": -1.8571428571428572,
      "dpd_baby": -0.09285714285714286,
      "dpd_25ct": -0.23214285714285715,
      "dpd_80ct": -0.7428571428571429
    },
    "11": {
      "total_pnl_cents": -16.0,
      "hits": 10,
      "hit_rate": 0.7142857142857143,
      "avg_pnl_per_match": -1.1428571428571428,
      "dpd_baby": -0.05714285714285715,
      "dpd_25ct": -0.14285714285714288,
      "dpd_80ct": -0.4571428571428572
    },
    "12": {
      "total_pnl_cents": -6.0,
      "hits": 10,
      "hit_rate": 0.7142857142857143,
      "avg_pnl_per_match": -0.42857142857142855,
      "dpd_baby": -0.02142857142857143,
      "dpd_25ct": -0.053571428571428575,
      "dpd_80ct": -0.17142857142857143
    },
    "13": {
      "total_pnl_cents": 4.0,
      "hits": 10,
      "hit_rate": 0.7142857142857143,
      "avg_pnl_per_match": 0.2857142857142857,
      "dpd_baby": 0.014285714285714287,
      "dpd_25ct": 0.03571428571428572,
      "dpd_80ct": 0.1142857142857143
    },
    "14": {
      "total_pnl_cents": 14.0,
      "hits": 10,
      "hit_rate": 0.7142857142857143,
      "avg_pnl_per_match": 1.0,
      "dpd_baby": 0.049999999999999996,
      "dpd_25ct": 0.12499999999999999,
      "dpd_80ct": 0.39999999999999997
    },
    "15": {
      "total_pnl_cents": 24.0,
      "hits": 10,
      "hit_rate": 0.7142857142857143,
      "avg_pnl_per_match": 1.7142857142857142,
      "dpd_baby": 0.08571428571428572,
      "dpd_25ct": 0.2142857142857143,
      "dpd_80ct": 0.6857142857142857
    },
    "16": {
      "total_pnl_cents": 34.0,
      "hits": 10,
      "hit_rate": 0.7142857142857143,
      "avg_pnl_per_match": 2.4285714285714284,
      "dpd_baby": 0.12142857142857143,
      "dpd_25ct": 0.30357142857142855,
      "dpd_80ct": 0.9714285714285714
    },
    "17": {
      "total_pnl_cents": 44.0,
      "hits": 10,
      "hit_rate": 0.7142857142857143,
      "avg_pnl_per_match": 3.142857142857143,
      "dpd_baby": 0.15714285714285717,
      "dpd_25ct": 0.3928571428571429,
      "dpd_80ct": 1.2571428571428573
    },
    "18": {
      "total_pnl_cents": 54.0,
      "hits": 10,
      "hit_rate": 0.7142857142857143,
      "avg_pnl_per_match": 3.857142857142857,
      "dpd_baby": 0.19285714285714287,
      "dpd_25ct": 0.48214285714285715,
      "dpd_80ct": 1.542857142857143
    },
    "19": {
      "total_pnl_cents": 13.5,
      "hits": 9,
      "hit_rate": 0.6428571428571429,
      "avg_pnl_per_match": 0.9642857142857143,
      "dpd_baby": 0.048214285714285716,
      "dpd_25ct": 0.12053571428571429,
      "dpd_80ct": 0.38571428571428573
    },
    "20": {
      "total_pnl_cents": 22.5,
      "hits": 9,
      "hit_rate": 0.6428571428571429,
      "avg_pnl_per_match": 1.6071428571428572,
      "dpd_baby": 0.08035714285714286,
      "dpd_25ct": 0.20089285714285715,
      "dpd_80ct": 0.6428571428571429
    },
    "21": {
      "total_pnl_cents": 31.5,
      "hits": 9,
      "hit_rate": 0.6428571428571429,
      "avg_pnl_per_match": 2.25,
      "dpd_baby": 0.1125,
      "dpd_25ct": 0.28125,
      "dpd_80ct": 0.9
    },
    "22": {
      "total_pnl_cents": -13.0,
      "hits": 8,
      "hit_rate": 0.5714285714285714,
      "avg_pnl_per_match": -0.9285714285714286,
      "dpd_baby": -0.04642857142857143,
      "dpd_25ct": -0.11607142857142858,
      "dpd_80ct": -0.37142857142857144
    },
    "23": {
      "total_pnl_cents": -5.0,
      "hits": 8,
      "hit_rate": 0.5714285714285714,
      "avg_pnl_per_match": -0.35714285714285715,
      "dpd_baby": -0.017857142857142856,
      "dpd_25ct": -0.04464285714285714,
      "dpd_80ct": -0.14285714285714285
    },
    "24": {
      "total_pnl_cents": 3.0,
      "hits": 8,
      "hit_rate": 0.5714285714285714,
      "avg_pnl_per_match": 0.21428571428571427,
      "dpd_baby": 0.010714285714285714,
      "dpd_25ct": 0.026785714285714288,
      "dpd_80ct": 0.08571428571428572
    },
    "25": {
      "total_pnl_cents": 11.0,
      "hits": 8,
      "hit_rate": 0.5714285714285714,
      "avg_pnl_per_match": 0.7857142857142857,
      "dpd_baby": 0.03928571428571429,
      "dpd_25ct": 0.09821428571428573,
      "dpd_80ct": 0.31428571428571433
    },
    "26": {
      "total_pnl_cents": 19.0,
      "hits": 8,
      "hit_rate": 0.5714285714285714,
      "avg_pnl_per_match": 1.3571428571428572,
      "dpd_baby": 0.06785714285714285,
      "dpd_25ct": 0.16964285714285712,
      "dpd_80ct": 0.5428571428571428
    },
    "27": {
      "total_pnl_cents": 27.0,
      "hits": 8,
      "hit_rate": 0.5714285714285714,
      "avg_pnl_per_match": 1.9285714285714286,
      "dpd_baby": 0.09642857142857143,
      "dpd_25ct": 0.24107142857142858,
      "dpd_80ct": 0.7714285714285715
    },
    "28": {
      "total_pnl_cents": 35.0,
      "hits": 8,
      "hit_rate": 0.5714285714285714,
      "avg_pnl_per_match": 2.5,
      "dpd_baby": 0.125,
      "dpd_25ct": 0.3125,
      "dpd_80ct": 1.0
    },
    "29": {
      "total_pnl_cents": 43.0,
      "hits": 8,
      "hit_rate": 0.5714285714285714,
      "avg_pnl_per_match": 3.0714285714285716,
      "dpd_baby": 0.15357142857142855,
      "dpd_25ct": 0.3839285714285714,
      "dpd_80ct": 1.2285714285714284
    },