{
  "cell": "ATP_CHALL_leader_65-69",
  "n_matches": 9,
  "bounce_distribution": {
    "min": 0.5,
    "p10": 0.5,
    "p25": 29.5,
    "p50": 30.5,
    "p75": 30.5,
    "p90": 31.5,
    "max": 31.5
  },
  "hold_dpd_baby": -0.044642857142857144,
  "best_exit": 30,
  "best_dpd_baby": 0.27321428571428574,
  "by_exit": {
    "1": {
      "total_pnl_cents": -59.5,
      "hits": 8,
      "hit_rate": 0.8888888888888888,
      "avg_pnl_per_match": -6.611111111111111,
      "dpd_baby": -0.2125,
      "dpd_25ct": -0.53125,
      "dpd_80ct": -1.7
    },
    "2": {
      "total_pnl_cents": -51.5,
      "hits": 8,
      "hit_rate": 0.8888888888888888,
      "avg_pnl_per_match": -5.722222222222222,
      "dpd_baby": -0.18392857142857144,
      "dpd_25ct": -0.4598214285714286,
      "dpd_80ct": -1.4714285714285715
    },
    "3": {
      "total_pnl_cents": -43.5,
      "hits": 8,
      "hit_rate": 0.8888888888888888,
      "avg_pnl_per_match": -4.833333333333333,
      "dpd_baby": -0.15535714285714283,
      "dpd_25ct": -0.3883928571428571,
      "dpd_80ct": -1.2428571428571427
    },
    "4": {
      "total_pnl_cents": -35.5,
      "hits": 8,
      "hit_rate": 0.8888888888888888,
      "avg_pnl_per_match": -3.9444444444444446,
      "dpd_baby": -0.12678571428571428,
      "dpd_25ct": -0.3169642857142857,
      "dpd_80ct": -1.0142857142857142
    },
    "5": {
      "total_pnl_cents": -27.5,
      "hits": 8,
      "hit_rate": 0.8888888888888888,
      "avg_pnl_per_match": -3.0555555555555554,
      "dpd_baby": -0.09821428571428571,
      "dpd_25ct": -0.24553571428571427,
      "dpd_80ct": -0.7857142857142857
    },
    "6": {
      "total_pnl_cents": -19.5,
      "hits": 8,
      "hit_rate": 0.8888888888888888,
      "avg_pnl_per_match": -2.1666666666666665,
      "dpd_baby": -0.06964285714285715,
      "dpd_25ct": -0.17410714285714285,
      "dpd_80ct": -0.5571428571428572
    },
    "7": {
      "total_pnl_cents": -11.5,
      "hits": 8,
      "hit_rate": 0.8888888888888888,
      "avg_pnl_per_match": -1.2777777777777777,
      "dpd_baby": -0.04107142857142857,
      "dpd_25ct": -0.10267857142857142,
      "dpd_80ct": -0.32857142857142857
    },
    "8": {
      "total_pnl_cents": -3.5,
      "hits": 8,
      "hit_rate": 0.8888888888888888,
      "avg_pnl_per_match": -0.3888888888888889,
      "dpd_baby": -0.012499999999999999,
      "dpd_25ct": -0.031249999999999997,
      "dpd_80ct": -0.09999999999999999
    },
    "9": {
      "total_pnl_cents": 4.5,
      "hits": 8,
      "hit_rate": 0.8888888888888888,
      "avg_pnl_per_match": 0.5,
      "dpd_baby": 0.016071428571428573,
      "dpd_25ct": 0.04017857142857143,
      "dpd_80ct": 0.1285714285714286
    },
    "10": {
      "total_pnl_cents": 12.5,
      "hits": 8,
      "hit_rate": 0.8888888888888888,
      "avg_pnl_per_match": 1.3888888888888888,
      "dpd_baby": 0.044642857142857144,
      "dpd_25ct": 0.11160714285714286,
      "dpd_80ct": 0.35714285714285715
    },
    "11": {
      "total_pnl_cents": -57.0,
      "hits": 7,
      "hit_rate": 0.7777777777777778,
      "avg_pnl_per_match": -6.333333333333333,
      "dpd_baby": -0.20357142857142857,
      "dpd_25ct": -0.5089285714285714,
      "dpd_80ct": -1.6285714285714286
    },
    "12": {
      "total_pnl_cents": -50.0,
      "hits": 7,
      "hit_rate": 0.7777777777777778,
      "avg_pnl_per_match": -5.555555555555555,
      "dpd_baby": -0.17857142857142858,
      "dpd_25ct": -0.44642857142857145,
      "dpd_80ct": -1.4285714285714286
    },
    "13": {
      "total_pnl_cents": -43.0,
      "hits": 7,
      "hit_rate": 0.7777777777777778,
      "avg_pnl_per_match": -4.777777777777778,
      "dpd_baby": -0.15357142857142855,
      "dpd_25ct": -0.3839285714285714,
      "dpd_80ct": -1.2285714285714284
    },
    "14": {
      "total_pnl_cents": -36.0,
      "hits": 7,
      "hit_rate": 0.7777777777777778,
      "avg_pnl_per_match": -4.0,
      "dpd_baby": -0.1285714285714286,
      "dpd_25ct": -0.32142857142857145,
      "dpd_80ct": -1.0285714285714287
    },
    "15": {
      "total_pnl_cents": -29.0,
      "hits": 7,
      "hit_rate": 0.7777777777777778,
      "avg_pnl_per_match": -3.2222222222222223,
      "dpd_baby": -0.10357142857142856,
      "dpd_25ct": -0.2589285714285714,
      "dpd_80ct": -0.8285714285714285
    },
    "16": {
      "total_pnl_cents": -22.0,
      "hits": 7,
      "hit_rate": 0.7777777777777778,
      "avg_pnl_per_match": -2.4444444444444446,
      "dpd_baby": -0.07857142857142858,
      "dpd_25ct": -0.19642857142857145,
      "dpd_80ct": -0.6285714285714287
    },
    "17": {
      "total_pnl_cents": -15.0,
      "hits": 7,
      "hit_rate": 0.7777777777777778,
      "avg_pnl_per_match": -1.6666666666666667,
      "dpd_baby": -0.05357142857142857,
      "dpd_25ct": -0.13392857142857142,
      "dpd_80ct": -0.42857142857142855
    },
    "18": {
      "total_pnl_cents": -8.0,
      "hits": 7,
      "hit_rate": 0.7777777777777778,
      "avg_pnl_per_match": -0.8888888888888888,
      "dpd_baby": -0.028571428571428574,
      "dpd_25ct": -0.07142857142857144,
      "dpd_80ct": -0.2285714285714286
    },
    "19": {
      "total_pnl_cents": -1.0,
      "hits": 7,
      "hit_rate": 0.7777777777777778,
      "avg_pnl_per_match": -0.1111111111111111,
      "dpd_baby": -0.0035714285714285718,
      "dpd_25ct": -0.00892857142857143,
      "dpd_80ct": -0.028571428571428574
    },
    "20": {
      "total_pnl_cents": 6.0,
      "hits": 7,
      "hit_rate": 0.7777777777777778,
      "avg_pnl_per_match": 0.6666666666666666,
      "dpd_baby": 0.02142857142857143,
      "dpd_25ct": 0.053571428571428575,
      "dpd_80ct": 0.17142857142857143
    },
    "21": {
      "total_pnl_cents": 13.0,
      "hits": 7,
      "hit_rate": 0.7777777777777778,
      "avg_pnl_per_match": 1.4444444444444444,
      "dpd_baby": 0.04642857142857143,
      "dpd_25ct": 0.11607142857142858,
      "dpd_80ct": 0.37142857142857144
    },
    "22": {
      "total_pnl_cents": 20.0,
      "hits": 7,
      "hit_rate": 0.7777777777777778,
      "avg_pnl_per_match": 2.2222222222222223,
      "dpd_baby": 0.07142857142857142,
      "dpd_25ct": 0.17857142857142855,
      "dpd_80ct": 0.5714285714285714
    },
    "23": {
      "total_pnl_cents": 27.0,
      "hits": 7,
      "hit_rate": 0.7777777777777778,
      "avg_pnl_per_match": 3.0,
      "dpd_baby": 0.09642857142857143,
      "dpd_25ct": 0.24107142857142858,
      "dpd_80ct": 0.7714285714285715
    },
    "24": {
      "total_pnl_cents": 34.0,
      "hits": 7,
      "hit_rate": 0.7777777777777778,
      "avg_pnl_per_match": 3.7777777777777777,
      "dpd_baby": 0.12142857142857143,
      "dpd_25ct": 0.30357142857142855,
      "dpd_80ct": 0.9714285714285714
    },
    "25": {
      "total_pnl_cents": 41.0,
      "hits": 7,
      "hit_rate": 0.7777777777777778,
      "avg_pnl_per_match": 4.555555555555555,
      "dpd_baby": 0.1464285714285714,
      "dpd_25ct": 0.3660714285714285,
      "dpd_80ct": 1.1714285714285713
    },
    "26": {
      "total_pnl_cents": 48.0,
      "hits": 7,
      "hit_rate": 0.7777777777777778,
      "avg_pnl_per_match": 5.333333333333333,
      "dpd_baby": 0.17142857142857143,
      "dpd_25ct": 0.4285714285714286,
      "dpd_80ct": 1.3714285714285714
    },
    "27": {
      "total_pnl_cents": 55.0,
      "hits": 7,
      "hit_rate": 0.7777777777777778,
      "avg_pnl_per_match": 6.111111111111111,
      "dpd_baby": 0.19642857142857142,
      "dpd_25ct": 0.49107142857142855,
      "dpd_80ct": 1.5714285714285714
    },
    "28": {
      "total_pnl_cents": 62.0,
      "hits": 7,
      "hit_rate": 0.7777777777777778,
      "avg_pnl_per_match": 6.888888888888889,
      "dpd_baby": 0.22142857142857145,
      "dpd_25ct": 0.5535714285714286,
      "dpd_80ct": 1.7714285714285716
    },
    "29": {
      "total_pnl_cents": 69.0,
      "hits": 7,
      "hit_rate": 0.7777777777777778,
      "avg_pnl_per_match": 7.666666666666667,
      "dpd_baby": 0.24642857142857144,
      "dpd_25ct": 0.6160714285714286,