{
  "cell": "ATP_CHALL_leader_60-64",
  "n_matches": 30,
  "bounce_distribution": {
    "min": -0.5,
    "p10": 11.0,
    "p25": 20.5,
    "p50": 36.0,
    "p75": 37.5,
    "p90": 38.5,
    "max": 38.5
  },
  "hold_dpd_baby": -3.292857142857143,
  "best_exit": 9,
  "best_dpd_baby": 0.7196428571428571,
  "by_exit": {
    "1": {
      "total_pnl_cents": -30.5,
      "hits": 29,
      "hit_rate": 0.9666666666666667,
      "avg_pnl_per_match": -1.0166666666666666,
      "dpd_baby": -0.10892857142857142,
      "dpd_25ct": -0.27232142857142855,
      "dpd_80ct": -0.8714285714285713
    },
    "2": {
      "total_pnl_cents": -1.5,
      "hits": 29,
      "hit_rate": 0.9666666666666667,
      "avg_pnl_per_match": -0.05,
      "dpd_baby": -0.005357142857142857,
      "dpd_25ct": -0.013392857142857144,
      "dpd_80ct": -0.04285714285714286
    },
    "3": {
      "total_pnl_cents": 27.5,
      "hits": 29,
      "hit_rate": 0.9666666666666667,
      "avg_pnl_per_match": 0.9166666666666666,
      "dpd_baby": 0.09821428571428571,
      "dpd_25ct": 0.24553571428571427,
      "dpd_80ct": 0.7857142857142857
    },
    "4": {
      "total_pnl_cents": 56.5,
      "hits": 29,
      "hit_rate": 0.9666666666666667,
      "avg_pnl_per_match": 1.8833333333333333,
      "dpd_baby": 0.2017857142857143,
      "dpd_25ct": 0.5044642857142857,
      "dpd_80ct": 1.6142857142857143
    },
    "5": {
      "total_pnl_cents": 85.5,
      "hits": 29,
      "hit_rate": 0.9666666666666667,
      "avg_pnl_per_match": 2.85,
      "dpd_baby": 0.3053571428571429,
      "dpd_25ct": 0.7633928571428572,
      "dpd_80ct": 2.442857142857143
    },
    "6": {
      "total_pnl_cents": 114.5,
      "hits": 29,
      "hit_rate": 0.9666666666666667,
      "avg_pnl_per_match": 3.816666666666667,
      "dpd_baby": 0.4089285714285714,
      "dpd_25ct": 1.0223214285714286,
      "dpd_80ct": 3.2714285714285714
    },
    "7": {
      "total_pnl_cents": 143.5,
      "hits": 29,
      "hit_rate": 0.9666666666666667,
      "avg_pnl_per_match": 4.783333333333333,
      "dpd_baby": 0.5125,
      "dpd_25ct": 1.28125,
      "dpd_80ct": 4.1
    },
    "8": {
      "total_pnl_cents": 172.5,
      "hits": 29,
      "hit_rate": 0.9666666666666667,
      "avg_pnl_per_match": 5.75,
      "dpd_baby": 0.6160714285714286,
      "dpd_25ct": 1.5401785714285716,
      "dpd_80ct": 4.928571428571429
    },
    "9": {
      "total_pnl_cents": 201.5,
      "hits": 29,
      "hit_rate": 0.9666666666666667,
      "avg_pnl_per_match": 6.716666666666667,
      "dpd_baby": 0.7196428571428571,
      "dpd_25ct": 1.7991071428571428,
      "dpd_80ct": 5.757142857142857
    },
    "10": {
      "total_pnl_cents": 161.0,
      "hits": 28,
      "hit_rate": 0.9333333333333333,
      "avg_pnl_per_match": 5.366666666666666,
      "dpd_baby": 0.5750000000000001,
      "dpd_25ct": 1.4375000000000002,
      "dpd_80ct": 4.6000000000000005
    },
    "11": {
      "total_pnl_cents": 118.5,
      "hits": 27,
      "hit_rate": 0.9,
      "avg_pnl_per_match": 3.95,
      "dpd_baby": 0.4232142857142857,
      "dpd_25ct": 1.0580357142857142,
      "dpd_80ct": 3.3857142857142857
    },
    "12": {
      "total_pnl_cents": -1.5,
      "hits": 25,
      "hit_rate": 0.8333333333333334,
      "avg_pnl_per_match": -0.05,
      "dpd_baby": -0.005357142857142857,
      "dpd_25ct": -0.013392857142857144,
      "dpd_80ct": -0.04285714285714286
    },
    "13": {
      "total_pnl_cents": -123.5,
      "hits": 23,
      "hit_rate": 0.7666666666666667,
      "avg_pnl_per_match": -4.116666666666666,
      "dpd_baby": -0.44107142857142856,
      "dpd_25ct": -1.1026785714285714,
      "dpd_80ct": -3.5285714285714285
    },
    "14": {
      "total_pnl_cents": -100.5,
      "hits": 23,
      "hit_rate": 0.7666666666666667,
      "avg_pnl_per_match": -3.35,
      "dpd_baby": -0.35892857142857143,
      "dpd_25ct": -0.8973214285714286,
      "dpd_80ct": -2.8714285714285714
    },
    "15": {
      "total_pnl_cents": -77.5,
      "hits": 23,
      "hit_rate": 0.7666666666666667,
      "avg_pnl_per_match": -2.5833333333333335,
      "dpd_baby": -0.2767857142857143,
      "dpd_25ct": -0.6919642857142858,
      "dpd_80ct": -2.2142857142857144
    },
    "16": {
      "total_pnl_cents": -54.5,
      "hits": 23,
      "hit_rate": 0.7666666666666667,
      "avg_pnl_per_match": -1.8166666666666667,
      "dpd_baby": -0.19464285714285715,
      "dpd_25ct": -0.48660714285714285,
      "dpd_80ct": -1.5571428571428572
    },
    "17": {
      "total_pnl_cents": -31.5,
      "hits": 23,
      "hit_rate": 0.7666666666666667,
      "avg_pnl_per_match": -1.05,
      "dpd_baby": -0.1125,
      "dpd_25ct": -0.28125,
      "dpd_80ct": -0.9
    },
    "18": {
      "total_pnl_cents": -8.5,
      "hits": 23,
      "hit_rate": 0.7666666666666667,
      "avg_pnl_per_match": -0.2833333333333333,
      "dpd_baby": -0.030357142857142857,
      "dpd_25ct": -0.07589285714285714,
      "dpd_80ct": -0.24285714285714285
    },
    "19": {
      "total_pnl_cents": 14.5,
      "hits": 23,
      "hit_rate": 0.7666666666666667,
      "avg_pnl_per_match": 0.48333333333333334,
      "dpd_baby": 0.05178571428571428,
      "dpd_25ct": 0.1294642857142857,
      "dpd_80ct": 0.41428571428571426
    },
    "20": {
      "total_pnl_cents": 37.5,
      "hits": 23,
      "hit_rate": 0.7666666666666667,
      "avg_pnl_per_match": 1.25,
      "dpd_baby": 0.13392857142857142,
      "dpd_25ct": 0.33482142857142855,
      "dpd_80ct": 1.0714285714285714
    },
    "21": {
      "total_pnl_cents": -20.0,
      "hits": 22,
      "hit_rate": 0.7333333333333333,
      "avg_pnl_per_match": -0.6666666666666666,
      "dpd_baby": -0.07142857142857142,
      "dpd_25ct": -0.17857142857142855,
      "dpd_80ct": -0.5714285714285714
    },
    "22": {
      "total_pnl_cents": 2.0,
      "hits": 22,
      "hit_rate": 0.7333333333333333,
      "avg_pnl_per_match": 0.06666666666666667,
      "dpd_baby": 0.0071428571428571435,
      "dpd_25ct": 0.01785714285714286,
      "dpd_80ct": 0.05714285714285715
    },
    "23": {
      "total_pnl_cents": 24.0,
      "hits": 22,
      "hit_rate": 0.7333333333333333,
      "avg_pnl_per_match": 0.8,
      "dpd_baby": 0.08571428571428572,
      "dpd_25ct": 0.2142857142857143,
      "dpd_80ct": 0.6857142857142857
    },
    "24": {
      "total_pnl_cents": -124.0,
      "hits": 20,
      "hit_rate": 0.6666666666666666,
      "avg_pnl_per_match": -4.133333333333334,
      "dpd_baby": -0.4428571428571429,
      "dpd_25ct": -1.1071428571428572,
      "dpd_80ct": -3.542857142857143
    },
    "25": {
      "total_pnl_cents": -104.0,
      "hits": 20,
      "hit_rate": 0.6666666666666666,
      "avg_pnl_per_match": -3.466666666666667,
      "dpd_baby": -0.37142857142857144,
      "dpd_25ct": -0.9285714285714286,
      "dpd_80ct": -2.9714285714285715
    },
    "26": {
      "total_pnl_cents": -84.0,
      "hits": 20,
      "hit_rate": 0.6666666666666666,
      "avg_pnl_per_match": -2.8,
      "dpd_baby": -0.3,
      "dpd_25ct": -0.75,
      "dpd_80ct": -2.4
    },
    "27": {
      "total_pnl_cents": -64.0,
      "hits": 20,
      "hit_rate": 0.6666666666666666,
      "avg_pnl_per_match": -2.1333333333333333,
      "dpd_baby": -0.2285714285714286,
      "dpd_25ct": -0.5714285714285715,
      "dpd_80ct": -1.8285714285714287
    },
    "28": {
      "total_pnl_cents": -44.0,
      "hits": 20,
      "hit_rate": 0.6666666666666666,
      "avg_pnl_per_match": -1.4666666666666666,
      "dpd_baby": -0.15714285714285717,
      "dpd_25ct": -0.3928571428571429,
      "dpd_80ct": -1.2571428571428573
    },
    "29": {
      "total_pnl_cents": -112.5,
      "hits": 19,
      "hit_rate": 0.6333333333333333,
      "avg_pnl_per_match": -3.75,
      "dpd_baby": -0.4017857142857143,
      "dpd_25ct": -1.0044642857142858,
      "dpd_80ct": -3.2142857142857144
    },
    "30": {
      "total_pnl_cents": -183.0,
      "hits": 18,
      "hit_rate": 0.6,
      "avg_pnl_per_match": -6.1,