{
  "cell": "ATP_MAIN_underdog_25-29",
  "n_matches": 8,
  "bounce_distribution": {
    "min": 5.0,
    "p10": 5.0,
    "p25": 10.0,
    "p50": 17.0,
    "p75": 45.0,
    "p90": 73.0,
    "max": 73.0
  },
  "hold_dpd_baby": -0.38571428571428573,
  "best_exit": 5,
  "best_dpd_baby": 0.14285714285714285,
  "by_exit": {
    "1": {
      "total_pnl_cents": 8,
      "hits": 8,
      "hit_rate": 1.0,
      "avg_pnl_per_match": 1.0,
      "dpd_baby": 0.028571428571428574,
      "dpd_25ct": 0.07142857142857144,
      "dpd_80ct": 0.2285714285714286
    },
    "2": {
      "total_pnl_cents": 16,
      "hits": 8,
      "hit_rate": 1.0,
      "avg_pnl_per_match": 2.0,
      "dpd_baby": 0.05714285714285715,
      "dpd_25ct": 0.14285714285714288,
      "dpd_80ct": 0.4571428571428572
    },
    "3": {
      "total_pnl_cents": 24,
      "hits": 8,
      "hit_rate": 1.0,
      "avg_pnl_per_match": 3.0,
      "dpd_baby": 0.08571428571428572,
      "dpd_25ct": 0.2142857142857143,
      "dpd_80ct": 0.6857142857142857
    },
    "4": {
      "total_pnl_cents": 32,
      "hits": 8,
      "hit_rate": 1.0,
      "avg_pnl_per_match": 4.0,
      "dpd_baby": 0.1142857142857143,
      "dpd_25ct": 0.28571428571428575,
      "dpd_80ct": 0.9142857142857144
    },
    "5": {
      "total_pnl_cents": 40,
      "hits": 8,
      "hit_rate": 1.0,
      "avg_pnl_per_match": 5.0,
      "dpd_baby": 0.14285714285714285,
      "dpd_25ct": 0.3571428571428571,
      "dpd_80ct": 1.1428571428571428
    },
    "6": {
      "total_pnl_cents": 16.5,
      "hits": 7,
      "hit_rate": 0.875,
      "avg_pnl_per_match": 2.0625,
      "dpd_baby": 0.05892857142857143,
      "dpd_25ct": 0.14732142857142858,
      "dpd_80ct": 0.4714285714285714
    },
    "7": {
      "total_pnl_cents": 23.5,
      "hits": 7,
      "hit_rate": 0.875,
      "avg_pnl_per_match": 2.9375,
      "dpd_baby": 0.08392857142857144,
      "dpd_25ct": 0.2098214285714286,
      "dpd_80ct": 0.6714285714285715
    },
    "8": {
      "total_pnl_cents": -3.0,
      "hits": 6,
      "hit_rate": 0.75,
      "avg_pnl_per_match": -0.375,
      "dpd_baby": -0.010714285714285714,
      "dpd_25ct": -0.026785714285714288,
      "dpd_80ct": -0.08571428571428572
    },
    "9": {
      "total_pnl_cents": 3.0,
      "hits": 6,
      "hit_rate": 0.75,
      "avg_pnl_per_match": 0.375,
      "dpd_baby": 0.010714285714285714,
      "dpd_25ct": 0.026785714285714288,
      "dpd_80ct": 0.08571428571428572
    },
    "10": {
      "total_pnl_cents": 9.0,
      "hits": 6,
      "hit_rate": 0.75,
      "avg_pnl_per_match": 1.125,
      "dpd_baby": 0.03214285714285715,
      "dpd_25ct": 0.08035714285714286,
      "dpd_80ct": 0.2571428571428572
    },
    "11": {
      "total_pnl_cents": -59.0,
      "hits": 4,
      "hit_rate": 0.5,
      "avg_pnl_per_match": -7.375,
      "dpd_baby": -0.21071428571428572,
      "dpd_25ct": -0.5267857142857143,
      "dpd_80ct": -1.6857142857142857
    },
    "12": {
      "total_pnl_cents": -55.0,
      "hits": 4,
      "hit_rate": 0.5,
      "avg_pnl_per_match": -6.875,
      "dpd_baby": -0.19642857142857142,
      "dpd_25ct": -0.49107142857142855,
      "dpd_80ct": -1.5714285714285714
    },
    "13": {
      "total_pnl_cents": -51.0,
      "hits": 4,
      "hit_rate": 0.5,
      "avg_pnl_per_match": -6.375,
      "dpd_baby": -0.18214285714285713,
      "dpd_25ct": -0.45535714285714285,
      "dpd_80ct": -1.457142857142857
    },
    "14": {
      "total_pnl_cents": -47.0,
      "hits": 4,
      "hit_rate": 0.5,
      "avg_pnl_per_match": -5.875,
      "dpd_baby": -0.16785714285714287,
      "dpd_25ct": -0.4196428571428572,
      "dpd_80ct": -1.342857142857143
    },
    "15": {
      "total_pnl_cents": -43.0,
      "hits": 4,
      "hit_rate": 0.5,
      "avg_pnl_per_match": -5.375,
      "dpd_baby": -0.15357142857142855,
      "dpd_25ct": -0.3839285714285714,
      "dpd_80ct": -1.2285714285714284
    },
    "16": {
      "total_pnl_cents": -39.0,
      "hits": 4,
      "hit_rate": 0.5,
      "avg_pnl_per_match": -4.875,
      "dpd_baby": -0.1392857142857143,
      "dpd_25ct": -0.3482142857142857,
      "dpd_80ct": -1.1142857142857143
    },
    "17": {
      "total_pnl_cents": -35.0,
      "hits": 4,
      "hit_rate": 0.5,
      "avg_pnl_per_match": -4.375,
      "dpd_baby": -0.125,
      "dpd_25ct": -0.3125,
      "dpd_80ct": -1.0
    },
    "18": {
      "total_pnl_cents": -74.5,
      "hits": 3,
      "hit_rate": 0.375,
      "avg_pnl_per_match": -9.3125,
      "dpd_baby": -0.26607142857142857,
      "dpd_25ct": -0.6651785714285714,
      "dpd_80ct": -2.1285714285714286
    },
    "19": {
      "total_pnl_cents": -71.5,
      "hits": 3,
      "hit_rate": 0.375,
      "avg_pnl_per_match": -8.9375,
      "dpd_baby": -0.2553571428571429,
      "dpd_25ct": -0.6383928571428572,
      "dpd_80ct": -2.042857142857143
    },
    "20": {
      "total_pnl_cents": -68.5,
      "hits": 3,
      "hit_rate": 0.375,
      "avg_pnl_per_match": -8.5625,
      "dpd_baby": -0.24464285714285713,
      "dpd_25ct": -0.6116071428571428,
      "dpd_80ct": -1.957142857142857
    },
    "21": {
      "total_pnl_cents": -65.5,
      "hits": 3,
      "hit_rate": 0.375,
      "avg_pnl_per_match": -8.1875,
      "dpd_baby": -0.23392857142857143,
      "dpd_25ct": -0.5848214285714286,
      "dpd_80ct": -1.8714285714285714
    },
    "22": {
      "total_pnl_cents": -62.5,
      "hits": 3,
      "hit_rate": 0.375,
      "avg_pnl_per_match": -7.8125,
      "dpd_baby": -0.22321428571428573,
      "dpd_25ct": -0.5580357142857143,
      "dpd_80ct": -1.7857142857142858
    },
    "23": {
      "total_pnl_cents": -59.5,
      "hits": 3,
      "hit_rate": 0.375,
      "avg_pnl_per_match": -7.4375,
      "dpd_baby": -0.2125,
      "dpd_25ct": -0.53125,
      "dpd_80ct": -1.7
    },
    "24": {
      "total_pnl_cents": -56.5,
      "hits": 3,
      "hit_rate": 0.375,
      "avg_pnl_per_match": -7.0625,
      "dpd_baby": -0.2017857142857143,
      "dpd_25ct": -0.5044642857142857,
      "dpd_80ct": -1.6142857142857143
    },
    "25": {
      "total_pnl_cents": -53.5,
      "hits": 3,
      "hit_rate": 0.375,
      "avg_pnl_per_match": -6.6875,
      "dpd_baby": -0.19107142857142856,
      "dpd_25ct": -0.4776785714285714,
      "dpd_80ct": -1.5285714285714285
    },
    "26": {
      "total_pnl_cents": -50.5,
      "hits": 3,
      "hit_rate": 0.375,
      "avg_pnl_per_match": -6.3125,
      "dpd_baby": -0.18035714285714285,
      "dpd_25ct": -0.45089285714285715,
      "dpd_80ct": -1.4428571428571428
    },
    "27": {
      "total_pnl_cents": -47.5,
      "hits": 3,
      "hit_rate": 0.375,
      "avg_pnl_per_match": -5.9375,
      "dpd_baby": -0.16964285714285715,
      "dpd_25ct": -0.4241071428571429,
      "dpd_80ct": -1.3571428571428572
    },
    "28": {
      "total_pnl_cents": -44.5,
      "hits": 3,
      "hit_rate": 0.375,
      "avg_pnl_per_match": -5.5625,
      "dpd_baby": -0.15892857142857145,
      "dpd_25ct": -0.3973214285714286,
      "dpd_80ct": -1.2714285714285716
    },
    "29": {
      "total_pnl_cents": -41.5,
      "hits": 3,
      "hit_rate": 0.375,
      "avg_pnl_per_match": -5.1875,
      "dpd_baby": -0.14821428571428572,
      "dpd_25ct": -0.3705357142857143,
      "dpd_80ct": -1.1857142857142857
    },
    "30": {
      "total_pnl_cents": -38.5,
      "hits": 3,
      "hit_rate": 0.375,
      "avg_pnl_per_match": -4.8125,
      "dpd_baby": -0.1375,
      "dpd_25ct": -0.34375,
      "dpd_80ct": -1.1
    },
    "31": {
      "total_pnl_cents": -35.5,
      "hits": 3,
      "hit_rate": 0.375,
      "avg_pnl_per_match": -4.4375,
      "dpd_baby": -0.12678571428571428,
      "dpd_25ct": -0.3169642857142857,
      "dpd_80ct": -1.0142857142857142
    },
    "32": {
      "total_pnl_cents": -32.5,
      "hits": 3,
      "hit_rate": 0.375,
      "avg_pnl_per_match": -4.0625,
      "dpd_baby": -0.11607142857142858,
      "dpd_25ct": -0.29017857142857145,
      "dpd_80ct": -0.9285714285714286
    },