{
  "cell": "ATP_MAIN_underdog_40-44",
  "n_matches": 9,
  "bounce_distribution": {
    "min": 8.5,
    "p10": 8.5,
    "p25": 13.5,
    "p50": 56.5,
    "p75": 57.5,
    "p90": 59.0,
    "max": 59.0
  },
  "hold_dpd_baby": -0.5910714285714286,
  "best_exit": 56,
  "best_dpd_baby": 0.425,
  "by_exit": {
    "1": {
      "total_pnl_cents": 9,
      "hits": 9,
      "hit_rate": 1.0,
      "avg_pnl_per_match": 1.0,
      "dpd_baby": 0.03214285714285715,
      "dpd_25ct": 0.08035714285714286,
      "dpd_80ct": 0.2571428571428572
    },
    "2": {
      "total_pnl_cents": 18,
      "hits": 9,
      "hit_rate": 1.0,
      "avg_pnl_per_match": 2.0,
      "dpd_baby": 0.0642857142857143,
      "dpd_25ct": 0.16071428571428573,
      "dpd_80ct": 0.5142857142857143
    },
    "3": {
      "total_pnl_cents": 27,
      "hits": 9,
      "hit_rate": 1.0,
      "avg_pnl_per_match": 3.0,
      "dpd_baby": 0.09642857142857143,
      "dpd_25ct": 0.24107142857142858,
      "dpd_80ct": 0.7714285714285715
    },
    "4": {
      "total_pnl_cents": 36,
      "hits": 9,
      "hit_rate": 1.0,
      "avg_pnl_per_match": 4.0,
      "dpd_baby": 0.1285714285714286,
      "dpd_25ct": 0.32142857142857145,
      "dpd_80ct": 1.0285714285714287
    },
    "5": {
      "total_pnl_cents": 45,
      "hits": 9,
      "hit_rate": 1.0,
      "avg_pnl_per_match": 5.0,
      "dpd_baby": 0.16071428571428573,
      "dpd_25ct": 0.4017857142857143,
      "dpd_80ct": 1.2857142857142858
    },
    "6": {
      "total_pnl_cents": 54,
      "hits": 9,
      "hit_rate": 1.0,
      "avg_pnl_per_match": 6.0,
      "dpd_baby": 0.19285714285714287,
      "dpd_25ct": 0.48214285714285715,
      "dpd_80ct": 1.542857142857143
    },
    "7": {
      "total_pnl_cents": 63,
      "hits": 9,
      "hit_rate": 1.0,
      "avg_pnl_per_match": 7.0,
      "dpd_baby": 0.225,
      "dpd_25ct": 0.5625,
      "dpd_80ct": 1.8
    },
    "8": {
      "total_pnl_cents": 72,
      "hits": 9,
      "hit_rate": 1.0,
      "avg_pnl_per_match": 8.0,
      "dpd_baby": 0.2571428571428572,
      "dpd_25ct": 0.6428571428571429,
      "dpd_80ct": 2.0571428571428574
    },
    "9": {
      "total_pnl_cents": 32.5,
      "hits": 8,
      "hit_rate": 0.8888888888888888,
      "avg_pnl_per_match": 3.611111111111111,
      "dpd_baby": 0.11607142857142858,
      "dpd_25ct": 0.29017857142857145,
      "dpd_80ct": 0.9285714285714286
    },
    "10": {
      "total_pnl_cents": -10.0,
      "hits": 7,
      "hit_rate": 0.7777777777777778,
      "avg_pnl_per_match": -1.1111111111111112,
      "dpd_baby": -0.03571428571428571,
      "dpd_25ct": -0.08928571428571427,
      "dpd_80ct": -0.2857142857142857
    },
    "11": {
      "total_pnl_cents": -3.0,
      "hits": 7,
      "hit_rate": 0.7777777777777778,
      "avg_pnl_per_match": -0.3333333333333333,
      "dpd_baby": -0.010714285714285714,
      "dpd_25ct": -0.026785714285714288,
      "dpd_80ct": -0.08571428571428572
    },
    "12": {
      "total_pnl_cents": 4.0,
      "hits": 7,
      "hit_rate": 0.7777777777777778,
      "avg_pnl_per_match": 0.4444444444444444,
      "dpd_baby": 0.014285714285714287,
      "dpd_25ct": 0.03571428571428572,
      "dpd_80ct": 0.1142857142857143
    },
    "13": {
      "total_pnl_cents": 11.0,
      "hits": 7,
      "hit_rate": 0.7777777777777778,
      "avg_pnl_per_match": 1.2222222222222223,
      "dpd_baby": 0.03928571428571429,
      "dpd_25ct": 0.09821428571428573,
      "dpd_80ct": 0.31428571428571433
    },
    "14": {
      "total_pnl_cents": -37.5,
      "hits": 6,
      "hit_rate": 0.6666666666666666,
      "avg_pnl_per_match": -4.166666666666667,
      "dpd_baby": -0.13392857142857142,
      "dpd_25ct": -0.33482142857142855,
      "dpd_80ct": -1.0714285714285714
    },
    "15": {
      "total_pnl_cents": -31.5,
      "hits": 6,
      "hit_rate": 0.6666666666666666,
      "avg_pnl_per_match": -3.5,
      "dpd_baby": -0.1125,
      "dpd_25ct": -0.28125,
      "dpd_80ct": -0.9
    },
    "16": {
      "total_pnl_cents": -25.5,
      "hits": 6,
      "hit_rate": 0.6666666666666666,
      "avg_pnl_per_match": -2.8333333333333335,
      "dpd_baby": -0.09107142857142857,
      "dpd_25ct": -0.22767857142857142,
      "dpd_80ct": -0.7285714285714285
    },
    "17": {
      "total_pnl_cents": -19.5,
      "hits": 6,
      "hit_rate": 0.6666666666666666,
      "avg_pnl_per_match": -2.1666666666666665,
      "dpd_baby": -0.06964285714285715,
      "dpd_25ct": -0.17410714285714285,
      "dpd_80ct": -0.5571428571428572
    },
    "18": {
      "total_pnl_cents": -13.5,
      "hits": 6,
      "hit_rate": 0.6666666666666666,
      "avg_pnl_per_match": -1.5,
      "dpd_baby": -0.048214285714285716,
      "dpd_25ct": -0.12053571428571429,
      "dpd_80ct": -0.38571428571428573
    },
    "19": {
      "total_pnl_cents": -66.0,
      "hits": 5,
      "hit_rate": 0.5555555555555556,
      "avg_pnl_per_match": -7.333333333333333,
      "dpd_baby": -0.2357142857142857,
      "dpd_25ct": -0.5892857142857143,
      "dpd_80ct": -1.8857142857142857
    },
    "20": {
      "total_pnl_cents": -61.0,
      "hits": 5,
      "hit_rate": 0.5555555555555556,
      "avg_pnl_per_match": -6.777777777777778,
      "dpd_baby": -0.21785714285714283,
      "dpd_25ct": -0.5446428571428571,
      "dpd_80ct": -1.7428571428571427
    },
    "21": {
      "total_pnl_cents": -56.0,
      "hits": 5,
      "hit_rate": 0.5555555555555556,
      "avg_pnl_per_match": -6.222222222222222,
      "dpd_baby": -0.19999999999999998,
      "dpd_25ct": -0.49999999999999994,
      "dpd_80ct": -1.5999999999999999
    },
    "22": {
      "total_pnl_cents": -51.0,
      "hits": 5,
      "hit_rate": 0.5555555555555556,
      "avg_pnl_per_match": -5.666666666666667,
      "dpd_baby": -0.18214285714285713,
      "dpd_25ct": -0.45535714285714285,
      "dpd_80ct": -1.457142857142857
    },
    "23": {
      "total_pnl_cents": -46.0,
      "hits": 5,
      "hit_rate": 0.5555555555555556,
      "avg_pnl_per_match": -5.111111111111111,
      "dpd_baby": -0.16428571428571428,
      "dpd_25ct": -0.4107142857142857,
      "dpd_80ct": -1.3142857142857143
    },
    "24": {
      "total_pnl_cents": -41.0,
      "hits": 5,
      "hit_rate": 0.5555555555555556,
      "avg_pnl_per_match": -4.555555555555555,
      "dpd_baby": -0.1464285714285714,
      "dpd_25ct": -0.3660714285714285,
      "dpd_80ct": -1.1714285714285713
    },
    "25": {
      "total_pnl_cents": -36.0,
      "hits": 5,
      "hit_rate": 0.5555555555555556,
      "avg_pnl_per_match": -4.0,
      "dpd_baby": -0.1285714285714286,
      "dpd_25ct": -0.32142857142857145,
      "dpd_80ct": -1.0285714285714287
    },
    "26": {
      "total_pnl_cents": -31.0,
      "hits": 5,
      "hit_rate": 0.5555555555555556,
      "avg_pnl_per_match": -3.4444444444444446,
      "dpd_baby": -0.11071428571428572,
      "dpd_25ct": -0.2767857142857143,
      "dpd_80ct": -0.8857142857142858
    },
    "27": {
      "total_pnl_cents": -26.0,
      "hits": 5,
      "hit_rate": 0.5555555555555556,
      "avg_pnl_per_match": -2.888888888888889,
      "dpd_baby": -0.09285714285714286,
      "dpd_25ct": -0.23214285714285715,
      "dpd_80ct": -0.7428571428571429
    },
    "28": {
      "total_pnl_cents": -21.0,
      "hits": 5,
      "hit_rate": 0.5555555555555556,
      "avg_pnl_per_match": -2.3333333333333335,
      "dpd_baby": -0.075,
      "dpd_25ct": -0.1875,
      "dpd_80ct": -0.6
    },
    "29": {
      "total_pnl_cents": -16.0,
      "hits": 5,
      "hit_rate": 0.5555555555555556,
      "avg_pnl_per_match": -1.7777777777777777,
      "dpd_baby": -0.05714285714285715,
      "dpd_25ct": -0.14285714285714288,
      "dpd_80ct": -0.4571428571428572
    },
    "30": {
      "total_pnl_cents": -11.0,
      "hits": 5,
      "hit_rate": 0.5555555555555556,
      "avg_pnl_per_match": -1.2222222222222223,
      "dpd_baby": -0.03928571428571429,
      "dpd_25ct": -0.09821428571428573,
      "dpd_80ct": -0.31428571428571433
    },
    "31": {
      "total_pnl_cents": -6.0,