{
  "cell": "ATP_CHALL_underdog_40-44",
  "n_matches": 13,
  "bounce_distribution": {
    "min": 5.5,
    "p10": 10.5,
    "p25": 16.5,
    "p50": 34.5,
    "p75": 53.0,
    "p90": 54.5,
    "max": 55.5
  },
  "hold_dpd_baby": -0.5696428571428571,
  "best_exit": 10,
  "best_dpd_baby": 0.27321428571428574,
  "by_exit": {
    "1": {
      "total_pnl_cents": 13,
      "hits": 13,
      "hit_rate": 1.0,
      "avg_pnl_per_match": 1.0,
      "dpd_baby": 0.04642857142857143,
      "dpd_25ct": 0.11607142857142858,
      "dpd_80ct": 0.37142857142857144
    },
    "2": {
      "total_pnl_cents": 26,
      "hits": 13,
      "hit_rate": 1.0,
      "avg_pnl_per_match": 2.0,
      "dpd_baby": 0.09285714285714286,
      "dpd_25ct": 0.23214285714285715,
      "dpd_80ct": 0.7428571428571429
    },
    "3": {
      "total_pnl_cents": 39,
      "hits": 13,
      "hit_rate": 1.0,
      "avg_pnl_per_match": 3.0,
      "dpd_baby": 0.1392857142857143,
      "dpd_25ct": 0.3482142857142857,
      "dpd_80ct": 1.1142857142857143
    },
    "4": {
      "total_pnl_cents": 52,
      "hits": 13,
      "hit_rate": 1.0,
      "avg_pnl_per_match": 4.0,
      "dpd_baby": 0.18571428571428572,
      "dpd_25ct": 0.4642857142857143,
      "dpd_80ct": 1.4857142857142858
    },
    "5": {
      "total_pnl_cents": 65,
      "hits": 13,
      "hit_rate": 1.0,
      "avg_pnl_per_match": 5.0,
      "dpd_baby": 0.23214285714285715,
      "dpd_25ct": 0.5803571428571429,
      "dpd_80ct": 1.8571428571428572
    },
    "6": {
      "total_pnl_cents": 28.5,
      "hits": 12,
      "hit_rate": 0.9230769230769231,
      "avg_pnl_per_match": 2.1923076923076925,
      "dpd_baby": 0.10178571428571428,
      "dpd_25ct": 0.2544642857142857,
      "dpd_80ct": 0.8142857142857143
    },
    "7": {
      "total_pnl_cents": 40.5,
      "hits": 12,
      "hit_rate": 0.9230769230769231,
      "avg_pnl_per_match": 3.1153846153846154,
      "dpd_baby": 0.14464285714285713,
      "dpd_25ct": 0.3616071428571428,
      "dpd_80ct": 1.157142857142857
    },
    "8": {
      "total_pnl_cents": 52.5,
      "hits": 12,
      "hit_rate": 0.9230769230769231,
      "avg_pnl_per_match": 4.038461538461538,
      "dpd_baby": 0.1875,
      "dpd_25ct": 0.46875,
      "dpd_80ct": 1.5
    },
    "9": {
      "total_pnl_cents": 64.5,
      "hits": 12,
      "hit_rate": 0.9230769230769231,
      "avg_pnl_per_match": 4.961538461538462,
      "dpd_baby": 0.23035714285714287,
      "dpd_25ct": 0.5758928571428572,
      "dpd_80ct": 1.842857142857143
    },
    "10": {
      "total_pnl_cents": 76.5,
      "hits": 12,
      "hit_rate": 0.9230769230769231,
      "avg_pnl_per_match": 5.884615384615385,
      "dpd_baby": 0.27321428571428574,
      "dpd_25ct": 0.6830357142857144,
      "dpd_80ct": 2.185714285714286
    },
    "11": {
      "total_pnl_cents": 34.0,
      "hits": 11,
      "hit_rate": 0.8461538461538461,
      "avg_pnl_per_match": 2.6153846153846154,
      "dpd_baby": 0.12142857142857143,
      "dpd_25ct": 0.30357142857142855,
      "dpd_80ct": 0.9714285714285714
    },
    "12": {
      "total_pnl_cents": 45.0,
      "hits": 11,
      "hit_rate": 0.8461538461538461,
      "avg_pnl_per_match": 3.4615384615384617,
      "dpd_baby": 0.16071428571428573,
      "dpd_25ct": 0.4017857142857143,
      "dpd_80ct": 1.2857142857142858
    },
    "13": {
      "total_pnl_cents": 56.0,
      "hits": 11,
      "hit_rate": 0.8461538461538461,
      "avg_pnl_per_match": 4.3076923076923075,
      "dpd_baby": 0.19999999999999998,
      "dpd_25ct": 0.49999999999999994,
      "dpd_80ct": 1.5999999999999999
    },
    "14": {
      "total_pnl_cents": 9.5,
      "hits": 10,
      "hit_rate": 0.7692307692307693,
      "avg_pnl_per_match": 0.7307692307692307,
      "dpd_baby": 0.033928571428571426,
      "dpd_25ct": 0.08482142857142856,
      "dpd_80ct": 0.2714285714285714
    },
    "15": {
      "total_pnl_cents": 19.5,
      "hits": 10,
      "hit_rate": 0.7692307692307693,
      "avg_pnl_per_match": 1.5,
      "dpd_baby": 0.06964285714285715,
      "dpd_25ct": 0.17410714285714285,
      "dpd_80ct": 0.5571428571428572
    },
    "16": {
      "total_pnl_cents": 29.5,
      "hits": 10,
      "hit_rate": 0.7692307692307693,
      "avg_pnl_per_match": 2.269230769230769,
      "dpd_baby": 0.10535714285714286,
      "dpd_25ct": 0.26339285714285715,
      "dpd_80ct": 0.8428571428571429
    },
    "17": {
      "total_pnl_cents": -21.0,
      "hits": 9,
      "hit_rate": 0.6923076923076923,
      "avg_pnl_per_match": -1.6153846153846154,
      "dpd_baby": -0.075,
      "dpd_25ct": -0.1875,
      "dpd_80ct": -0.6
    },
    "18": {
      "total_pnl_cents": -12.0,
      "hits": 9,
      "hit_rate": 0.6923076923076923,
      "avg_pnl_per_match": -0.9230769230769231,
      "dpd_baby": -0.04285714285714286,
      "dpd_25ct": -0.10714285714285715,
      "dpd_80ct": -0.34285714285714286
    },
    "19": {
      "total_pnl_cents": -3.0,
      "hits": 9,
      "hit_rate": 0.6923076923076923,
      "avg_pnl_per_match": -0.23076923076923078,
      "dpd_baby": -0.010714285714285714,
      "dpd_25ct": -0.026785714285714288,
      "dpd_80ct": -0.08571428571428572
    },
    "20": {
      "total_pnl_cents": 6.0,
      "hits": 9,
      "hit_rate": 0.6923076923076923,
      "avg_pnl_per_match": 0.46153846153846156,
      "dpd_baby": 0.02142857142857143,
      "dpd_25ct": 0.053571428571428575,
      "dpd_80ct": 0.17142857142857143
    },
    "21": {
      "total_pnl_cents": 15.0,
      "hits": 9,
      "hit_rate": 0.6923076923076923,
      "avg_pnl_per_match": 1.1538461538461537,
      "dpd_baby": 0.05357142857142857,
      "dpd_25ct": 0.13392857142857142,
      "dpd_80ct": 0.42857142857142855
    },
    "22": {
      "total_pnl_cents": 24.0,
      "hits": 9,
      "hit_rate": 0.6923076923076923,
      "avg_pnl_per_match": 1.8461538461538463,
      "dpd_baby": 0.08571428571428572,
      "dpd_25ct": 0.2142857142857143,
      "dpd_80ct": 0.6857142857142857
    },
    "23": {
      "total_pnl_cents": 33.0,
      "hits": 9,
      "hit_rate": 0.6923076923076923,
      "avg_pnl_per_match": 2.5384615384615383,
      "dpd_baby": 0.11785714285714285,
      "dpd_25ct": 0.29464285714285715,
      "dpd_80ct": 0.9428571428571428
    },
    "24": {
      "total_pnl_cents": -24.5,
      "hits": 8,
      "hit_rate": 0.6153846153846154,
      "avg_pnl_per_match": -1.8846153846153846,
      "dpd_baby": -0.08750000000000001,
      "dpd_25ct": -0.21875000000000003,
      "dpd_80ct": -0.7000000000000001
    },
    "25": {
      "total_pnl_cents": -16.5,
      "hits": 8,
      "hit_rate": 0.6153846153846154,
      "avg_pnl_per_match": -1.2692307692307692,
      "dpd_baby": -0.05892857142857143,
      "dpd_25ct": -0.14732142857142858,
      "dpd_80ct": -0.4714285714285714
    },
    "26": {
      "total_pnl_cents": -76.0,
      "hits": 7,
      "hit_rate": 0.5384615384615384,
      "avg_pnl_per_match": -5.846153846153846,
      "dpd_baby": -0.2714285714285714,
      "dpd_25ct": -0.6785714285714285,
      "dpd_80ct": -2.1714285714285713
    },
    "27": {
      "total_pnl_cents": -69.0,
      "hits": 7,
      "hit_rate": 0.5384615384615384,
      "avg_pnl_per_match": -5.3076923076923075,
      "dpd_baby": -0.24642857142857144,
      "dpd_25ct": -0.6160714285714286,
      "dpd_80ct": -1.9714285714285715
    },
    "28": {
      "total_pnl_cents": -62.0,
      "hits": 7,
      "hit_rate": 0.5384615384615384,
      "avg_pnl_per_match": -4.769230769230769,
      "dpd_baby": -0.22142857142857145,
      "dpd_25ct": -0.5535714285714286,
      "dpd_80ct": -1.7714285714285716
    },
    "29": {
      "total_pnl_cents": -55.0,
      "hits": 7,
      "hit_rate": 0.5384615384615384,
      "avg_pnl_per_match": -4.230769230769231,
      "dpd_baby": -0.19642857142857142,
      "dpd_25ct": -0.49107142857142855,
      "dpd_80ct": -1.5714285714285714
    },
    "30": {
      "total_pnl_cents": -48.0,
      "hits": 7,
      "hit_rate": 0.5384615384615384,
      "avg_pnl_per_match": -3.6923076923076925,