{
  "cell": "ATP_CHALL_underdog_25-29",
  "n_matches": 24,
  "bounce_distribution": {
    "min": 0.5,
    "p10": 5.0,
    "p25": 12.5,
    "p50": 29.0,
    "p75": 70.5,
    "p90": 71.5,
    "max": 72.5
  },
  "hold_dpd_baby": -0.47500000000000003,
  "best_exit": 10,
  "best_dpd_baby": 0.34285714285714286,
  "by_exit": {
    "1": {
      "total_pnl_cents": -2.5,
      "hits": 23,
      "hit_rate": 0.9583333333333334,
      "avg_pnl_per_match": -0.10416666666666667,
      "dpd_baby": -0.008928571428571428,
      "dpd_25ct": -0.02232142857142857,
      "dpd_80ct": -0.07142857142857142
    },
    "2": {
      "total_pnl_cents": 20.5,
      "hits": 23,
      "hit_rate": 0.9583333333333334,
      "avg_pnl_per_match": 0.8541666666666666,
      "dpd_baby": 0.0732142857142857,
      "dpd_25ct": 0.18303571428571425,
      "dpd_80ct": 0.5857142857142856
    },
    "3": {
      "total_pnl_cents": 43.5,
      "hits": 23,
      "hit_rate": 0.9583333333333334,
      "avg_pnl_per_match": 1.8125,
      "dpd_baby": 0.15535714285714283,
      "dpd_25ct": 0.3883928571428571,
      "dpd_80ct": 1.2428571428571427
    },
    "4": {
      "total_pnl_cents": 66.5,
      "hits": 23,
      "hit_rate": 0.9583333333333334,
      "avg_pnl_per_match": 2.7708333333333335,
      "dpd_baby": 0.23750000000000002,
      "dpd_25ct": 0.59375,
      "dpd_80ct": 1.9000000000000001
    },
    "5": {
      "total_pnl_cents": 57.0,
      "hits": 22,
      "hit_rate": 0.9166666666666666,
      "avg_pnl_per_match": 2.375,
      "dpd_baby": 0.20357142857142857,
      "dpd_25ct": 0.5089285714285714,
      "dpd_80ct": 1.6285714285714286
    },
    "6": {
      "total_pnl_cents": 47.5,
      "hits": 21,
      "hit_rate": 0.875,
      "avg_pnl_per_match": 1.9791666666666667,
      "dpd_baby": 0.16964285714285715,
      "dpd_25ct": 0.4241071428571429,
      "dpd_80ct": 1.3571428571428572
    },
    "7": {
      "total_pnl_cents": 68.5,
      "hits": 21,
      "hit_rate": 0.875,
      "avg_pnl_per_match": 2.8541666666666665,
      "dpd_baby": 0.24464285714285713,
      "dpd_25ct": 0.6116071428571428,
      "dpd_80ct": 1.957142857142857
    },
    "8": {
      "total_pnl_cents": 89.5,
      "hits": 21,
      "hit_rate": 0.875,
      "avg_pnl_per_match": 3.7291666666666665,
      "dpd_baby": 0.3196428571428571,
      "dpd_25ct": 0.7991071428571428,
      "dpd_80ct": 2.557142857142857
    },
    "9": {
      "total_pnl_cents": 76.0,
      "hits": 20,
      "hit_rate": 0.8333333333333334,
      "avg_pnl_per_match": 3.1666666666666665,
      "dpd_baby": 0.2714285714285714,
      "dpd_25ct": 0.6785714285714285,
      "dpd_80ct": 2.1714285714285713
    },
    "10": {
      "total_pnl_cents": 96.0,
      "hits": 20,
      "hit_rate": 0.8333333333333334,
      "avg_pnl_per_match": 4.0,
      "dpd_baby": 0.34285714285714286,
      "dpd_25ct": 0.8571428571428572,
      "dpd_80ct": 2.742857142857143
    },
    "11": {
      "total_pnl_cents": 79.5,
      "hits": 19,
      "hit_rate": 0.7916666666666666,
      "avg_pnl_per_match": 3.3125,
      "dpd_baby": 0.2839285714285714,
      "dpd_25ct": 0.7098214285714286,
      "dpd_80ct": 2.2714285714285714
    },
    "12": {
      "total_pnl_cents": 59.0,
      "hits": 18,
      "hit_rate": 0.75,
      "avg_pnl_per_match": 2.4583333333333335,
      "dpd_baby": 0.21071428571428572,
      "dpd_25ct": 0.5267857142857143,
      "dpd_80ct": 1.6857142857142857
    },
    "13": {
      "total_pnl_cents": 37.5,
      "hits": 17,
      "hit_rate": 0.7083333333333334,
      "avg_pnl_per_match": 1.5625,
      "dpd_baby": 0.13392857142857142,
      "dpd_25ct": 0.33482142857142855,
      "dpd_80ct": 1.0714285714285714
    },
    "14": {
      "total_pnl_cents": 54.5,
      "hits": 17,
      "hit_rate": 0.7083333333333334,
      "avg_pnl_per_match": 2.2708333333333335,
      "dpd_baby": 0.19464285714285715,
      "dpd_25ct": 0.48660714285714285,
      "dpd_80ct": 1.5571428571428572
    },
    "15": {
      "total_pnl_cents": 31.0,
      "hits": 16,
      "hit_rate": 0.6666666666666666,
      "avg_pnl_per_match": 1.2916666666666667,
      "dpd_baby": 0.11071428571428572,
      "dpd_25ct": 0.2767857142857143,
      "dpd_80ct": 0.8857142857142858
    },
    "16": {
      "total_pnl_cents": 47.0,
      "hits": 16,
      "hit_rate": 0.6666666666666666,
      "avg_pnl_per_match": 1.9583333333333333,
      "dpd_baby": 0.16785714285714287,
      "dpd_25ct": 0.4196428571428572,
      "dpd_80ct": 1.342857142857143
    },
    "17": {
      "total_pnl_cents": 63.0,
      "hits": 16,
      "hit_rate": 0.6666666666666666,
      "avg_pnl_per_match": 2.625,
      "dpd_baby": 0.225,
      "dpd_25ct": 0.5625,
      "dpd_80ct": 1.8
    },
    "18": {
      "total_pnl_cents": 35.5,
      "hits": 15,
      "hit_rate": 0.625,
      "avg_pnl_per_match": 1.4791666666666667,
      "dpd_baby": 0.12678571428571428,
      "dpd_25ct": 0.3169642857142857,
      "dpd_80ct": 1.0142857142857142
    },
    "19": {
      "total_pnl_cents": 50.5,
      "hits": 15,
      "hit_rate": 0.625,
      "avg_pnl_per_match": 2.1041666666666665,
      "dpd_baby": 0.18035714285714285,
      "dpd_25ct": 0.45089285714285715,
      "dpd_80ct": 1.4428571428571428
    },
    "20": {
      "total_pnl_cents": 65.5,
      "hits": 15,
      "hit_rate": 0.625,
      "avg_pnl_per_match": 2.7291666666666665,
      "dpd_baby": 0.23392857142857143,
      "dpd_25ct": 0.5848214285714286,
      "dpd_80ct": 1.8714285714285714
    },
    "21": {
      "total_pnl_cents": 34.0,
      "hits": 14,
      "hit_rate": 0.5833333333333334,
      "avg_pnl_per_match": 1.4166666666666667,
      "dpd_baby": 0.12142857142857143,
      "dpd_25ct": 0.30357142857142855,
      "dpd_80ct": 0.9714285714285714
    },
    "22": {
      "total_pnl_cents": 0.5,
      "hits": 13,
      "hit_rate": 0.5416666666666666,
      "avg_pnl_per_match": 0.020833333333333332,
      "dpd_baby": 0.0017857142857142859,
      "dpd_25ct": 0.004464285714285715,
      "dpd_80ct": 0.014285714285714287
    },
    "23": {
      "total_pnl_cents": 13.5,
      "hits": 13,
      "hit_rate": 0.5416666666666666,
      "avg_pnl_per_match": 0.5625,
      "dpd_baby": 0.048214285714285716,
      "dpd_25ct": 0.12053571428571429,
      "dpd_80ct": 0.38571428571428573
    },
    "24": {
      "total_pnl_cents": 26.5,
      "hits": 13,
      "hit_rate": 0.5416666666666666,
      "avg_pnl_per_match": 1.1041666666666667,
      "dpd_baby": 0.09464285714285714,
      "dpd_25ct": 0.23660714285714285,
      "dpd_80ct": 0.7571428571428571
    },
    "25": {
      "total_pnl_cents": 39.5,
      "hits": 13,
      "hit_rate": 0.5416666666666666,
      "avg_pnl_per_match": 1.6458333333333333,
      "dpd_baby": 0.14107142857142857,
      "dpd_25ct": 0.3526785714285714,
      "dpd_80ct": 1.1285714285714286
    },
    "26": {
      "total_pnl_cents": 52.5,
      "hits": 13,
      "hit_rate": 0.5416666666666666,
      "avg_pnl_per_match": 2.1875,
      "dpd_baby": 0.1875,
      "dpd_25ct": 0.46875,
      "dpd_80ct": 1.5
    },
    "27": {
      "total_pnl_cents": 11.0,
      "hits": 12,
      "hit_rate": 0.5,
      "avg_pnl_per_match": 0.4583333333333333,
      "dpd_baby": 0.03928571428571429,
      "dpd_25ct": 0.09821428571428573,
      "dpd_80ct": 0.31428571428571433
    },
    "28": {
      "total_pnl_cents": 23.0,
      "hits": 12,
      "hit_rate": 0.5,
      "avg_pnl_per_match": 0.9583333333333334,
      "dpd_baby": 0.08214285714285714,
      "dpd_25ct": 0.20535714285714285,
      "dpd_80ct": 0.6571428571428571
    },
    "29": {
      "total_pnl_cents": 35.0,
      "hits": 12,
      "hit_rate": 0.5,
      "avg_pnl_per_match": 1.4583333333333333,
      "dpd_baby": 0.125,
      "dpd_25ct": 0.3125,
      "dpd_80ct": 1.0
    },
    "30": {
      "total_pnl_cents": -64.0,
      "hits": 10,
      "hit_rate": 0.4166666666666667,
      "avg_pnl_per_match": -2.6666666666666665,
      "dpd_baby": -0.2285714285714286,
      "dpd_25ct": -0.5714285714285715,
      "dpd_80ct": -1.8285714285714287
    },