{
  "cell": "ATP_CHALL_leader_70-74",
  "n_matches": 18,
  "bounce_distribution": {
    "min": 0.0,
    "p10": 0.0,
    "p25": 25.5,
    "p50": 26.5,
    "p75": 26.5,
    "p90": 27.5,
    "max": 27.5
  },
  "hold_dpd_baby": -0.6964285714285714,
  "best_exit": 26,
  "best_dpd_baby": 0.2839285714285714,
  "by_exit": {
    "1": {
      "total_pnl_cents": -127.0,
      "hits": 16,
      "hit_rate": 0.8888888888888888,
      "avg_pnl_per_match": -7.055555555555555,
      "dpd_baby": -0.45357142857142857,
      "dpd_25ct": -1.1339285714285714,
      "dpd_80ct": -3.6285714285714286
    },
    "2": {
      "total_pnl_cents": -111.0,
      "hits": 16,
      "hit_rate": 0.8888888888888888,
      "avg_pnl_per_match": -6.166666666666667,
      "dpd_baby": -0.3964285714285714,
      "dpd_25ct": -0.9910714285714285,
      "dpd_80ct": -3.1714285714285713
    },
    "3": {
      "total_pnl_cents": -95.0,
      "hits": 16,
      "hit_rate": 0.8888888888888888,
      "avg_pnl_per_match": -5.277777777777778,
      "dpd_baby": -0.3392857142857143,
      "dpd_25ct": -0.8482142857142858,
      "dpd_80ct": -2.7142857142857144
    },
    "4": {
      "total_pnl_cents": -79.0,
      "hits": 16,
      "hit_rate": 0.8888888888888888,
      "avg_pnl_per_match": -4.388888888888889,
      "dpd_baby": -0.28214285714285714,
      "dpd_25ct": -0.7053571428571428,
      "dpd_80ct": -2.257142857142857
    },
    "5": {
      "total_pnl_cents": -63.0,
      "hits": 16,
      "hit_rate": 0.8888888888888888,
      "avg_pnl_per_match": -3.5,
      "dpd_baby": -0.225,
      "dpd_25ct": -0.5625,
      "dpd_80ct": -1.8
    },
    "6": {
      "total_pnl_cents": -47.0,
      "hits": 16,
      "hit_rate": 0.8888888888888888,
      "avg_pnl_per_match": -2.611111111111111,
      "dpd_baby": -0.16785714285714287,
      "dpd_25ct": -0.4196428571428572,
      "dpd_80ct": -1.342857142857143
    },
    "7": {
      "total_pnl_cents": -31.0,
      "hits": 16,
      "hit_rate": 0.8888888888888888,
      "avg_pnl_per_match": -1.7222222222222223,
      "dpd_baby": -0.11071428571428572,
      "dpd_25ct": -0.2767857142857143,
      "dpd_80ct": -0.8857142857142858
    },
    "8": {
      "total_pnl_cents": -93.5,
      "hits": 15,
      "hit_rate": 0.8333333333333334,
      "avg_pnl_per_match": -5.194444444444445,
      "dpd_baby": -0.3339285714285714,
      "dpd_25ct": -0.8348214285714285,
      "dpd_80ct": -2.6714285714285713
    },
    "9": {
      "total_pnl_cents": -78.5,
      "hits": 15,
      "hit_rate": 0.8333333333333334,
      "avg_pnl_per_match": -4.361111111111111,
      "dpd_baby": -0.28035714285714286,
      "dpd_25ct": -0.7008928571428572,
      "dpd_80ct": -2.242857142857143
    },
    "10": {
      "total_pnl_cents": -63.5,
      "hits": 15,
      "hit_rate": 0.8333333333333334,
      "avg_pnl_per_match": -3.5277777777777777,
      "dpd_baby": -0.22678571428571428,
      "dpd_25ct": -0.5669642857142857,
      "dpd_80ct": -1.8142857142857143
    },
    "11": {
      "total_pnl_cents": -48.5,
      "hits": 15,
      "hit_rate": 0.8333333333333334,
      "avg_pnl_per_match": -2.6944444444444446,
      "dpd_baby": -0.1732142857142857,
      "dpd_25ct": -0.4330357142857143,
      "dpd_80ct": -1.3857142857142857
    },
    "12": {
      "total_pnl_cents": -33.5,
      "hits": 15,
      "hit_rate": 0.8333333333333334,
      "avg_pnl_per_match": -1.8611111111111112,
      "dpd_baby": -0.11964285714285715,
      "dpd_25ct": -0.29910714285714285,
      "dpd_80ct": -0.9571428571428572
    },
    "13": {
      "total_pnl_cents": -18.5,
      "hits": 15,
      "hit_rate": 0.8333333333333334,
      "avg_pnl_per_match": -1.0277777777777777,
      "dpd_baby": -0.06607142857142857,
      "dpd_25ct": -0.16517857142857142,
      "dpd_80ct": -0.5285714285714286
    },
    "14": {
      "total_pnl_cents": -89.0,
      "hits": 14,
      "hit_rate": 0.7777777777777778,
      "avg_pnl_per_match": -4.944444444444445,
      "dpd_baby": -0.3178571428571429,
      "dpd_25ct": -0.7946428571428572,
      "dpd_80ct": -2.542857142857143
    },
    "15": {
      "total_pnl_cents": -75.0,
      "hits": 14,
      "hit_rate": 0.7777777777777778,
      "avg_pnl_per_match": -4.166666666666667,
      "dpd_baby": -0.26785714285714285,
      "dpd_25ct": -0.6696428571428571,
      "dpd_80ct": -2.142857142857143
    },
    "16": {
      "total_pnl_cents": -61.0,
      "hits": 14,
      "hit_rate": 0.7777777777777778,
      "avg_pnl_per_match": -3.388888888888889,
      "dpd_baby": -0.21785714285714283,
      "dpd_25ct": -0.5446428571428571,
      "dpd_80ct": -1.7428571428571427
    },
    "17": {
      "total_pnl_cents": -47.0,
      "hits": 14,
      "hit_rate": 0.7777777777777778,
      "avg_pnl_per_match": -2.611111111111111,
      "dpd_baby": -0.16785714285714287,
      "dpd_25ct": -0.4196428571428572,
      "dpd_80ct": -1.342857142857143
    },
    "18": {
      "total_pnl_cents": -33.0,
      "hits": 14,
      "hit_rate": 0.7777777777777778,
      "avg_pnl_per_match": -1.8333333333333333,
      "dpd_baby": -0.11785714285714285,
      "dpd_25ct": -0.29464285714285715,
      "dpd_80ct": -0.9428571428571428
    },
    "19": {
      "total_pnl_cents": -19.0,
      "hits": 14,
      "hit_rate": 0.7777777777777778,
      "avg_pnl_per_match": -1.0555555555555556,
      "dpd_baby": -0.06785714285714285,
      "dpd_25ct": -0.16964285714285712,
      "dpd_80ct": -0.5428571428571428
    },
    "20": {
      "total_pnl_cents": -5.0,
      "hits": 14,
      "hit_rate": 0.7777777777777778,
      "avg_pnl_per_match": -0.2777777777777778,
      "dpd_baby": -0.017857142857142856,
      "dpd_25ct": -0.04464285714285714,
      "dpd_80ct": -0.14285714285714285
    },
    "21": {
      "total_pnl_cents": 9.0,
      "hits": 14,
      "hit_rate": 0.7777777777777778,
      "avg_pnl_per_match": 0.5,
      "dpd_baby": 0.03214285714285715,
      "dpd_25ct": 0.08035714285714286,
      "dpd_80ct": 0.2571428571428572
    },
    "22": {
      "total_pnl_cents": 23.0,
      "hits": 14,
      "hit_rate": 0.7777777777777778,
      "avg_pnl_per_match": 1.2777777777777777,
      "dpd_baby": 0.08214285714285714,
      "dpd_25ct": 0.20535714285714285,
      "dpd_80ct": 0.6571428571428571
    },
    "23": {
      "total_pnl_cents": 37.0,
      "hits": 14,
      "hit_rate": 0.7777777777777778,
      "avg_pnl_per_match": 2.0555555555555554,
      "dpd_baby": 0.13214285714285715,
      "dpd_25ct": 0.33035714285714285,
      "dpd_80ct": 1.0571428571428572
    },
    "24": {
      "total_pnl_cents": 51.0,
      "hits": 14,
      "hit_rate": 0.7777777777777778,
      "avg_pnl_per_match": 2.8333333333333335,
      "dpd_baby": 0.18214285714285713,
      "dpd_25ct": 0.45535714285714285,
      "dpd_80ct": 1.457142857142857
    },
    "25": {
      "total_pnl_cents": 65.0,
      "hits": 14,
      "hit_rate": 0.7777777777777778,
      "avg_pnl_per_match": 3.611111111111111,
      "dpd_baby": 0.23214285714285715,
      "dpd_25ct": 0.5803571428571429,
      "dpd_80ct": 1.8571428571428572
    },
    "26": {
      "total_pnl_cents": 79.5,
      "hits": 13,
      "hit_rate": 0.7222222222222222,
      "avg_pnl_per_match": 4.416666666666667,
      "dpd_baby": 0.2839285714285714,
      "dpd_25ct": 0.7098214285714286,
      "dpd_80ct": 2.2714285714285714
    },
    "27": {
      "total_pnl_cents": -100.5,
      "hits": 3,
      "hit_rate": 0.16666666666666666,
      "avg_pnl_per_match": -5.583333333333333,
      "dpd_baby": -0.35892857142857143,
      "dpd_25ct": -0.8973214285714286,
      "dpd_80ct": -2.8714285714285714
    },
    "28": {
      "total_pnl_cents": -195.0,
      "hits": 0,
      "hit_rate": 0.0,
      "avg_pnl_per_match": -10.833333333333334,
      "dpd_baby": -0.6964285714285714,
      "dpd_25ct": -1.7410714285714284,
      "dpd_80ct": -5.571428571428571
    },
    "29": {
      "total_pnl_cents": -195.0,
      "hits": 0,
      "hit_rate": 0.0,
      "avg_pnl_per_match": -10.833333333333334,
      "dpd_baby": -0.6964285714285714,