{
  "cell": "ATP_CHALL_leader_75-79",
  "n_matches": 17,
  "bounce_distribution": {
    "min": 4.5,
    "p10": 20.0,
    "p25": 20.5,
    "p50": 20.5,
    "p75": 20.5,
    "p90": 21.5,
    "max": 22.0
  },
  "hold_dpd_baby": -0.09821428571428571,
  "best_exit": 20,
  "best_dpd_baby": 0.8624999999999999,
  "by_exit": {
    "1": {
      "total_pnl_cents": 17,
      "hits": 17,
      "hit_rate": 1.0,
      "avg_pnl_per_match": 1.0,
      "dpd_baby": 0.060714285714285714,
      "dpd_25ct": 0.15178571428571427,
      "dpd_80ct": 0.4857142857142857
    },
    "2": {
      "total_pnl_cents": 34,
      "hits": 17,
      "hit_rate": 1.0,
      "avg_pnl_per_match": 2.0,
      "dpd_baby": 0.12142857142857143,
      "dpd_25ct": 0.30357142857142855,
      "dpd_80ct": 0.9714285714285714
    },
    "3": {
      "total_pnl_cents": 51,
      "hits": 17,
      "hit_rate": 1.0,
      "avg_pnl_per_match": 3.0,
      "dpd_baby": 0.18214285714285713,
      "dpd_25ct": 0.45535714285714285,
      "dpd_80ct": 1.457142857142857
    },
    "4": {
      "total_pnl_cents": 68,
      "hits": 17,
      "hit_rate": 1.0,
      "avg_pnl_per_match": 4.0,
      "dpd_baby": 0.24285714285714285,
      "dpd_25ct": 0.6071428571428571,
      "dpd_80ct": 1.9428571428571428
    },
    "5": {
      "total_pnl_cents": 1.5,
      "hits": 16,
      "hit_rate": 0.9411764705882353,
      "avg_pnl_per_match": 0.08823529411764706,
      "dpd_baby": 0.005357142857142857,
      "dpd_25ct": 0.013392857142857144,
      "dpd_80ct": 0.04285714285714286
    },
    "6": {
      "total_pnl_cents": 17.5,
      "hits": 16,
      "hit_rate": 0.9411764705882353,
      "avg_pnl_per_match": 1.0294117647058822,
      "dpd_baby": 0.0625,
      "dpd_25ct": 0.15625,
      "dpd_80ct": 0.5
    },
    "7": {
      "total_pnl_cents": 33.5,
      "hits": 16,
      "hit_rate": 0.9411764705882353,
      "avg_pnl_per_match": 1.9705882352941178,
      "dpd_baby": 0.11964285714285715,
      "dpd_25ct": 0.29910714285714285,
      "dpd_80ct": 0.9571428571428572
    },
    "8": {
      "total_pnl_cents": 49.5,
      "hits": 16,
      "hit_rate": 0.9411764705882353,
      "avg_pnl_per_match": 2.911764705882353,
      "dpd_baby": 0.1767857142857143,
      "dpd_25ct": 0.44196428571428575,
      "dpd_80ct": 1.4142857142857144
    },
    "9": {
      "total_pnl_cents": 65.5,
      "hits": 16,
      "hit_rate": 0.9411764705882353,
      "avg_pnl_per_match": 3.8529411764705883,
      "dpd_baby": 0.23392857142857143,
      "dpd_25ct": 0.5848214285714286,
      "dpd_80ct": 1.8714285714285714
    },
    "10": {
      "total_pnl_cents": 81.5,
      "hits": 16,
      "hit_rate": 0.9411764705882353,
      "avg_pnl_per_match": 4.794117647058823,
      "dpd_baby": 0.2910714285714286,
      "dpd_25ct": 0.7276785714285715,
      "dpd_80ct": 2.3285714285714287
    },
    "11": {
      "total_pnl_cents": 97.5,
      "hits": 16,
      "hit_rate": 0.9411764705882353,
      "avg_pnl_per_match": 5.735294117647059,
      "dpd_baby": 0.3482142857142857,
      "dpd_25ct": 0.8705357142857142,
      "dpd_80ct": 2.7857142857142856
    },
    "12": {
      "total_pnl_cents": 113.5,
      "hits": 16,
      "hit_rate": 0.9411764705882353,
      "avg_pnl_per_match": 6.676470588235294,
      "dpd_baby": 0.40535714285714286,
      "dpd_25ct": 1.0133928571428572,
      "dpd_80ct": 3.242857142857143
    },
    "13": {
      "total_pnl_cents": 129.5,
      "hits": 16,
      "hit_rate": 0.9411764705882353,
      "avg_pnl_per_match": 7.617647058823529,
      "dpd_baby": 0.46249999999999997,
      "dpd_25ct": 1.15625,
      "dpd_80ct": 3.6999999999999997
    },
    "14": {
      "total_pnl_cents": 145.5,
      "hits": 16,
      "hit_rate": 0.9411764705882353,
      "avg_pnl_per_match": 8.558823529411764,
      "dpd_baby": 0.5196428571428572,
      "dpd_25ct": 1.299107142857143,
      "dpd_80ct": 4.1571428571428575
    },
    "15": {
      "total_pnl_cents": 161.5,
      "hits": 16,
      "hit_rate": 0.9411764705882353,
      "avg_pnl_per_match": 9.5,
      "dpd_baby": 0.5767857142857142,
      "dpd_25ct": 1.4419642857142856,
      "dpd_80ct": 4.614285714285714
    },
    "16": {
      "total_pnl_cents": 177.5,
      "hits": 16,
      "hit_rate": 0.9411764705882353,
      "avg_pnl_per_match": 10.441176470588236,
      "dpd_baby": 0.6339285714285714,
      "dpd_25ct": 1.5848214285714284,
      "dpd_80ct": 5.071428571428571
    },
    "17": {
      "total_pnl_cents": 193.5,
      "hits": 16,
      "hit_rate": 0.9411764705882353,
      "avg_pnl_per_match": 11.382352941176471,
      "dpd_baby": 0.6910714285714287,
      "dpd_25ct": 1.7276785714285716,
      "dpd_80ct": 5.528571428571429
    },
    "18": {
      "total_pnl_cents": 209.5,
      "hits": 16,
      "hit_rate": 0.9411764705882353,
      "avg_pnl_per_match": 12.323529411764707,
      "dpd_baby": 0.7482142857142857,
      "dpd_25ct": 1.8705357142857144,
      "dpd_80ct": 5.985714285714286
    },
    "19": {
      "total_pnl_cents": 225.5,
      "hits": 16,
      "hit_rate": 0.9411764705882353,
      "avg_pnl_per_match": 13.264705882352942,
      "dpd_baby": 0.8053571428571429,
      "dpd_25ct": 2.013392857142857,
      "dpd_80ct": 6.442857142857143
    },
    "20": {
      "total_pnl_cents": 241.5,
      "hits": 16,
      "hit_rate": 0.9411764705882353,
      "avg_pnl_per_match": 14.205882352941176,
      "dpd_baby": 0.8624999999999999,
      "dpd_25ct": 2.15625,
      "dpd_80ct": 6.8999999999999995
    },
    "21": {
      "total_pnl_cents": -33.5,
      "hits": 4,
      "hit_rate": 0.23529411764705882,
      "avg_pnl_per_match": -1.9705882352941178,
      "dpd_baby": -0.11964285714285715,
      "dpd_25ct": -0.29910714285714285,
      "dpd_80ct": -0.9571428571428572
    },
    "22": {
      "total_pnl_cents": -28.0,
      "hits": 1,
      "hit_rate": 0.058823529411764705,
      "avg_pnl_per_match": -1.6470588235294117,
      "dpd_baby": -0.09999999999999999,
      "dpd_25ct": -0.24999999999999997,
      "dpd_80ct": -0.7999999999999999
    },
    "23": {
      "total_pnl_cents": -27.5,
      "hits": 0,
      "hit_rate": 0.0,
      "avg_pnl_per_match": -1.6176470588235294,
      "dpd_baby": -0.09821428571428571,
      "dpd_25ct": -0.24553571428571427,
      "dpd_80ct": -0.7857142857142857
    },
    "24": {
      "total_pnl_cents": -27.5,
      "hits": 0,
      "hit_rate": 0.0,
      "avg_pnl_per_match": -1.6176470588235294,
      "dpd_baby": -0.09821428571428571,
      "dpd_25ct": -0.24553571428571427,
      "dpd_80ct": -0.7857142857142857
    },
    "25": {
      "total_pnl_cents": -27.5,
      "hits": 0,
      "hit_rate": 0.0,
      "avg_pnl_per_match": -1.6176470588235294,
      "dpd_baby": -0.09821428571428571,
      "dpd_25ct": -0.24553571428571427,
      "dpd_80ct": -0.7857142857142857
    },
    "26": {
      "total_pnl_cents": -27.5,
      "hits": 0,
      "hit_rate": 0.0,
      "avg_pnl_per_match": -1.6176470588235294,
      "dpd_baby": -0.09821428571428571,
      "dpd_25ct": -0.24553571428571427,
      "dpd_80ct": -0.7857142857142857
    },
    "27": {
      "total_pnl_cents": -27.5,
      "hits": 0,
      "hit_rate": 0.0,
      "avg_pnl_per_match": -1.6176470588235294,
      "dpd_baby": -0.09821428571428571,
      "dpd_25ct": -0.24553571428571427,
      "dpd_80ct": -0.7857142857142857
    },
    "28": {
      "total_pnl_cents": -27.5,
      "hits": 0,
      "hit_rate": 0.0,
      "avg_pnl_per_match": -1.6176470588235294,
      "dpd_baby": -0.09821428571428571,
      "dpd_25ct": -0.24553571428571427,
      "dpd_80ct": -0.7857142857142857
    },
    "29": {
      "total_pnl_cents": -27.5,
      "hits": 0,
      "hit_rate": 0.0,
      "avg_pnl_per_match": -1.6176470588235294,
      "dpd_baby": -0.09821428571428571,
      "dpd_25ct": -0.24553571428571427,
      "dpd_80ct": -0.7857142857142857
    },
    "30": {
      "total_pnl_cents": -27.5,
      "hits": 0,
      "hit_rate": 0.0,
      "avg_pnl_per_match": -1.6176470588235294,
      "dpd_baby": -0.09821428571428571,
      "dpd_25ct": -0.24553571428571427,