{
  "cell": "ATP_MAIN_leader_65-69",
  "n_matches": 18,
  "bounce_distribution": {
    "min": -0.5,
    "p10": 0.5,
    "p25": 6.5,
    "p50": 24.5,
    "p75": 30.5,
    "p90": 32.5,
    "max": 32.5
  },
  "hold_dpd_baby": -1.8071428571428572,
  "best_exit": 5,
  "best_dpd_baby": -0.18928571428571428,
  "by_exit": {
    "1": {
      "total_pnl_cents": -117.0,
      "hits": 16,
      "hit_rate": 0.8888888888888888,
      "avg_pnl_per_match": -6.5,
      "dpd_baby": -0.4178571428571428,
      "dpd_25ct": -1.044642857142857,
      "dpd_80ct": -3.3428571428571425
    },
    "2": {
      "total_pnl_cents": -101.0,
      "hits": 16,
      "hit_rate": 0.8888888888888888,
      "avg_pnl_per_match": -5.611111111111111,
      "dpd_baby": -0.3607142857142857,
      "dpd_25ct": -0.9017857142857143,
      "dpd_80ct": -2.8857142857142857
    },
    "3": {
      "total_pnl_cents": -85.0,
      "hits": 16,
      "hit_rate": 0.8888888888888888,
      "avg_pnl_per_match": -4.722222222222222,
      "dpd_baby": -0.30357142857142855,
      "dpd_25ct": -0.7589285714285714,
      "dpd_80ct": -2.4285714285714284
    },
    "4": {
      "total_pnl_cents": -69.0,
      "hits": 16,
      "hit_rate": 0.8888888888888888,
      "avg_pnl_per_match": -3.8333333333333335,
      "dpd_baby": -0.24642857142857144,
      "dpd_25ct": -0.6160714285714286,
      "dpd_80ct": -1.9714285714285715
    },
    "5": {
      "total_pnl_cents": -53.0,
      "hits": 16,
      "hit_rate": 0.8888888888888888,
      "avg_pnl_per_match": -2.9444444444444446,
      "dpd_baby": -0.18928571428571428,
      "dpd_25ct": -0.4732142857142857,
      "dpd_80ct": -1.5142857142857142
    },
    "6": {
      "total_pnl_cents": -182.0,
      "hits": 14,
      "hit_rate": 0.7777777777777778,
      "avg_pnl_per_match": -10.11111111111111,
      "dpd_baby": -0.65,
      "dpd_25ct": -1.625,
      "dpd_80ct": -5.2
    },
    "7": {
      "total_pnl_cents": -240.5,
      "hits": 13,
      "hit_rate": 0.7222222222222222,
      "avg_pnl_per_match": -13.36111111111111,
      "dpd_baby": -0.8589285714285715,
      "dpd_25ct": -2.147321428571429,
      "dpd_80ct": -6.871428571428572
    },
    "8": {
      "total_pnl_cents": -227.5,
      "hits": 13,
      "hit_rate": 0.7222222222222222,
      "avg_pnl_per_match": -12.63888888888889,
      "dpd_baby": -0.8125,
      "dpd_25ct": -2.03125,
      "dpd_80ct": -6.5
    },
    "9": {
      "total_pnl_cents": -291.0,
      "hits": 12,
      "hit_rate": 0.6666666666666666,
      "avg_pnl_per_match": -16.166666666666668,
      "dpd_baby": -1.0392857142857144,
      "dpd_25ct": -2.598214285714286,
      "dpd_80ct": -8.314285714285715
    },
    "10": {
      "total_pnl_cents": -279.0,
      "hits": 12,
      "hit_rate": 0.6666666666666666,
      "avg_pnl_per_match": -15.5,
      "dpd_baby": -0.9964285714285713,
      "dpd_25ct": -2.4910714285714284,
      "dpd_80ct": -7.971428571428571
    },
    "11": {
      "total_pnl_cents": -343.5,
      "hits": 11,
      "hit_rate": 0.6111111111111112,
      "avg_pnl_per_match": -19.083333333333332,
      "dpd_baby": -1.2267857142857144,
      "dpd_25ct": -3.066964285714286,
      "dpd_80ct": -9.814285714285715
    },
    "12": {
      "total_pnl_cents": -332.5,
      "hits": 11,
      "hit_rate": 0.6111111111111112,
      "avg_pnl_per_match": -18.47222222222222,
      "dpd_baby": -1.1875,
      "dpd_25ct": -2.96875,
      "dpd_80ct": -9.5
    },
    "13": {
      "total_pnl_cents": -321.5,
      "hits": 11,
      "hit_rate": 0.6111111111111112,
      "avg_pnl_per_match": -17.86111111111111,
      "dpd_baby": -1.1482142857142856,
      "dpd_25ct": -2.870535714285714,
      "dpd_80ct": -9.185714285714285
    },
    "14": {
      "total_pnl_cents": -310.5,
      "hits": 11,
      "hit_rate": 0.6111111111111112,
      "avg_pnl_per_match": -17.25,
      "dpd_baby": -1.1089285714285715,
      "dpd_25ct": -2.772321428571429,
      "dpd_80ct": -8.871428571428572
    },
    "15": {
      "total_pnl_cents": -299.5,
      "hits": 11,
      "hit_rate": 0.6111111111111112,
      "avg_pnl_per_match": -16.63888888888889,
      "dpd_baby": -1.0696428571428571,
      "dpd_25ct": -2.674107142857143,
      "dpd_80ct": -8.557142857142857
    },
    "16": {
      "total_pnl_cents": -288.5,
      "hits": 11,
      "hit_rate": 0.6111111111111112,
      "avg_pnl_per_match": -16.02777777777778,
      "dpd_baby": -1.030357142857143,
      "dpd_25ct": -2.5758928571428577,
      "dpd_80ct": -8.242857142857144
    },
    "17": {
      "total_pnl_cents": -360.0,
      "hits": 10,
      "hit_rate": 0.5555555555555556,
      "avg_pnl_per_match": -20.0,
      "dpd_baby": -1.2857142857142858,
      "dpd_25ct": -3.2142857142857144,
      "dpd_80ct": -10.285714285714286
    },
    "18": {
      "total_pnl_cents": -350.0,
      "hits": 10,
      "hit_rate": 0.5555555555555556,
      "avg_pnl_per_match": -19.444444444444443,
      "dpd_baby": -1.25,
      "dpd_25ct": -3.125,
      "dpd_80ct": -10.0
    },
    "19": {
      "total_pnl_cents": -340.0,
      "hits": 10,
      "hit_rate": 0.5555555555555556,
      "avg_pnl_per_match": -18.88888888888889,
      "dpd_baby": -1.2142857142857142,
      "dpd_25ct": -3.0357142857142856,
      "dpd_80ct": -9.714285714285714
    },
    "20": {
      "total_pnl_cents": -330.0,
      "hits": 10,
      "hit_rate": 0.5555555555555556,
      "avg_pnl_per_match": -18.333333333333332,
      "dpd_baby": -1.1785714285714286,
      "dpd_25ct": -2.9464285714285716,
      "dpd_80ct": -9.428571428571429
    },
    "21": {
      "total_pnl_cents": -320.0,
      "hits": 10,
      "hit_rate": 0.5555555555555556,
      "avg_pnl_per_match": -17.77777777777778,
      "dpd_baby": -1.1428571428571428,
      "dpd_25ct": -2.8571428571428568,
      "dpd_80ct": -9.142857142857142
    },
    "22": {
      "total_pnl_cents": -310.0,
      "hits": 10,
      "hit_rate": 0.5555555555555556,
      "avg_pnl_per_match": -17.22222222222222,
      "dpd_baby": -1.1071428571428572,
      "dpd_25ct": -2.7678571428571432,
      "dpd_80ct": -8.857142857142858
    },
    "23": {
      "total_pnl_cents": -300.0,
      "hits": 10,
      "hit_rate": 0.5555555555555556,
      "avg_pnl_per_match": -16.666666666666668,
      "dpd_baby": -1.0714285714285714,
      "dpd_25ct": -2.6785714285714284,
      "dpd_80ct": -8.571428571428571
    },
    "24": {
      "total_pnl_cents": -381.5,
      "hits": 9,
      "hit_rate": 0.5,
      "avg_pnl_per_match": -21.194444444444443,
      "dpd_baby": -1.3625,
      "dpd_25ct": -3.40625,
      "dpd_80ct": -10.9
    },
    "25": {
      "total_pnl_cents": -463.0,
      "hits": 8,
      "hit_rate": 0.4444444444444444,
      "avg_pnl_per_match": -25.72222222222222,
      "dpd_baby": -1.6535714285714285,
      "dpd_25ct": -4.133928571428571,
      "dpd_80ct": -13.228571428571428
    },
    "26": {
      "total_pnl_cents": -455.0,
      "hits": 8,
      "hit_rate": 0.4444444444444444,
      "avg_pnl_per_match": -25.27777777777778,
      "dpd_baby": -1.625,
      "dpd_25ct": -4.0625,
      "dpd_80ct": -13.0
    },
    "27": {
      "total_pnl_cents": -447.0,
      "hits": 8,
      "hit_rate": 0.4444444444444444,
      "avg_pnl_per_match": -24.833333333333332,
      "dpd_baby": -1.5964285714285715,
      "dpd_25ct": -3.991071428571429,
      "dpd_80ct": -12.771428571428572
    },
    "28": {
      "total_pnl_cents": -439.0,
      "hits": 8,
      "hit_rate": 0.4444444444444444,
      "avg_pnl_per_match": -24.38888888888889,
      "dpd_baby": -1.5678571428571428,
      "dpd_25ct": -3.919642857142857,
      "dpd_80ct": -12.542857142857143
    },
    "29": {
      "total_pnl_cents": -428.5,
      "hits": 7,
      "hit_rate": 0.3888888888888889,
      "avg_pnl_per_match": -23.805555555555557,
      "dpd_baby": -1.530357142857143,
      "dpd_25ct": -3.8258928571428577,
      "dpd_80ct": -12.242857142857144
    },
    "30": {
      "total_pnl_cents": -420.0,
      "hits": 6,
      "hit_rate": 0.3333333333333333,
      "avg_pnl_per_match": -23.333333333333332,