{
  "cell": "ATP_MAIN_underdog_20-24",
  "n_matches": 11,
  "bounce_distribution": {
    "min": 0.5,
    "p10": 2.5,
    "p25": 15.5,
    "p50": 25.0,
    "p75": 73.0,
    "p90": 74.5,
    "max": 76.5
  },
  "hold_dpd_baby": -0.1732142857142857,
  "best_exit": 15,
  "best_dpd_baby": 0.32142857142857145,
  "by_exit": {
    "1": {
      "total_pnl_cents": -11.5,
      "hits": 10,
      "hit_rate": 0.9090909090909091,
      "avg_pnl_per_match": -1.0454545454545454,
      "dpd_baby": -0.04107142857142857,
      "dpd_25ct": -0.10267857142857142,
      "dpd_80ct": -0.32857142857142857
    },
    "2": {
      "total_pnl_cents": -1.5,
      "hits": 10,
      "hit_rate": 0.9090909090909091,
      "avg_pnl_per_match": -0.13636363636363635,
      "dpd_baby": -0.005357142857142857,
      "dpd_25ct": -0.013392857142857144,
      "dpd_80ct": -0.04285714285714286
    },
    "3": {
      "total_pnl_cents": -18.0,
      "hits": 9,
      "hit_rate": 0.8181818181818182,
      "avg_pnl_per_match": -1.6363636363636365,
      "dpd_baby": -0.0642857142857143,
      "dpd_25ct": -0.16071428571428573,
      "dpd_80ct": -0.5142857142857143
    },
    "4": {
      "total_pnl_cents": -9.0,
      "hits": 9,
      "hit_rate": 0.8181818181818182,
      "avg_pnl_per_match": -0.8181818181818182,
      "dpd_baby": -0.03214285714285715,
      "dpd_25ct": -0.08035714285714286,
      "dpd_80ct": -0.2571428571428572
    },
    "5": {
      "total_pnl_cents": 0.0,
      "hits": 9,
      "hit_rate": 0.8181818181818182,
      "avg_pnl_per_match": 0.0,
      "dpd_baby": 0.0,
      "dpd_25ct": 0.0,
      "dpd_80ct": 0.0
    },
    "6": {
      "total_pnl_cents": 9.0,
      "hits": 9,
      "hit_rate": 0.8181818181818182,
      "avg_pnl_per_match": 0.8181818181818182,
      "dpd_baby": 0.03214285714285715,
      "dpd_25ct": 0.08035714285714286,
      "dpd_80ct": 0.2571428571428572
    },
    "7": {
      "total_pnl_cents": 18.0,
      "hits": 9,
      "hit_rate": 0.8181818181818182,
      "avg_pnl_per_match": 1.6363636363636365,
      "dpd_baby": 0.0642857142857143,
      "dpd_25ct": 0.16071428571428573,
      "dpd_80ct": 0.5142857142857143
    },
    "8": {
      "total_pnl_cents": 27.0,
      "hits": 9,
      "hit_rate": 0.8181818181818182,
      "avg_pnl_per_match": 2.4545454545454546,
      "dpd_baby": 0.09642857142857143,
      "dpd_25ct": 0.24107142857142858,
      "dpd_80ct": 0.7714285714285715
    },
    "9": {
      "total_pnl_cents": 36.0,
      "hits": 9,
      "hit_rate": 0.8181818181818182,
      "avg_pnl_per_match": 3.272727272727273,
      "dpd_baby": 0.1285714285714286,
      "dpd_25ct": 0.32142857142857145,
      "dpd_80ct": 1.0285714285714287
    },
    "10": {
      "total_pnl_cents": 45.0,
      "hits": 9,
      "hit_rate": 0.8181818181818182,
      "avg_pnl_per_match": 4.090909090909091,
      "dpd_baby": 0.16071428571428573,
      "dpd_25ct": 0.4017857142857143,
      "dpd_80ct": 1.2857142857142858
    },
    "11": {
      "total_pnl_cents": 54.0,
      "hits": 9,
      "hit_rate": 0.8181818181818182,
      "avg_pnl_per_match": 4.909090909090909,
      "dpd_baby": 0.19285714285714287,
      "dpd_25ct": 0.48214285714285715,
      "dpd_80ct": 1.542857142857143
    },
    "12": {
      "total_pnl_cents": 63.0,
      "hits": 9,
      "hit_rate": 0.8181818181818182,
      "avg_pnl_per_match": 5.7272727272727275,
      "dpd_baby": 0.225,
      "dpd_25ct": 0.5625,
      "dpd_80ct": 1.8
    },
    "13": {
      "total_pnl_cents": 72.0,
      "hits": 9,
      "hit_rate": 0.8181818181818182,
      "avg_pnl_per_match": 6.545454545454546,
      "dpd_baby": 0.2571428571428572,
      "dpd_25ct": 0.6428571428571429,
      "dpd_80ct": 2.0571428571428574
    },
    "14": {
      "total_pnl_cents": 81.0,
      "hits": 9,
      "hit_rate": 0.8181818181818182,
      "avg_pnl_per_match": 7.363636363636363,
      "dpd_baby": 0.28928571428571426,
      "dpd_25ct": 0.7232142857142856,
      "dpd_80ct": 2.314285714285714
    },
    "15": {
      "total_pnl_cents": 90.0,
      "hits": 9,
      "hit_rate": 0.8181818181818182,
      "avg_pnl_per_match": 8.181818181818182,
      "dpd_baby": 0.32142857142857145,
      "dpd_25ct": 0.8035714285714286,
      "dpd_80ct": 2.5714285714285716
    },
    "16": {
      "total_pnl_cents": 61.5,
      "hits": 8,
      "hit_rate": 0.7272727272727273,
      "avg_pnl_per_match": 5.590909090909091,
      "dpd_baby": 0.21964285714285717,
      "dpd_25ct": 0.5491071428571429,
      "dpd_80ct": 1.7571428571428573
    },
    "17": {
      "total_pnl_cents": 29.0,
      "hits": 7,
      "hit_rate": 0.6363636363636364,
      "avg_pnl_per_match": 2.6363636363636362,
      "dpd_baby": 0.10357142857142856,
      "dpd_25ct": 0.2589285714285714,
      "dpd_80ct": 0.8285714285714285
    },
    "18": {
      "total_pnl_cents": 36.0,
      "hits": 7,
      "hit_rate": 0.6363636363636364,
      "avg_pnl_per_match": 3.272727272727273,
      "dpd_baby": 0.1285714285714286,
      "dpd_25ct": 0.32142857142857145,
      "dpd_80ct": 1.0285714285714287
    },
    "19": {
      "total_pnl_cents": 43.0,
      "hits": 7,
      "hit_rate": 0.6363636363636364,
      "avg_pnl_per_match": 3.909090909090909,
      "dpd_baby": 0.15357142857142855,
      "dpd_25ct": 0.3839285714285714,
      "dpd_80ct": 1.2285714285714284
    },
    "20": {
      "total_pnl_cents": 50.0,
      "hits": 7,
      "hit_rate": 0.6363636363636364,
      "avg_pnl_per_match": 4.545454545454546,
      "dpd_baby": 0.17857142857142858,
      "dpd_25ct": 0.44642857142857145,
      "dpd_80ct": 1.4285714285714286
    },
    "21": {
      "total_pnl_cents": 57.0,
      "hits": 7,
      "hit_rate": 0.6363636363636364,
      "avg_pnl_per_match": 5.181818181818182,
      "dpd_baby": 0.20357142857142857,
      "dpd_25ct": 0.5089285714285714,
      "dpd_80ct": 1.6285714285714286
    },
    "22": {
      "total_pnl_cents": 64.0,
      "hits": 7,
      "hit_rate": 0.6363636363636364,
      "avg_pnl_per_match": 5.818181818181818,
      "dpd_baby": 0.2285714285714286,
      "dpd_25ct": 0.5714285714285715,
      "dpd_80ct": 1.8285714285714287
    },
    "23": {
      "total_pnl_cents": 71.0,
      "hits": 7,
      "hit_rate": 0.6363636363636364,
      "avg_pnl_per_match": 6.454545454545454,
      "dpd_baby": 0.25357142857142856,
      "dpd_25ct": 0.6339285714285714,
      "dpd_80ct": 2.0285714285714285
    },
    "24": {
      "total_pnl_cents": 31.5,
      "hits": 6,
      "hit_rate": 0.5454545454545454,
      "avg_pnl_per_match": 2.8636363636363638,
      "dpd_baby": 0.1125,
      "dpd_25ct": 0.28125,
      "dpd_80ct": 0.9
    },
    "25": {
      "total_pnl_cents": 37.5,
      "hits": 6,
      "hit_rate": 0.5454545454545454,
      "avg_pnl_per_match": 3.409090909090909,
      "dpd_baby": 0.13392857142857142,
      "dpd_25ct": 0.33482142857142855,
      "dpd_80ct": 1.0714285714285714
    },
    "26": {
      "total_pnl_cents": -5.0,
      "hits": 5,
      "hit_rate": 0.45454545454545453,
      "avg_pnl_per_match": -0.45454545454545453,
      "dpd_baby": -0.017857142857142856,
      "dpd_25ct": -0.04464285714285714,
      "dpd_80ct": -0.14285714285714285
    },
    "27": {
      "total_pnl_cents": 0.0,
      "hits": 5,
      "hit_rate": 0.45454545454545453,
      "avg_pnl_per_match": 0.0,
      "dpd_baby": 0.0,
      "dpd_25ct": 0.0,
      "dpd_80ct": 0.0
    },
    "28": {
      "total_pnl_cents": 5.0,
      "hits": 5,
      "hit_rate": 0.45454545454545453,
      "avg_pnl_per_match": 0.45454545454545453,
      "dpd_baby": 0.017857142857142856,
      "dpd_25ct": 0.04464285714285714,
      "dpd_80ct": 0.14285714285714285
    },
    "29": {
      "total_pnl_cents": -42.5,
      "hits": 4,
      "hit_rate": 0.36363636363636365,
      "avg_pnl_per_match": -3.8636363636363638,
      "dpd_baby": -0.15178571428571427,
      "dpd_25ct": -0.3794642857142857,
      "dpd_80ct": -1.2142857142857142
    },
    "30": {
      "total_pnl_cents": -38.5,
      "hits": 4,
      "hit_rate": 0.36363636363636365,
      "avg_pnl_per_match": -3.5,