{
  "cell": "ATP_CHALL_leader_80-84",
  "n_matches": 29,
  "bounce_distribution": {
    "min": 0.0,
    "p10": 6.0,
    "p25": 16.5,
    "p50": 17.0,
    "p75": 18.5,
    "p90": 18.5,
    "max": 18.5
  },
  "hold_dpd_baby": -0.5517857142857142,
  "best_exit": 16,
  "best_dpd_baby": 0.29642857142857143,
  "by_exit": {
    "1": {
      "total_pnl_cents": -51.5,
      "hits": 28,
      "hit_rate": 0.9655172413793104,
      "avg_pnl_per_match": -1.7758620689655173,
      "dpd_baby": -0.18392857142857144,
      "dpd_25ct": -0.4598214285714286,
      "dpd_80ct": -1.4714285714285715
    },
    "2": {
      "total_pnl_cents": -23.5,
      "hits": 28,
      "hit_rate": 0.9655172413793104,
      "avg_pnl_per_match": -0.8103448275862069,
      "dpd_baby": -0.08392857142857144,
      "dpd_25ct": -0.2098214285714286,
      "dpd_80ct": -0.6714285714285715
    },
    "3": {
      "total_pnl_cents": 4.5,
      "hits": 28,
      "hit_rate": 0.9655172413793104,
      "avg_pnl_per_match": 0.15517241379310345,
      "dpd_baby": 0.016071428571428573,
      "dpd_25ct": 0.04017857142857143,
      "dpd_80ct": 0.1285714285714286
    },
    "4": {
      "total_pnl_cents": 32.5,
      "hits": 28,
      "hit_rate": 0.9655172413793104,
      "avg_pnl_per_match": 1.1206896551724137,
      "dpd_baby": 0.11607142857142858,
      "dpd_25ct": 0.29017857142857145,
      "dpd_80ct": 0.9285714285714286
    },
    "5": {
      "total_pnl_cents": -26.0,
      "hits": 27,
      "hit_rate": 0.9310344827586207,
      "avg_pnl_per_match": -0.896551724137931,
      "dpd_baby": -0.09285714285714286,
      "dpd_25ct": -0.23214285714285715,
      "dpd_80ct": -0.7428571428571429
    },
    "6": {
      "total_pnl_cents": 1.0,
      "hits": 27,
      "hit_rate": 0.9310344827586207,
      "avg_pnl_per_match": 0.034482758620689655,
      "dpd_baby": 0.0035714285714285718,
      "dpd_25ct": 0.00892857142857143,
      "dpd_80ct": 0.028571428571428574
    },
    "7": {
      "total_pnl_cents": 38.5,
      "hits": 26,
      "hit_rate": 0.896551724137931,
      "avg_pnl_per_match": 1.3275862068965518,
      "dpd_baby": 0.1375,
      "dpd_25ct": 0.34375,
      "dpd_80ct": 1.1
    },
    "8": {
      "total_pnl_cents": 74.0,
      "hits": 25,
      "hit_rate": 0.8620689655172413,
      "avg_pnl_per_match": 2.5517241379310347,
      "dpd_baby": 0.2642857142857143,
      "dpd_25ct": 0.6607142857142857,
      "dpd_80ct": 2.1142857142857143
    },
    "9": {
      "total_pnl_cents": 10.5,
      "hits": 24,
      "hit_rate": 0.8275862068965517,
      "avg_pnl_per_match": 0.3620689655172414,
      "dpd_baby": 0.0375,
      "dpd_25ct": 0.09375,
      "dpd_80ct": 0.3
    },
    "10": {
      "total_pnl_cents": 34.5,
      "hits": 24,
      "hit_rate": 0.8275862068965517,
      "avg_pnl_per_match": 1.1896551724137931,
      "dpd_baby": 0.12321428571428572,
      "dpd_25ct": 0.3080357142857143,
      "dpd_80ct": 0.9857142857142858
    },
    "11": {
      "total_pnl_cents": 58.5,
      "hits": 24,
      "hit_rate": 0.8275862068965517,
      "avg_pnl_per_match": 2.0172413793103448,
      "dpd_baby": 0.2089285714285714,
      "dpd_25ct": 0.5223214285714285,
      "dpd_80ct": 1.6714285714285713
    },
    "12": {
      "total_pnl_cents": -9.0,
      "hits": 23,
      "hit_rate": 0.7931034482758621,
      "avg_pnl_per_match": -0.3103448275862069,
      "dpd_baby": -0.03214285714285715,
      "dpd_25ct": -0.08035714285714286,
      "dpd_80ct": -0.2571428571428572
    },
    "13": {
      "total_pnl_cents": 14.0,
      "hits": 23,
      "hit_rate": 0.7931034482758621,
      "avg_pnl_per_match": 0.4827586206896552,
      "dpd_baby": 0.049999999999999996,
      "dpd_25ct": 0.12499999999999999,
      "dpd_80ct": 0.39999999999999997
    },
    "14": {
      "total_pnl_cents": 37.0,
      "hits": 23,
      "hit_rate": 0.7931034482758621,
      "avg_pnl_per_match": 1.2758620689655173,
      "dpd_baby": 0.13214285714285715,
      "dpd_25ct": 0.33035714285714285,
      "dpd_80ct": 1.0571428571428572
    },
    "15": {
      "total_pnl_cents": 60.0,
      "hits": 23,
      "hit_rate": 0.7931034482758621,
      "avg_pnl_per_match": 2.0689655172413794,
      "dpd_baby": 0.21428571428571427,
      "dpd_25ct": 0.5357142857142857,
      "dpd_80ct": 1.7142857142857142
    },
    "16": {
      "total_pnl_cents": 83.0,
      "hits": 23,
      "hit_rate": 0.7931034482758621,
      "avg_pnl_per_match": 2.8620689655172415,
      "dpd_baby": 0.29642857142857143,
      "dpd_25ct": 0.7410714285714286,
      "dpd_80ct": 2.3714285714285714
    },
    "17": {
      "total_pnl_cents": 11.0,
      "hits": 15,
      "hit_rate": 0.5172413793103449,
      "avg_pnl_per_match": 0.3793103448275862,
      "dpd_baby": 0.03928571428571429,
      "dpd_25ct": 0.09821428571428573,
      "dpd_80ct": 0.31428571428571433
    },
    "18": {
      "total_pnl_cents": 25.5,
      "hits": 12,
      "hit_rate": 0.41379310344827586,
      "avg_pnl_per_match": 0.8793103448275862,
      "dpd_baby": 0.09107142857142857,
      "dpd_25ct": 0.22767857142857142,
      "dpd_80ct": 0.7285714285714285
    },
    "19": {
      "total_pnl_cents": -154.5,
      "hits": 0,
      "hit_rate": 0.0,
      "avg_pnl_per_match": -5.327586206896552,
      "dpd_baby": -0.5517857142857142,
      "dpd_25ct": -1.3794642857142856,
      "dpd_80ct": -4.414285714285714
    },
    "20": {
      "total_pnl_cents": -154.5,
      "hits": 0,
      "hit_rate": 0.0,
      "avg_pnl_per_match": -5.327586206896552,
      "dpd_baby": -0.5517857142857142,
      "dpd_25ct": -1.3794642857142856,
      "dpd_80ct": -4.414285714285714
    },
    "21": {
      "total_pnl_cents": -154.5,
      "hits": 0,
      "hit_rate": 0.0,
      "avg_pnl_per_match": -5.327586206896552,
      "dpd_baby": -0.5517857142857142,
      "dpd_25ct": -1.3794642857142856,
      "dpd_80ct": -4.414285714285714
    },
    "22": {
      "total_pnl_cents": -154.5,
      "hits": 0,
      "hit_rate": 0.0,
      "avg_pnl_per_match": -5.327586206896552,
      "dpd_baby": -0.5517857142857142,
      "dpd_25ct": -1.3794642857142856,
      "dpd_80ct": -4.414285714285714
    },
    "23": {
      "total_pnl_cents": -154.5,
      "hits": 0,
      "hit_rate": 0.0,
      "avg_pnl_per_match": -5.327586206896552,
      "dpd_baby": -0.5517857142857142,
      "dpd_25ct": -1.3794642857142856,
      "dpd_80ct": -4.414285714285714
    },
    "24": {
      "total_pnl_cents": -154.5,
      "hits": 0,
      "hit_rate": 0.0,
      "avg_pnl_per_match": -5.327586206896552,
      "dpd_baby": -0.5517857142857142,
      "dpd_25ct": -1.3794642857142856,
      "dpd_80ct": -4.414285714285714
    },
    "25": {
      "total_pnl_cents": -154.5,
      "hits": 0,
      "hit_rate": 0.0,
      "avg_pnl_per_match": -5.327586206896552,
      "dpd_baby": -0.5517857142857142,
      "dpd_25ct": -1.3794642857142856,
      "dpd_80ct": -4.414285714285714
    },
    "26": {
      "total_pnl_cents": -154.5,
      "hits": 0,
      "hit_rate": 0.0,
      "avg_pnl_per_match": -5.327586206896552,
      "dpd_baby": -0.5517857142857142,
      "dpd_25ct": -1.3794642857142856,
      "dpd_80ct": -4.414285714285714
    },
    "27": {
      "total_pnl_cents": -154.5,
      "hits": 0,
      "hit_rate": 0.0,
      "avg_pnl_per_match": -5.327586206896552,
      "dpd_baby": -0.5517857142857142,
      "dpd_25ct": -1.3794642857142856,
      "dpd_80ct": -4.414285714285714
    },
    "28": {
      "total_pnl_cents": -154.5,
      "hits": 0,
      "hit_rate": 0.0,
      "avg_pnl_per_match": -5.327586206896552,
      "dpd_baby": -0.5517857142857142,
      "dpd_25ct": -1.3794642857142856,
      "dpd_80ct": -4.414285714285714
    },
    "29": {
      "total_pnl_cents": -154.5,
      "hits": 0,
      "hit_rate": 0.0,
      "avg_pnl_per_match": -5.327586206896552,
      "dpd_baby": -0.5517857142857142,
      "dpd_25ct": -1.3794642857142856,
      "dpd_80ct": -4.414285714285714
    },
    "30": {
      "total_pnl_cents": -154.5,
      "hits": 0,
      "hit_rate": 0.0,
      "avg_pnl_per_match": -5.327586206896552,