{
  "cell": "ATP_CHALL_underdog_15-19",
  "n_matches": 16,
  "bounce_distribution": {
    "min": 0.5,
    "p10": 1.5,
    "p25": 9.0,
    "p50": 15.5,
    "p75": 46.5,
    "p90": 66.5,
    "max": 80.5
  },
  "hold_dpd_baby": -0.6464285714285715,
  "best_exit": 9,
  "best_dpd_baby": 0.13214285714285715,
  "by_exit": {
    "1": {
      "total_pnl_cents": -2.5,
      "hits": 15,
      "hit_rate": 0.9375,
      "avg_pnl_per_match": -0.15625,
      "dpd_baby": -0.008928571428571428,
      "dpd_25ct": -0.02232142857142857,
      "dpd_80ct": -0.07142857142857142
    },
    "2": {
      "total_pnl_cents": -26.5,
      "hits": 13,
      "hit_rate": 0.8125,
      "avg_pnl_per_match": -1.65625,
      "dpd_baby": -0.09464285714285714,
      "dpd_25ct": -0.23660714285714285,
      "dpd_80ct": -0.7571428571428571
    },
    "3": {
      "total_pnl_cents": -13.5,
      "hits": 13,
      "hit_rate": 0.8125,
      "avg_pnl_per_match": -0.84375,
      "dpd_baby": -0.048214285714285716,
      "dpd_25ct": -0.12053571428571429,
      "dpd_80ct": -0.38571428571428573
    },
    "4": {
      "total_pnl_cents": -23.0,
      "hits": 12,
      "hit_rate": 0.75,
      "avg_pnl_per_match": -1.4375,
      "dpd_baby": -0.08214285714285714,
      "dpd_25ct": -0.20535714285714285,
      "dpd_80ct": -0.6571428571428571
    },
    "5": {
      "total_pnl_cents": -11.0,
      "hits": 12,
      "hit_rate": 0.75,
      "avg_pnl_per_match": -0.6875,
      "dpd_baby": -0.03928571428571429,
      "dpd_25ct": -0.09821428571428573,
      "dpd_80ct": -0.31428571428571433
    },
    "6": {
      "total_pnl_cents": 1.0,
      "hits": 12,
      "hit_rate": 0.75,
      "avg_pnl_per_match": 0.0625,
      "dpd_baby": 0.0035714285714285718,
      "dpd_25ct": 0.00892857142857143,
      "dpd_80ct": 0.028571428571428574
    },
    "7": {
      "total_pnl_cents": 13.0,
      "hits": 12,
      "hit_rate": 0.75,
      "avg_pnl_per_match": 0.8125,
      "dpd_baby": 0.04642857142857143,
      "dpd_25ct": 0.11607142857142858,
      "dpd_80ct": 0.37142857142857144
    },
    "8": {
      "total_pnl_cents": 25.0,
      "hits": 12,
      "hit_rate": 0.75,
      "avg_pnl_per_match": 1.5625,
      "dpd_baby": 0.08928571428571429,
      "dpd_25ct": 0.22321428571428573,
      "dpd_80ct": 0.7142857142857143
    },
    "9": {
      "total_pnl_cents": 37.0,
      "hits": 12,
      "hit_rate": 0.75,
      "avg_pnl_per_match": 2.3125,
      "dpd_baby": 0.13214285714285715,
      "dpd_25ct": 0.33035714285714285,
      "dpd_80ct": 1.0571428571428572
    },
    "10": {
      "total_pnl_cents": 21.5,
      "hits": 11,
      "hit_rate": 0.6875,
      "avg_pnl_per_match": 1.34375,
      "dpd_baby": 0.07678571428571428,
      "dpd_25ct": 0.1919642857142857,
      "dpd_80ct": 0.6142857142857142
    },
    "11": {
      "total_pnl_cents": 32.5,
      "hits": 11,
      "hit_rate": 0.6875,
      "avg_pnl_per_match": 2.03125,
      "dpd_baby": 0.11607142857142858,
      "dpd_25ct": 0.29017857142857145,
      "dpd_80ct": 0.9285714285714286
    },
    "12": {
      "total_pnl_cents": 15.0,
      "hits": 10,
      "hit_rate": 0.625,
      "avg_pnl_per_match": 0.9375,
      "dpd_baby": 0.05357142857142857,
      "dpd_25ct": 0.13392857142857142,
      "dpd_80ct": 0.42857142857142855
    },
    "13": {
      "total_pnl_cents": 25.0,
      "hits": 10,
      "hit_rate": 0.625,
      "avg_pnl_per_match": 1.5625,
      "dpd_baby": 0.08928571428571429,
      "dpd_25ct": 0.22321428571428573,
      "dpd_80ct": 0.7142857142857143
    },
    "14": {
      "total_pnl_cents": 3.5,
      "hits": 9,
      "hit_rate": 0.5625,
      "avg_pnl_per_match": 0.21875,
      "dpd_baby": 0.012499999999999999,
      "dpd_25ct": 0.031249999999999997,
      "dpd_80ct": 0.09999999999999999
    },
    "15": {
      "total_pnl_cents": -19.0,
      "hits": 8,
      "hit_rate": 0.5,
      "avg_pnl_per_match": -1.1875,
      "dpd_baby": -0.06785714285714285,
      "dpd_25ct": -0.16964285714285712,
      "dpd_80ct": -0.5428571428571428
    },
    "16": {
      "total_pnl_cents": -45.5,
      "hits": 7,
      "hit_rate": 0.4375,
      "avg_pnl_per_match": -2.84375,
      "dpd_baby": -0.1625,
      "dpd_25ct": -0.40625,
      "dpd_80ct": -1.3
    },
    "17": {
      "total_pnl_cents": -38.5,
      "hits": 7,
      "hit_rate": 0.4375,
      "avg_pnl_per_match": -2.40625,
      "dpd_baby": -0.1375,
      "dpd_25ct": -0.34375,
      "dpd_80ct": -1.1
    },
    "18": {
      "total_pnl_cents": -31.5,
      "hits": 7,
      "hit_rate": 0.4375,
      "avg_pnl_per_match": -1.96875,
      "dpd_baby": -0.1125,
      "dpd_25ct": -0.28125,
      "dpd_80ct": -0.9
    },
    "19": {
      "total_pnl_cents": -24.5,
      "hits": 7,
      "hit_rate": 0.4375,
      "avg_pnl_per_match": -1.53125,
      "dpd_baby": -0.08750000000000001,
      "dpd_25ct": -0.21875000000000003,
      "dpd_80ct": -0.7000000000000001
    },
    "20": {
      "total_pnl_cents": -56.0,
      "hits": 6,
      "hit_rate": 0.375,
      "avg_pnl_per_match": -3.5,
      "dpd_baby": -0.19999999999999998,
      "dpd_25ct": -0.49999999999999994,
      "dpd_80ct": -1.5999999999999999
    },
    "21": {
      "total_pnl_cents": -88.5,
      "hits": 5,
      "hit_rate": 0.3125,
      "avg_pnl_per_match": -5.53125,
      "dpd_baby": -0.31607142857142856,
      "dpd_25ct": -0.7901785714285714,
      "dpd_80ct": -2.5285714285714285
    },
    "22": {
      "total_pnl_cents": -83.5,
      "hits": 5,
      "hit_rate": 0.3125,
      "avg_pnl_per_match": -5.21875,
      "dpd_baby": -0.2982142857142857,
      "dpd_25ct": -0.7455357142857143,
      "dpd_80ct": -2.3857142857142857
    },
    "23": {
      "total_pnl_cents": -78.5,
      "hits": 5,
      "hit_rate": 0.3125,
      "avg_pnl_per_match": -4.90625,
      "dpd_baby": -0.28035714285714286,
      "dpd_25ct": -0.7008928571428572,
      "dpd_80ct": -2.242857142857143
    },
    "24": {
      "total_pnl_cents": -73.5,
      "hits": 5,
      "hit_rate": 0.3125,
      "avg_pnl_per_match": -4.59375,
      "dpd_baby": -0.2625,
      "dpd_25ct": -0.65625,
      "dpd_80ct": -2.1
    },
    "25": {
      "total_pnl_cents": -68.5,
      "hits": 5,
      "hit_rate": 0.3125,
      "avg_pnl_per_match": -4.28125,
      "dpd_baby": -0.24464285714285713,
      "dpd_25ct": -0.6116071428571428,
      "dpd_80ct": -1.957142857142857
    },
    "26": {
      "total_pnl_cents": -63.5,
      "hits": 5,
      "hit_rate": 0.3125,
      "avg_pnl_per_match": -3.96875,
      "dpd_baby": -0.22678571428571428,
      "dpd_25ct": -0.5669642857142857,
      "dpd_80ct": -1.8142857142857143
    },
    "27": {
      "total_pnl_cents": -58.5,
      "hits": 5,
      "hit_rate": 0.3125,
      "avg_pnl_per_match": -3.65625,
      "dpd_baby": -0.2089285714285714,
      "dpd_25ct": -0.5223214285714285,
      "dpd_80ct": -1.6714285714285713
    },
    "28": {
      "total_pnl_cents": -53.5,
      "hits": 5,
      "hit_rate": 0.3125,
      "avg_pnl_per_match": -3.34375,
      "dpd_baby": -0.19107142857142856,
      "dpd_25ct": -0.4776785714285714,
      "dpd_80ct": -1.5285714285714285
    },
    "29": {
      "total_pnl_cents": -48.5,
      "hits": 5,
      "hit_rate": 0.3125,
      "avg_pnl_per_match": -3.03125,
      "dpd_baby": -0.1732142857142857,
      "dpd_25ct": -0.4330357142857143,
      "dpd_80ct": -1.3857142857142857
    },
    "30": {
      "total_pnl_cents": -43.5,
      "hits": 5,
      "hit_rate": 0.3125,
      "avg_pnl_per_match": -2.71875,
      "dpd_baby": -0.15535714285714283,
      "dpd_25ct": -0.3883928571428571,
      "dpd_80ct": -1.2428571428571427
    },
    "31": {
      "total_pnl_cents": -38.5,
      "hits": 5,
      "hit_rate": 0.3125,
      "avg_pnl_per_match": -2.40625,
      "dpd_baby": -0.1375,
      "dpd_25ct": -0.34375,
      "dpd_80ct": -1.1
    },
    "32": {
      "total_pnl_cents": -33.5,
      "hits": 5,
      "hit_rate": 0.3125,
      "avg_pnl_per_match": -2.09375,
      "dpd_baby": -0.11964285714285715,
      "dpd_25ct": -0.29910714285714285,