{
  "cell": "ATP_MAIN_leader_60-64",
  "n_matches": 28,
  "bounce_distribution": {
    "min": -0.5,
    "p10": 0.5,
    "p25": 18.5,
    "p50": 34.5,
    "p75": 34.5,
    "p90": 36.5,
    "max": 38.5
  },
  "hold_dpd_baby": -1.2678571428571428,
  "best_exit": 13,
  "best_dpd_baby": -0.0375,
  "by_exit": {
    "1": {
      "total_pnl_cents": -158.5,
      "hits": 25,
      "hit_rate": 0.8928571428571429,
      "avg_pnl_per_match": -5.660714285714286,
      "dpd_baby": -0.5660714285714286,
      "dpd_25ct": -1.4151785714285714,
      "dpd_80ct": -4.5285714285714285
    },
    "2": {
      "total_pnl_cents": -199.0,
      "hits": 24,
      "hit_rate": 0.8571428571428571,
      "avg_pnl_per_match": -7.107142857142857,
      "dpd_baby": -0.7107142857142856,
      "dpd_25ct": -1.776785714285714,
      "dpd_80ct": -5.685714285714285
    },
    "3": {
      "total_pnl_cents": -175.0,
      "hits": 24,
      "hit_rate": 0.8571428571428571,
      "avg_pnl_per_match": -6.25,
      "dpd_baby": -0.625,
      "dpd_25ct": -1.5625,
      "dpd_80ct": -5.0
    },
    "4": {
      "total_pnl_cents": -151.0,
      "hits": 24,
      "hit_rate": 0.8571428571428571,
      "avg_pnl_per_match": -5.392857142857143,
      "dpd_baby": -0.5392857142857143,
      "dpd_25ct": -1.3482142857142856,
      "dpd_80ct": -4.314285714285714
    },
    "5": {
      "total_pnl_cents": -127.0,
      "hits": 24,
      "hit_rate": 0.8571428571428571,
      "avg_pnl_per_match": -4.535714285714286,
      "dpd_baby": -0.45357142857142857,
      "dpd_25ct": -1.1339285714285714,
      "dpd_80ct": -3.6285714285714286
    },
    "6": {
      "total_pnl_cents": -103.0,
      "hits": 24,
      "hit_rate": 0.8571428571428571,
      "avg_pnl_per_match": -3.6785714285714284,
      "dpd_baby": -0.3678571428571429,
      "dpd_25ct": -0.9196428571428572,
      "dpd_80ct": -2.942857142857143
    },
    "7": {
      "total_pnl_cents": -79.0,
      "hits": 24,
      "hit_rate": 0.8571428571428571,
      "avg_pnl_per_match": -2.8214285714285716,
      "dpd_baby": -0.28214285714285714,
      "dpd_25ct": -0.7053571428571428,
      "dpd_80ct": -2.257142857142857
    },
    "8": {
      "total_pnl_cents": -55.0,
      "hits": 24,
      "hit_rate": 0.8571428571428571,
      "avg_pnl_per_match": -1.9642857142857142,
      "dpd_baby": -0.19642857142857142,
      "dpd_25ct": -0.49107142857142855,
      "dpd_80ct": -1.5714285714285714
    },
    "9": {
      "total_pnl_cents": -31.0,
      "hits": 24,
      "hit_rate": 0.8571428571428571,
      "avg_pnl_per_match": -1.1071428571428572,
      "dpd_baby": -0.11071428571428572,
      "dpd_25ct": -0.2767857142857143,
      "dpd_80ct": -0.8857142857142858
    },
    "10": {
      "total_pnl_cents": -79.5,
      "hits": 23,
      "hit_rate": 0.8214285714285714,
      "avg_pnl_per_match": -2.8392857142857144,
      "dpd_baby": -0.2839285714285714,
      "dpd_25ct": -0.7098214285714286,
      "dpd_80ct": -2.2714285714285714
    },
    "11": {
      "total_pnl_cents": -56.5,
      "hits": 23,
      "hit_rate": 0.8214285714285714,
      "avg_pnl_per_match": -2.017857142857143,
      "dpd_baby": -0.2017857142857143,
      "dpd_25ct": -0.5044642857142857,
      "dpd_80ct": -1.6142857142857143
    },
    "12": {
      "total_pnl_cents": -33.5,
      "hits": 23,
      "hit_rate": 0.8214285714285714,
      "avg_pnl_per_match": -1.1964285714285714,
      "dpd_baby": -0.11964285714285715,
      "dpd_25ct": -0.29910714285714285,
      "dpd_80ct": -0.9571428571428572
    },
    "13": {
      "total_pnl_cents": -10.5,
      "hits": 23,
      "hit_rate": 0.8214285714285714,
      "avg_pnl_per_match": -0.375,
      "dpd_baby": -0.0375,
      "dpd_25ct": -0.09375,
      "dpd_80ct": -0.3
    },
    "14": {
      "total_pnl_cents": -62.0,
      "hits": 22,
      "hit_rate": 0.7857142857142857,
      "avg_pnl_per_match": -2.2142857142857144,
      "dpd_baby": -0.22142857142857145,
      "dpd_25ct": -0.5535714285714286,
      "dpd_80ct": -1.7714285714285716
    },
    "15": {
      "total_pnl_cents": -116.5,
      "hits": 21,
      "hit_rate": 0.75,
      "avg_pnl_per_match": -4.160714285714286,
      "dpd_baby": -0.4160714285714286,
      "dpd_25ct": -1.0401785714285714,
      "dpd_80ct": -3.3285714285714287
    },
    "16": {
      "total_pnl_cents": -95.5,
      "hits": 21,
      "hit_rate": 0.75,
      "avg_pnl_per_match": -3.4107142857142856,
      "dpd_baby": -0.3410714285714286,
      "dpd_25ct": -0.8526785714285714,
      "dpd_80ct": -2.7285714285714286
    },
    "17": {
      "total_pnl_cents": -74.5,
      "hits": 21,
      "hit_rate": 0.75,
      "avg_pnl_per_match": -2.6607142857142856,
      "dpd_baby": -0.26607142857142857,
      "dpd_25ct": -0.6651785714285714,
      "dpd_80ct": -2.1285714285714286
    },
    "18": {
      "total_pnl_cents": -53.5,
      "hits": 21,
      "hit_rate": 0.75,
      "avg_pnl_per_match": -1.9107142857142858,
      "dpd_baby": -0.19107142857142856,
      "dpd_25ct": -0.4776785714285714,
      "dpd_80ct": -1.5285714285714285
    },
    "19": {
      "total_pnl_cents": -115.0,
      "hits": 20,
      "hit_rate": 0.7142857142857143,
      "avg_pnl_per_match": -4.107142857142857,
      "dpd_baby": -0.4107142857142857,
      "dpd_25ct": -1.0267857142857142,
      "dpd_80ct": -3.2857142857142856
    },
    "20": {
      "total_pnl_cents": -95.0,
      "hits": 20,
      "hit_rate": 0.7142857142857143,
      "avg_pnl_per_match": -3.392857142857143,
      "dpd_baby": -0.3392857142857143,
      "dpd_25ct": -0.8482142857142858,
      "dpd_80ct": -2.7142857142857144
    },
    "21": {
      "total_pnl_cents": -75.0,
      "hits": 20,
      "hit_rate": 0.7142857142857143,
      "avg_pnl_per_match": -2.6785714285714284,
      "dpd_baby": -0.26785714285714285,
      "dpd_25ct": -0.6696428571428571,
      "dpd_80ct": -2.142857142857143
    },
    "22": {
      "total_pnl_cents": -55.0,
      "hits": 20,
      "hit_rate": 0.7142857142857143,
      "avg_pnl_per_match": -1.9642857142857142,
      "dpd_baby": -0.19642857142857142,
      "dpd_25ct": -0.49107142857142855,
      "dpd_80ct": -1.5714285714285714
    },
    "23": {
      "total_pnl_cents": -121.5,
      "hits": 19,
      "hit_rate": 0.6785714285714286,
      "avg_pnl_per_match": -4.339285714285714,
      "dpd_baby": -0.43392857142857144,
      "dpd_25ct": -1.0848214285714286,
      "dpd_80ct": -3.4714285714285715
    },
    "24": {
      "total_pnl_cents": -190.0,
      "hits": 18,
      "hit_rate": 0.6428571428571429,
      "avg_pnl_per_match": -6.785714285714286,
      "dpd_baby": -0.6785714285714286,
      "dpd_25ct": -1.6964285714285716,
      "dpd_80ct": -5.428571428571429
    },
    "25": {
      "total_pnl_cents": -172.0,
      "hits": 18,
      "hit_rate": 0.6428571428571429,
      "avg_pnl_per_match": -6.142857142857143,
      "dpd_baby": -0.6142857142857142,
      "dpd_25ct": -1.5357142857142856,
      "dpd_80ct": -4.914285714285714
    },
    "26": {
      "total_pnl_cents": -154.0,
      "hits": 18,
      "hit_rate": 0.6428571428571429,
      "avg_pnl_per_match": -5.5,
      "dpd_baby": -0.55,
      "dpd_25ct": -1.375,
      "dpd_80ct": -4.4
    },
    "27": {
      "total_pnl_cents": -136.0,
      "hits": 18,
      "hit_rate": 0.6428571428571429,
      "avg_pnl_per_match": -4.857142857142857,
      "dpd_baby": -0.4857142857142857,
      "dpd_25ct": -1.2142857142857142,
      "dpd_80ct": -3.8857142857142857
    },
    "28": {
      "total_pnl_cents": -118.0,
      "hits": 18,
      "hit_rate": 0.6428571428571429,
      "avg_pnl_per_match": -4.214285714285714,
      "dpd_baby": -0.42142857142857143,
      "dpd_25ct": -1.0535714285714286,
      "dpd_80ct": -3.3714285714285714
    },
    "29": {
      "total_pnl_cents": -100.0,
      "hits": 18,
      "hit_rate": 0.6428571428571429,
      "avg_pnl_per_match": -3.5714285714285716,
      "dpd_baby": -0.35714285714285715,
      "dpd_25ct": -0.8928571428571429,
      "dpd_80ct": -2.857142857142857
    },
    "30": {
      "total_pnl_cents": -82.0,