{
  "cell": "ATP_MAIN_underdog_35-39",
  "n_matches": 16,
  "bounce_distribution": {
    "min": 1.5,
    "p10": 9.0,
    "p25": 25.5,
    "p50": 41.5,
    "p75": 59.0,
    "p90": 59.5,
    "max": 60.5
  },
  "hold_dpd_baby": -1.0857142857142856,
  "best_exit": 32,
  "best_dpd_baby": 0.5839285714285715,
  "by_exit": {
    "1": {
      "total_pnl_cents": 16,
      "hits": 16,
      "hit_rate": 1.0,
      "avg_pnl_per_match": 1.0,
      "dpd_baby": 0.05714285714285715,
      "dpd_25ct": 0.14285714285714288,
      "dpd_80ct": 0.4571428571428572
    },
    "2": {
      "total_pnl_cents": -8.5,
      "hits": 15,
      "hit_rate": 0.9375,
      "avg_pnl_per_match": -0.53125,
      "dpd_baby": -0.030357142857142857,
      "dpd_25ct": -0.07589285714285714,
      "dpd_80ct": -0.24285714285714285
    },
    "3": {
      "total_pnl_cents": 6.5,
      "hits": 15,
      "hit_rate": 0.9375,
      "avg_pnl_per_match": 0.40625,
      "dpd_baby": 0.023214285714285715,
      "dpd_25ct": 0.05803571428571429,
      "dpd_80ct": 0.18571428571428572
    },
    "4": {
      "total_pnl_cents": 21.5,
      "hits": 15,
      "hit_rate": 0.9375,
      "avg_pnl_per_match": 1.34375,
      "dpd_baby": 0.07678571428571428,
      "dpd_25ct": 0.1919642857142857,
      "dpd_80ct": 0.6142857142857142
    },
    "5": {
      "total_pnl_cents": 36.5,
      "hits": 15,
      "hit_rate": 0.9375,
      "avg_pnl_per_match": 2.28125,
      "dpd_baby": 0.13035714285714287,
      "dpd_25ct": 0.32589285714285715,
      "dpd_80ct": 1.042857142857143
    },
    "6": {
      "total_pnl_cents": 51.5,
      "hits": 15,
      "hit_rate": 0.9375,
      "avg_pnl_per_match": 3.21875,
      "dpd_baby": 0.18392857142857144,
      "dpd_25ct": 0.4598214285714286,
      "dpd_80ct": 1.4714285714285715
    },
    "7": {
      "total_pnl_cents": 66.5,
      "hits": 15,
      "hit_rate": 0.9375,
      "avg_pnl_per_match": 4.15625,
      "dpd_baby": 0.23750000000000002,
      "dpd_25ct": 0.59375,
      "dpd_80ct": 1.9000000000000001
    },
    "8": {
      "total_pnl_cents": 81.5,
      "hits": 15,
      "hit_rate": 0.9375,
      "avg_pnl_per_match": 5.09375,
      "dpd_baby": 0.2910714285714286,
      "dpd_25ct": 0.7276785714285715,
      "dpd_80ct": 2.3285714285714287
    },
    "9": {
      "total_pnl_cents": 96.5,
      "hits": 15,
      "hit_rate": 0.9375,
      "avg_pnl_per_match": 6.03125,
      "dpd_baby": 0.34464285714285714,
      "dpd_25ct": 0.8616071428571428,
      "dpd_80ct": 2.757142857142857
    },
    "10": {
      "total_pnl_cents": 64.0,
      "hits": 14,
      "hit_rate": 0.875,
      "avg_pnl_per_match": 4.0,
      "dpd_baby": 0.2285714285714286,
      "dpd_25ct": 0.5714285714285715,
      "dpd_80ct": 1.8285714285714287
    },
    "11": {
      "total_pnl_cents": 29.5,
      "hits": 13,
      "hit_rate": 0.8125,
      "avg_pnl_per_match": 1.84375,
      "dpd_baby": 0.10535714285714286,
      "dpd_25ct": 0.26339285714285715,
      "dpd_80ct": 0.8428571428571429
    },
    "12": {
      "total_pnl_cents": 42.5,
      "hits": 13,
      "hit_rate": 0.8125,
      "avg_pnl_per_match": 2.65625,
      "dpd_baby": 0.15178571428571427,
      "dpd_25ct": 0.3794642857142857,
      "dpd_80ct": 1.2142857142857142
    },
    "13": {
      "total_pnl_cents": 55.5,
      "hits": 13,
      "hit_rate": 0.8125,
      "avg_pnl_per_match": 3.46875,
      "dpd_baby": 0.1982142857142857,
      "dpd_25ct": 0.49553571428571425,
      "dpd_80ct": 1.5857142857142856
    },
    "14": {
      "total_pnl_cents": 16.0,
      "hits": 12,
      "hit_rate": 0.75,
      "avg_pnl_per_match": 1.0,
      "dpd_baby": 0.05714285714285715,
      "dpd_25ct": 0.14285714285714288,
      "dpd_80ct": 0.4571428571428572
    },
    "15": {
      "total_pnl_cents": 28.0,
      "hits": 12,
      "hit_rate": 0.75,
      "avg_pnl_per_match": 1.75,
      "dpd_baby": 0.09999999999999999,
      "dpd_25ct": 0.24999999999999997,
      "dpd_80ct": 0.7999999999999999
    },
    "16": {
      "total_pnl_cents": 40.0,
      "hits": 12,
      "hit_rate": 0.75,
      "avg_pnl_per_match": 2.5,
      "dpd_baby": 0.14285714285714285,
      "dpd_25ct": 0.3571428571428571,
      "dpd_80ct": 1.1428571428571428
    },
    "17": {
      "total_pnl_cents": 52.0,
      "hits": 12,
      "hit_rate": 0.75,
      "avg_pnl_per_match": 3.25,
      "dpd_baby": 0.18571428571428572,
      "dpd_25ct": 0.4642857142857143,
      "dpd_80ct": 1.4857142857142858
    },
    "18": {
      "total_pnl_cents": 64.0,
      "hits": 12,
      "hit_rate": 0.75,
      "avg_pnl_per_match": 4.0,
      "dpd_baby": 0.2285714285714286,
      "dpd_25ct": 0.5714285714285715,
      "dpd_80ct": 1.8285714285714287
    },
    "19": {
      "total_pnl_cents": 76.0,
      "hits": 12,
      "hit_rate": 0.75,
      "avg_pnl_per_match": 4.75,
      "dpd_baby": 0.2714285714285714,
      "dpd_25ct": 0.6785714285714285,
      "dpd_80ct": 2.1714285714285713
    },
    "20": {
      "total_pnl_cents": 88.0,
      "hits": 12,
      "hit_rate": 0.75,
      "avg_pnl_per_match": 5.5,
      "dpd_baby": 0.31428571428571433,
      "dpd_25ct": 0.7857142857142858,
      "dpd_80ct": 2.5142857142857147
    },
    "21": {
      "total_pnl_cents": 100.0,
      "hits": 12,
      "hit_rate": 0.75,
      "avg_pnl_per_match": 6.25,
      "dpd_baby": 0.35714285714285715,
      "dpd_25ct": 0.8928571428571429,
      "dpd_80ct": 2.857142857142857
    },
    "22": {
      "total_pnl_cents": 112.0,
      "hits": 12,
      "hit_rate": 0.75,
      "avg_pnl_per_match": 7.0,
      "dpd_baby": 0.39999999999999997,
      "dpd_25ct": 0.9999999999999999,
      "dpd_80ct": 3.1999999999999997
    },
    "23": {
      "total_pnl_cents": 124.0,
      "hits": 12,
      "hit_rate": 0.75,
      "avg_pnl_per_match": 7.75,
      "dpd_baby": 0.4428571428571429,
      "dpd_25ct": 1.1071428571428572,
      "dpd_80ct": 3.542857142857143
    },
    "24": {
      "total_pnl_cents": 136.0,
      "hits": 12,
      "hit_rate": 0.75,
      "avg_pnl_per_match": 8.5,
      "dpd_baby": 0.4857142857142857,
      "dpd_25ct": 1.2142857142857142,
      "dpd_80ct": 3.8857142857142857
    },
    "25": {
      "total_pnl_cents": 148.0,
      "hits": 12,
      "hit_rate": 0.75,
      "avg_pnl_per_match": 9.25,
      "dpd_baby": 0.5285714285714286,
      "dpd_25ct": 1.3214285714285714,
      "dpd_80ct": 4.228571428571429
    },
    "26": {
      "total_pnl_cents": 97.5,
      "hits": 11,
      "hit_rate": 0.6875,
      "avg_pnl_per_match": 6.09375,
      "dpd_baby": 0.3482142857142857,
      "dpd_25ct": 0.8705357142857142,
      "dpd_80ct": 2.7857142857142856
    },
    "27": {
      "total_pnl_cents": 108.5,
      "hits": 11,
      "hit_rate": 0.6875,
      "avg_pnl_per_match": 6.78125,
      "dpd_baby": 0.3875,
      "dpd_25ct": 0.96875,
      "dpd_80ct": 3.1
    },
    "28": {
      "total_pnl_cents": 119.5,
      "hits": 11,
      "hit_rate": 0.6875,
      "avg_pnl_per_match": 7.46875,
      "dpd_baby": 0.42678571428571427,
      "dpd_25ct": 1.0669642857142856,
      "dpd_80ct": 3.414285714285714
    },
    "29": {
      "total_pnl_cents": 130.5,
      "hits": 11,
      "hit_rate": 0.6875,
      "avg_pnl_per_match": 8.15625,
      "dpd_baby": 0.4660714285714286,
      "dpd_25ct": 1.1651785714285714,
      "dpd_80ct": 3.7285714285714286
    },
    "30": {
      "total_pnl_cents": 141.5,
      "hits": 11,
      "hit_rate": 0.6875,
      "avg_pnl_per_match": 8.84375,
      "dpd_baby": 0.5053571428571428,
      "dpd_25ct": 1.2633928571428572,
      "dpd_80ct": 4.042857142857143
    },
    "31": {
      "total_pnl_cents": 152.5,
      "hits": 11,
      "hit_rate": 0.6875,
      "avg_pnl_per_match": 9.53125,
      "dpd_baby": 0.5446428571428571,
      "dpd_25ct": 1.3616071428571428,
      "dpd_80ct": 4.357142857142857
    },
    "32": {
      "total_pnl_cents": 163.5,
      "hits": 11,
      "hit_rate": 0.6875,
      "avg_pnl_per_match": 10.21875,
      "dpd_baby": 0.5839285714285715,
      "dpd_25ct": 1.4598214285714286,
      "dpd_80ct": 4.671428571428572
    },