{
  "cell": "ATP_CHALL_underdog_35-39",
  "n_matches": 24,
  "bounce_distribution": {
    "min": 7.5,
    "p10": 11.5,
    "p25": 15.5,
    "p50": 32.5,
    "p75": 59.5,
    "p90": 60.5,
    "max": 61.5
  },
  "hold_dpd_baby": -1.4392857142857143,
  "best_exit": 7,
  "best_dpd_baby": 0.6,
  "by_exit": {
    "1": {
      "total_pnl_cents": 24,
      "hits": 24,
      "hit_rate": 1.0,
      "avg_pnl_per_match": 1.0,
      "dpd_baby": 0.08571428571428572,
      "dpd_25ct": 0.2142857142857143,
      "dpd_80ct": 0.6857142857142857
    },
    "2": {
      "total_pnl_cents": 48,
      "hits": 24,
      "hit_rate": 1.0,
      "avg_pnl_per_match": 2.0,
      "dpd_baby": 0.17142857142857143,
      "dpd_25ct": 0.4285714285714286,
      "dpd_80ct": 1.3714285714285714
    },
    "3": {
      "total_pnl_cents": 72,
      "hits": 24,
      "hit_rate": 1.0,
      "avg_pnl_per_match": 3.0,
      "dpd_baby": 0.2571428571428572,
      "dpd_25ct": 0.6428571428571429,
      "dpd_80ct": 2.0571428571428574
    },
    "4": {
      "total_pnl_cents": 96,
      "hits": 24,
      "hit_rate": 1.0,
      "avg_pnl_per_match": 4.0,
      "dpd_baby": 0.34285714285714286,
      "dpd_25ct": 0.8571428571428572,
      "dpd_80ct": 2.742857142857143
    },
    "5": {
      "total_pnl_cents": 120,
      "hits": 24,
      "hit_rate": 1.0,
      "avg_pnl_per_match": 5.0,
      "dpd_baby": 0.42857142857142855,
      "dpd_25ct": 1.0714285714285714,
      "dpd_80ct": 3.4285714285714284
    },
    "6": {
      "total_pnl_cents": 144,
      "hits": 24,
      "hit_rate": 1.0,
      "avg_pnl_per_match": 6.0,
      "dpd_baby": 0.5142857142857143,
      "dpd_25ct": 1.2857142857142858,
      "dpd_80ct": 4.114285714285715
    },
    "7": {
      "total_pnl_cents": 168,
      "hits": 24,
      "hit_rate": 1.0,
      "avg_pnl_per_match": 7.0,
      "dpd_baby": 0.6,
      "dpd_25ct": 1.5,
      "dpd_80ct": 4.8
    },
    "8": {
      "total_pnl_cents": 102.0,
      "hits": 22,
      "hit_rate": 0.9166666666666666,
      "avg_pnl_per_match": 4.25,
      "dpd_baby": 0.36428571428571427,
      "dpd_25ct": 0.9107142857142857,
      "dpd_80ct": 2.914285714285714
    },
    "9": {
      "total_pnl_cents": 124.0,
      "hits": 22,
      "hit_rate": 0.9166666666666666,
      "avg_pnl_per_match": 5.166666666666667,
      "dpd_baby": 0.4428571428571429,
      "dpd_25ct": 1.1071428571428572,
      "dpd_80ct": 3.542857142857143
    },
    "10": {
      "total_pnl_cents": 146.0,
      "hits": 22,
      "hit_rate": 0.9166666666666666,
      "avg_pnl_per_match": 6.083333333333333,
      "dpd_baby": 0.5214285714285715,
      "dpd_25ct": 1.3035714285714286,
      "dpd_80ct": 4.171428571428572
    },
    "11": {
      "total_pnl_cents": 168.0,
      "hits": 22,
      "hit_rate": 0.9166666666666666,
      "avg_pnl_per_match": 7.0,
      "dpd_baby": 0.6,
      "dpd_25ct": 1.5,
      "dpd_80ct": 4.8
    },
    "12": {
      "total_pnl_cents": 140.5,
      "hits": 21,
      "hit_rate": 0.875,
      "avg_pnl_per_match": 5.854166666666667,
      "dpd_baby": 0.5017857142857143,
      "dpd_25ct": 1.2544642857142856,
      "dpd_80ct": 4.014285714285714
    },
    "13": {
      "total_pnl_cents": 111.0,
      "hits": 20,
      "hit_rate": 0.8333333333333334,
      "avg_pnl_per_match": 4.625,
      "dpd_baby": 0.3964285714285714,
      "dpd_25ct": 0.9910714285714285,
      "dpd_80ct": 3.1714285714285713
    },
    "14": {
      "total_pnl_cents": 79.5,
      "hits": 19,
      "hit_rate": 0.7916666666666666,
      "avg_pnl_per_match": 3.3125,
      "dpd_baby": 0.2839285714285714,
      "dpd_25ct": 0.7098214285714286,
      "dpd_80ct": 2.2714285714285714
    },
    "15": {
      "total_pnl_cents": 46.0,
      "hits": 18,
      "hit_rate": 0.75,
      "avg_pnl_per_match": 1.9166666666666667,
      "dpd_baby": 0.16428571428571428,
      "dpd_25ct": 0.4107142857142857,
      "dpd_80ct": 1.3142857142857143
    },
    "16": {
      "total_pnl_cents": 10.5,
      "hits": 17,
      "hit_rate": 0.7083333333333334,
      "avg_pnl_per_match": 0.4375,
      "dpd_baby": 0.0375,
      "dpd_25ct": 0.09375,
      "dpd_80ct": 0.3
    },
    "17": {
      "total_pnl_cents": 27.5,
      "hits": 17,
      "hit_rate": 0.7083333333333334,
      "avg_pnl_per_match": 1.1458333333333333,
      "dpd_baby": 0.09821428571428571,
      "dpd_25ct": 0.24553571428571427,
      "dpd_80ct": 0.7857142857142857
    },
    "18": {
      "total_pnl_cents": -66.5,
      "hits": 15,
      "hit_rate": 0.625,
      "avg_pnl_per_match": -2.7708333333333335,
      "dpd_baby": -0.23750000000000002,
      "dpd_25ct": -0.59375,
      "dpd_80ct": -1.9000000000000001
    },
    "19": {
      "total_pnl_cents": -51.5,
      "hits": 15,
      "hit_rate": 0.625,
      "avg_pnl_per_match": -2.1458333333333335,
      "dpd_baby": -0.18392857142857144,
      "dpd_25ct": -0.4598214285714286,
      "dpd_80ct": -1.4714285714285715
    },
    "20": {
      "total_pnl_cents": -36.5,
      "hits": 15,
      "hit_rate": 0.625,
      "avg_pnl_per_match": -1.5208333333333333,
      "dpd_baby": -0.13035714285714287,
      "dpd_25ct": -0.32589285714285715,
      "dpd_80ct": -1.042857142857143
    },
    "21": {
      "total_pnl_cents": -138.5,
      "hits": 13,
      "hit_rate": 0.5416666666666666,
      "avg_pnl_per_match": -5.770833333333333,
      "dpd_baby": -0.4946428571428571,
      "dpd_25ct": -1.2366071428571428,
      "dpd_80ct": -3.957142857142857
    },
    "22": {
      "total_pnl_cents": -125.5,
      "hits": 13,
      "hit_rate": 0.5416666666666666,
      "avg_pnl_per_match": -5.229166666666667,
      "dpd_baby": -0.44821428571428573,
      "dpd_25ct": -1.1205357142857144,
      "dpd_80ct": -3.585714285714286
    },
    "23": {
      "total_pnl_cents": -112.5,
      "hits": 13,
      "hit_rate": 0.5416666666666666,
      "avg_pnl_per_match": -4.6875,
      "dpd_baby": -0.4017857142857143,
      "dpd_25ct": -1.0044642857142858,
      "dpd_80ct": -3.2142857142857144
    },
    "24": {
      "total_pnl_cents": -99.5,
      "hits": 13,
      "hit_rate": 0.5416666666666666,
      "avg_pnl_per_match": -4.145833333333333,
      "dpd_baby": -0.3553571428571428,
      "dpd_25ct": -0.888392857142857,
      "dpd_80ct": -2.8428571428571425
    },
    "25": {
      "total_pnl_cents": -86.5,
      "hits": 13,
      "hit_rate": 0.5416666666666666,
      "avg_pnl_per_match": -3.6041666666666665,
      "dpd_baby": -0.30892857142857144,
      "dpd_25ct": -0.7723214285714286,
      "dpd_80ct": -2.4714285714285715
    },
    "26": {
      "total_pnl_cents": -73.5,
      "hits": 13,
      "hit_rate": 0.5416666666666666,
      "avg_pnl_per_match": -3.0625,
      "dpd_baby": -0.2625,
      "dpd_25ct": -0.65625,
      "dpd_80ct": -2.1
    },
    "27": {
      "total_pnl_cents": -60.5,
      "hits": 13,
      "hit_rate": 0.5416666666666666,
      "avg_pnl_per_match": -2.5208333333333335,
      "dpd_baby": -0.21607142857142855,
      "dpd_25ct": -0.5401785714285714,
      "dpd_80ct": -1.7285714285714284
    },
    "28": {
      "total_pnl_cents": -113.0,
      "hits": 12,
      "hit_rate": 0.5,
      "avg_pnl_per_match": -4.708333333333333,
      "dpd_baby": -0.4035714285714286,
      "dpd_25ct": -1.0089285714285714,
      "dpd_80ct": -3.2285714285714286
    },
    "29": {
      "total_pnl_cents": -101.0,
      "hits": 12,
      "hit_rate": 0.5,
      "avg_pnl_per_match": -4.208333333333333,
      "dpd_baby": -0.3607142857142857,
      "dpd_25ct": -0.9017857142857143,
      "dpd_80ct": -2.8857142857142857
    },
    "30": {
      "total_pnl_cents": -89.0,
      "hits": 12,
      "hit_rate": 0.5,
      "avg_pnl_per_match": -3.7083333333333335,
      "dpd_baby": -0.3178571428571429,
      "dpd_25ct": -0.7946428571428572,
      "dpd_80ct": -2.542857142857143
    },
    "31": {
      "total_pnl_cents": -77.0,
      "hits": 12,
      "hit_rate": 0.5,
      "avg_pnl_per_match": -3.2083333333333335,
      "dpd_baby": -0.275,
      "dpd_25ct": -0.6875,
      "dpd_80ct": -2.2
    },