{
  "cell": "ATP_MAIN_underdog_30-34",
  "n_matches": 11,
  "bounce_distribution": {
    "min": 1.0,
    "p10": 1.5,
    "p25": 8.0,
    "p50": 24.0,
    "p75": 64.5,
    "p90": 66.5,
    "max": 66.5
  },
  "hold_dpd_baby": -0.1875,
  "best_exit": 64,
  "best_dpd_baby": 0.1285714285714286,
  "by_exit": {
    "1": {
      "total_pnl_cents": 11,
      "hits": 11,
      "hit_rate": 1.0,
      "avg_pnl_per_match": 1.0,
      "dpd_baby": 0.03928571428571429,
      "dpd_25ct": 0.09821428571428573,
      "dpd_80ct": 0.31428571428571433
    },
    "2": {
      "total_pnl_cents": -45.0,
      "hits": 9,
      "hit_rate": 0.8181818181818182,
      "avg_pnl_per_match": -4.090909090909091,
      "dpd_baby": -0.16071428571428573,
      "dpd_25ct": -0.4017857142857143,
      "dpd_80ct": -1.2857142857142858
    },
    "3": {
      "total_pnl_cents": -36.0,
      "hits": 9,
      "hit_rate": 0.8181818181818182,
      "avg_pnl_per_match": -3.272727272727273,
      "dpd_baby": -0.1285714285714286,
      "dpd_25ct": -0.32142857142857145,
      "dpd_80ct": -1.0285714285714287
    },
    "4": {
      "total_pnl_cents": -27.0,
      "hits": 9,
      "hit_rate": 0.8181818181818182,
      "avg_pnl_per_match": -2.4545454545454546,
      "dpd_baby": -0.09642857142857143,
      "dpd_25ct": -0.24107142857142858,
      "dpd_80ct": -0.7714285714285715
    },
    "5": {
      "total_pnl_cents": -18.0,
      "hits": 9,
      "hit_rate": 0.8181818181818182,
      "avg_pnl_per_match": -1.6363636363636365,
      "dpd_baby": -0.0642857142857143,
      "dpd_25ct": -0.16071428571428573,
      "dpd_80ct": -0.5142857142857143
    },
    "6": {
      "total_pnl_cents": -9.0,
      "hits": 9,
      "hit_rate": 0.8181818181818182,
      "avg_pnl_per_match": -0.8181818181818182,
      "dpd_baby": -0.03214285714285715,
      "dpd_25ct": -0.08035714285714286,
      "dpd_80ct": -0.2571428571428572
    },
    "7": {
      "total_pnl_cents": 0.0,
      "hits": 9,
      "hit_rate": 0.8181818181818182,
      "avg_pnl_per_match": 0.0,
      "dpd_baby": 0.0,
      "dpd_25ct": 0.0,
      "dpd_80ct": 0.0
    },
    "8": {
      "total_pnl_cents": 9.0,
      "hits": 9,
      "hit_rate": 0.8181818181818182,
      "avg_pnl_per_match": 0.8181818181818182,
      "dpd_baby": 0.03214285714285715,
      "dpd_25ct": 0.08035714285714286,
      "dpd_80ct": 0.2571428571428572
    },
    "9": {
      "total_pnl_cents": -23.5,
      "hits": 8,
      "hit_rate": 0.7272727272727273,
      "avg_pnl_per_match": -2.1363636363636362,
      "dpd_baby": -0.08392857142857144,
      "dpd_25ct": -0.2098214285714286,
      "dpd_80ct": -0.6714285714285715
    },
    "10": {
      "total_pnl_cents": -15.5,
      "hits": 8,
      "hit_rate": 0.7272727272727273,
      "avg_pnl_per_match": -1.4090909090909092,
      "dpd_baby": -0.05535714285714286,
      "dpd_25ct": -0.13839285714285715,
      "dpd_80ct": -0.4428571428571429
    },
    "11": {
      "total_pnl_cents": -7.5,
      "hits": 8,
      "hit_rate": 0.7272727272727273,
      "avg_pnl_per_match": -0.6818181818181818,
      "dpd_baby": -0.026785714285714284,
      "dpd_25ct": -0.06696428571428571,
      "dpd_80ct": -0.21428571428571427
    },
    "12": {
      "total_pnl_cents": 0.5,
      "hits": 8,
      "hit_rate": 0.7272727272727273,
      "avg_pnl_per_match": 0.045454545454545456,
      "dpd_baby": 0.0017857142857142859,
      "dpd_25ct": 0.004464285714285715,
      "dpd_80ct": 0.014285714285714287
    },
    "13": {
      "total_pnl_cents": 8.5,
      "hits": 8,
      "hit_rate": 0.7272727272727273,
      "avg_pnl_per_match": 0.7727272727272727,
      "dpd_baby": 0.030357142857142857,
      "dpd_25ct": 0.07589285714285714,
      "dpd_80ct": 0.24285714285714285
    },
    "14": {
      "total_pnl_cents": 16.5,
      "hits": 8,
      "hit_rate": 0.7272727272727273,
      "avg_pnl_per_match": 1.5,
      "dpd_baby": 0.05892857142857143,
      "dpd_25ct": 0.14732142857142858,
      "dpd_80ct": 0.4714285714285714
    },
    "15": {
      "total_pnl_cents": 24.5,
      "hits": 8,
      "hit_rate": 0.7272727272727273,
      "avg_pnl_per_match": 2.227272727272727,
      "dpd_baby": 0.08750000000000001,
      "dpd_25ct": 0.21875000000000003,
      "dpd_80ct": 0.7000000000000001
    },
    "16": {
      "total_pnl_cents": -15.0,
      "hits": 7,
      "hit_rate": 0.6363636363636364,
      "avg_pnl_per_match": -1.3636363636363635,
      "dpd_baby": -0.05357142857142857,
      "dpd_25ct": -0.13392857142857142,
      "dpd_80ct": -0.42857142857142855
    },
    "17": {
      "total_pnl_cents": -8.0,
      "hits": 7,
      "hit_rate": 0.6363636363636364,
      "avg_pnl_per_match": -0.7272727272727273,
      "dpd_baby": -0.028571428571428574,
      "dpd_25ct": -0.07142857142857144,
      "dpd_80ct": -0.2285714285714286
    },
    "18": {
      "total_pnl_cents": -1.0,
      "hits": 7,
      "hit_rate": 0.6363636363636364,
      "avg_pnl_per_match": -0.09090909090909091,
      "dpd_baby": -0.0035714285714285718,
      "dpd_25ct": -0.00892857142857143,
      "dpd_80ct": -0.028571428571428574
    },
    "19": {
      "total_pnl_cents": -44.5,
      "hits": 6,
      "hit_rate": 0.5454545454545454,
      "avg_pnl_per_match": -4.045454545454546,
      "dpd_baby": -0.15892857142857145,
      "dpd_25ct": -0.3973214285714286,
      "dpd_80ct": -1.2714285714285716
    },
    "20": {
      "total_pnl_cents": -38.5,
      "hits": 6,
      "hit_rate": 0.5454545454545454,
      "avg_pnl_per_match": -3.5,
      "dpd_baby": -0.1375,
      "dpd_25ct": -0.34375,
      "dpd_80ct": -1.1
    },
    "21": {
      "total_pnl_cents": -32.5,
      "hits": 6,
      "hit_rate": 0.5454545454545454,
      "avg_pnl_per_match": -2.9545454545454546,
      "dpd_baby": -0.11607142857142858,
      "dpd_25ct": -0.29017857142857145,
      "dpd_80ct": -0.9285714285714286
    },
    "22": {
      "total_pnl_cents": -26.5,
      "hits": 6,
      "hit_rate": 0.5454545454545454,
      "avg_pnl_per_match": -2.409090909090909,
      "dpd_baby": -0.09464285714285714,
      "dpd_25ct": -0.23660714285714285,
      "dpd_80ct": -0.7571428571428571
    },
    "23": {
      "total_pnl_cents": -20.5,
      "hits": 6,
      "hit_rate": 0.5454545454545454,
      "avg_pnl_per_match": -1.8636363636363635,
      "dpd_baby": -0.0732142857142857,
      "dpd_25ct": -0.18303571428571425,
      "dpd_80ct": -0.5857142857142856
    },
    "24": {
      "total_pnl_cents": -14.5,
      "hits": 6,
      "hit_rate": 0.5454545454545454,
      "avg_pnl_per_match": -1.3181818181818181,
      "dpd_baby": -0.05178571428571428,
      "dpd_25ct": -0.1294642857142857,
      "dpd_80ct": -0.41428571428571426
    },
    "25": {
      "total_pnl_cents": -66.0,
      "hits": 5,
      "hit_rate": 0.45454545454545453,
      "avg_pnl_per_match": -6.0,
      "dpd_baby": -0.2357142857142857,
      "dpd_25ct": -0.5892857142857143,
      "dpd_80ct": -1.8857142857142857
    },
    "26": {
      "total_pnl_cents": -61.0,
      "hits": 5,
      "hit_rate": 0.45454545454545453,
      "avg_pnl_per_match": -5.545454545454546,
      "dpd_baby": -0.21785714285714283,
      "dpd_25ct": -0.5446428571428571,
      "dpd_80ct": -1.7428571428571427
    },
    "27": {
      "total_pnl_cents": -114.5,
      "hits": 4,
      "hit_rate": 0.36363636363636365,
      "avg_pnl_per_match": -10.409090909090908,
      "dpd_baby": -0.4089285714285714,
      "dpd_25ct": -1.0223214285714286,
      "dpd_80ct": -3.2714285714285714
    },
    "28": {
      "total_pnl_cents": -110.5,
      "hits": 4,
      "hit_rate": 0.36363636363636365,
      "avg_pnl_per_match": -10.045454545454545,
      "dpd_baby": -0.3946428571428572,
      "dpd_25ct": -0.986607142857143,
      "dpd_80ct": -3.1571428571428575
    },
    "29": {
      "total_pnl_cents": -106.5,
      "hits": 4,
      "hit_rate": 0.36363636363636365,
      "avg_pnl_per_match": -9.681818181818182,
      "dpd_baby": -0.3803571428571429,
      "dpd_25ct": -0.9508928571428572,
      "dpd_80ct": -3.042857142857143
    },