{
  "cell": "ATP_MAIN_leader_75-79",
  "n_matches": 9,
  "bounce_distribution": {
    "min": 2.5,
    "p10": 2.5,
    "p25": 22.5,
    "p50": 22.5,
    "p75": 22.5,
    "p90": 23.0,
    "max": 23.0
  },
  "hold_dpd_baby": 0.048214285714285716,
  "best_exit": 22,
  "best_dpd_baby": 0.3607142857142857,
  "by_exit": {
    "1": {
      "total_pnl_cents": 9,
      "hits": 9,
      "hit_rate": 1.0,
      "avg_pnl_per_match": 1.0,
      "dpd_baby": 0.03214285714285715,
      "dpd_25ct": 0.08035714285714286,
      "dpd_80ct": 0.2571428571428572
    },
    "2": {
      "total_pnl_cents": 18,
      "hits": 9,
      "hit_rate": 1.0,
      "avg_pnl_per_match": 2.0,
      "dpd_baby": 0.0642857142857143,
      "dpd_25ct": 0.16071428571428573,
      "dpd_80ct": 0.5142857142857143
    },
    "3": {
      "total_pnl_cents": -51.5,
      "hits": 8,
      "hit_rate": 0.8888888888888888,
      "avg_pnl_per_match": -5.722222222222222,
      "dpd_baby": -0.18392857142857144,
      "dpd_25ct": -0.4598214285714286,
      "dpd_80ct": -1.4714285714285715
    },
    "4": {
      "total_pnl_cents": -43.5,
      "hits": 8,
      "hit_rate": 0.8888888888888888,
      "avg_pnl_per_match": -4.833333333333333,
      "dpd_baby": -0.15535714285714283,
      "dpd_25ct": -0.3883928571428571,
      "dpd_80ct": -1.2428571428571427
    },
    "5": {
      "total_pnl_cents": -35.5,
      "hits": 8,
      "hit_rate": 0.8888888888888888,
      "avg_pnl_per_match": -3.9444444444444446,
      "dpd_baby": -0.12678571428571428,
      "dpd_25ct": -0.3169642857142857,
      "dpd_80ct": -1.0142857142857142
    },
    "6": {
      "total_pnl_cents": -27.5,
      "hits": 8,
      "hit_rate": 0.8888888888888888,
      "avg_pnl_per_match": -3.0555555555555554,
      "dpd_baby": -0.09821428571428571,
      "dpd_25ct": -0.24553571428571427,
      "dpd_80ct": -0.7857142857142857
    },
    "7": {
      "total_pnl_cents": -19.5,
      "hits": 8,
      "hit_rate": 0.8888888888888888,
      "avg_pnl_per_match": -2.1666666666666665,
      "dpd_baby": -0.06964285714285715,
      "dpd_25ct": -0.17410714285714285,
      "dpd_80ct": -0.5571428571428572
    },
    "8": {
      "total_pnl_cents": -11.5,
      "hits": 8,
      "hit_rate": 0.8888888888888888,
      "avg_pnl_per_match": -1.2777777777777777,
      "dpd_baby": -0.04107142857142857,
      "dpd_25ct": -0.10267857142857142,
      "dpd_80ct": -0.32857142857142857
    },
    "9": {
      "total_pnl_cents": -3.5,
      "hits": 8,
      "hit_rate": 0.8888888888888888,
      "avg_pnl_per_match": -0.3888888888888889,
      "dpd_baby": -0.012499999999999999,
      "dpd_25ct": -0.031249999999999997,
      "dpd_80ct": -0.09999999999999999
    },
    "10": {
      "total_pnl_cents": 4.5,
      "hits": 8,
      "hit_rate": 0.8888888888888888,
      "avg_pnl_per_match": 0.5,
      "dpd_baby": 0.016071428571428573,
      "dpd_25ct": 0.04017857142857143,
      "dpd_80ct": 0.1285714285714286
    },
    "11": {
      "total_pnl_cents": 12.5,
      "hits": 8,
      "hit_rate": 0.8888888888888888,
      "avg_pnl_per_match": 1.3888888888888888,
      "dpd_baby": 0.044642857142857144,
      "dpd_25ct": 0.11160714285714286,
      "dpd_80ct": 0.35714285714285715
    },
    "12": {
      "total_pnl_cents": 20.5,
      "hits": 8,
      "hit_rate": 0.8888888888888888,
      "avg_pnl_per_match": 2.2777777777777777,
      "dpd_baby": 0.0732142857142857,
      "dpd_25ct": 0.18303571428571425,
      "dpd_80ct": 0.5857142857142856
    },
    "13": {
      "total_pnl_cents": 28.5,
      "hits": 8,
      "hit_rate": 0.8888888888888888,
      "avg_pnl_per_match": 3.1666666666666665,
      "dpd_baby": 0.10178571428571428,
      "dpd_25ct": 0.2544642857142857,
      "dpd_80ct": 0.8142857142857143
    },
    "14": {
      "total_pnl_cents": 36.5,
      "hits": 8,
      "hit_rate": 0.8888888888888888,
      "avg_pnl_per_match": 4.055555555555555,
      "dpd_baby": 0.13035714285714287,
      "dpd_25ct": 0.32589285714285715,
      "dpd_80ct": 1.042857142857143
    },
    "15": {
      "total_pnl_cents": 44.5,
      "hits": 8,
      "hit_rate": 0.8888888888888888,
      "avg_pnl_per_match": 4.944444444444445,
      "dpd_baby": 0.15892857142857145,
      "dpd_25ct": 0.3973214285714286,
      "dpd_80ct": 1.2714285714285716
    },
    "16": {
      "total_pnl_cents": 52.5,
      "hits": 8,
      "hit_rate": 0.8888888888888888,
      "avg_pnl_per_match": 5.833333333333333,
      "dpd_baby": 0.1875,
      "dpd_25ct": 0.46875,
      "dpd_80ct": 1.5
    },
    "17": {
      "total_pnl_cents": 60.5,
      "hits": 8,
      "hit_rate": 0.8888888888888888,
      "avg_pnl_per_match": 6.722222222222222,
      "dpd_baby": 0.21607142857142855,
      "dpd_25ct": 0.5401785714285714,
      "dpd_80ct": 1.7285714285714284
    },
    "18": {
      "total_pnl_cents": 68.5,
      "hits": 8,
      "hit_rate": 0.8888888888888888,
      "avg_pnl_per_match": 7.611111111111111,
      "dpd_baby": 0.24464285714285713,
      "dpd_25ct": 0.6116071428571428,
      "dpd_80ct": 1.957142857142857
    },
    "19": {
      "total_pnl_cents": 76.5,
      "hits": 8,
      "hit_rate": 0.8888888888888888,
      "avg_pnl_per_match": 8.5,
      "dpd_baby": 0.27321428571428574,
      "dpd_25ct": 0.6830357142857144,
      "dpd_80ct": 2.185714285714286
    },
    "20": {
      "total_pnl_cents": 84.5,
      "hits": 8,
      "hit_rate": 0.8888888888888888,
      "avg_pnl_per_match": 9.38888888888889,
      "dpd_baby": 0.30178571428571427,
      "dpd_25ct": 0.7544642857142857,
      "dpd_80ct": 2.414285714285714
    },
    "21": {
      "total_pnl_cents": 92.5,
      "hits": 8,
      "hit_rate": 0.8888888888888888,
      "avg_pnl_per_match": 10.277777777777779,
      "dpd_baby": 0.33035714285714285,
      "dpd_25ct": 0.8258928571428571,
      "dpd_80ct": 2.642857142857143
    },
    "22": {
      "total_pnl_cents": 101.0,
      "hits": 7,
      "hit_rate": 0.7777777777777778,
      "avg_pnl_per_match": 11.222222222222221,
      "dpd_baby": 0.3607142857142857,
      "dpd_25ct": 0.9017857142857143,
      "dpd_80ct": 2.8857142857142857
    },
    "23": {
      "total_pnl_cents": 12.0,
      "hits": 1,
      "hit_rate": 0.1111111111111111,
      "avg_pnl_per_match": 1.3333333333333333,
      "dpd_baby": 0.04285714285714286,
      "dpd_25ct": 0.10714285714285715,
      "dpd_80ct": 0.34285714285714286
    },
    "24": {
      "total_pnl_cents": 13.5,
      "hits": 0,
      "hit_rate": 0.0,
      "avg_pnl_per_match": 1.5,
      "dpd_baby": 0.048214285714285716,
      "dpd_25ct": 0.12053571428571429,
      "dpd_80ct": 0.38571428571428573
    },
    "25": {
      "total_pnl_cents": 13.5,
      "hits": 0,
      "hit_rate": 0.0,
      "avg_pnl_per_match": 1.5,
      "dpd_baby": 0.048214285714285716,
      "dpd_25ct": 0.12053571428571429,
      "dpd_80ct": 0.38571428571428573
    },
    "26": {
      "total_pnl_cents": 13.5,
      "hits": 0,
      "hit_rate": 0.0,
      "avg_pnl_per_match": 1.5,
      "dpd_baby": 0.048214285714285716,
      "dpd_25ct": 0.12053571428571429,
      "dpd_80ct": 0.38571428571428573
    },
    "27": {
      "total_pnl_cents": 13.5,
      "hits": 0,
      "hit_rate": 0.0,
      "avg_pnl_per_match": 1.5,
      "dpd_baby": 0.048214285714285716,
      "dpd_25ct": 0.12053571428571429,
      "dpd_80ct": 0.38571428571428573
    },
    "28": {
      "total_pnl_cents": 13.5,
      "hits": 0,
      "hit_rate": 0.0,
      "avg_pnl_per_match": 1.5,
      "dpd_baby": 0.048214285714285716,
      "dpd_25ct": 0.12053571428571429,
      "dpd_80ct": 0.38571428571428573
    },
    "29": {
      "total_pnl_cents": 13.5,
      "hits": 0,
      "hit_rate": 0.0,
      "avg_pnl_per_match": 1.5,
      "dpd_baby": 0.048214285714285716,
      "dpd_25ct": 0.12053571428571429,
      "dpd_80ct": 0.38571428571428573
    },
    "30": {
      "total_pnl_cents": 13.5,
      "hits": 0,
      "hit_rate": 0.0,
      "avg_pnl_per_match": 1.5,
      "dpd_baby": 0.048214285714285716,
      "dpd_25ct": 0.12053571428571429,
      "dpd_80ct": 0.38571428571428573
    },