{
  "cell": "ATP_CHALL_leader_55-59",
  "n_matches": 15,
  "bounce_distribution": {
    "min": 1.5,
    "p10": 2.0,
    "p25": 6.0,
    "p50": 39.0,
    "p75": 40.0,
    "p90": 40.5,
    "max": 41.5
  },
  "hold_dpd_baby": -1.6839285714285714,
  "best_exit": 1,
  "best_dpd_baby": 0.05357142857142857,
  "by_exit": {
    "1": {
      "total_pnl_cents": 15,
      "hits": 15,
      "hit_rate": 1.0,
      "avg_pnl_per_match": 1.0,
      "dpd_baby": 0.05357142857142857,
      "dpd_25ct": 0.13392857142857142,
      "dpd_80ct": 0.42857142857142855
    },
    "2": {
      "total_pnl_cents": -30.5,
      "hits": 14,
      "hit_rate": 0.9333333333333333,
      "avg_pnl_per_match": -2.033333333333333,
      "dpd_baby": -0.10892857142857142,
      "dpd_25ct": -0.27232142857142855,
      "dpd_80ct": -0.8714285714285713
    },
    "3": {
      "total_pnl_cents": -77.0,
      "hits": 13,
      "hit_rate": 0.8666666666666667,
      "avg_pnl_per_match": -5.133333333333334,
      "dpd_baby": -0.275,
      "dpd_25ct": -0.6875,
      "dpd_80ct": -2.2
    },
    "4": {
      "total_pnl_cents": -64.0,
      "hits": 13,
      "hit_rate": 0.8666666666666667,
      "avg_pnl_per_match": -4.266666666666667,
      "dpd_baby": -0.2285714285714286,
      "dpd_25ct": -0.5714285714285715,
      "dpd_80ct": -1.8285714285714287
    },
    "5": {
      "total_pnl_cents": -51.0,
      "hits": 13,
      "hit_rate": 0.8666666666666667,
      "avg_pnl_per_match": -3.4,
      "dpd_baby": -0.18214285714285713,
      "dpd_25ct": -0.45535714285714285,
      "dpd_80ct": -1.457142857142857
    },
    "6": {
      "total_pnl_cents": -101.5,
      "hits": 12,
      "hit_rate": 0.8,
      "avg_pnl_per_match": -6.766666666666667,
      "dpd_baby": -0.3625,
      "dpd_25ct": -0.90625,
      "dpd_80ct": -2.9
    },
    "7": {
      "total_pnl_cents": -285.0,
      "hits": 9,
      "hit_rate": 0.6,
      "avg_pnl_per_match": -19.0,
      "dpd_baby": -1.0178571428571428,
      "dpd_25ct": -2.5446428571428568,
      "dpd_80ct": -8.142857142857142
    },
    "8": {
      "total_pnl_cents": -276.0,
      "hits": 9,
      "hit_rate": 0.6,
      "avg_pnl_per_match": -18.4,
      "dpd_baby": -0.9857142857142858,
      "dpd_25ct": -2.4642857142857144,
      "dpd_80ct": -7.885714285714286
    },
    "9": {
      "total_pnl_cents": -267.0,
      "hits": 9,
      "hit_rate": 0.6,
      "avg_pnl_per_match": -17.8,
      "dpd_baby": -0.9535714285714285,
      "dpd_25ct": -2.383928571428571,
      "dpd_80ct": -7.628571428571428
    },
    "10": {
      "total_pnl_cents": -258.0,
      "hits": 9,
      "hit_rate": 0.6,
      "avg_pnl_per_match": -17.2,
      "dpd_baby": -0.9214285714285715,
      "dpd_25ct": -2.303571428571429,
      "dpd_80ct": -7.371428571428572
    },
    "11": {
      "total_pnl_cents": -249.0,
      "hits": 9,
      "hit_rate": 0.6,
      "avg_pnl_per_match": -16.6,
      "dpd_baby": -0.8892857142857142,
      "dpd_25ct": -2.2232142857142856,
      "dpd_80ct": -7.114285714285714
    },
    "12": {
      "total_pnl_cents": -240.0,
      "hits": 9,
      "hit_rate": 0.6,
      "avg_pnl_per_match": -16.0,
      "dpd_baby": -0.8571428571428571,
      "dpd_25ct": -2.142857142857143,
      "dpd_80ct": -6.857142857142857
    },
    "13": {
      "total_pnl_cents": -231.0,
      "hits": 9,
      "hit_rate": 0.6,
      "avg_pnl_per_match": -15.4,
      "dpd_baby": -0.8250000000000001,
      "dpd_25ct": -2.0625,
      "dpd_80ct": -6.6000000000000005
    },
    "14": {
      "total_pnl_cents": -222.0,
      "hits": 9,
      "hit_rate": 0.6,
      "avg_pnl_per_match": -14.8,
      "dpd_baby": -0.7928571428571428,
      "dpd_25ct": -1.982142857142857,
      "dpd_80ct": -6.3428571428571425
    },
    "15": {
      "total_pnl_cents": -213.0,
      "hits": 9,
      "hit_rate": 0.6,
      "avg_pnl_per_match": -14.2,
      "dpd_baby": -0.7607142857142858,
      "dpd_25ct": -1.9017857142857144,
      "dpd_80ct": -6.085714285714286
    },
    "16": {
      "total_pnl_cents": -204.0,
      "hits": 9,
      "hit_rate": 0.6,
      "avg_pnl_per_match": -13.6,
      "dpd_baby": -0.7285714285714285,
      "dpd_25ct": -1.8214285714285714,
      "dpd_80ct": -5.828571428571428
    },
    "17": {
      "total_pnl_cents": -195.0,
      "hits": 9,
      "hit_rate": 0.6,
      "avg_pnl_per_match": -13.0,
      "dpd_baby": -0.6964285714285714,
      "dpd_25ct": -1.7410714285714284,
      "dpd_80ct": -5.571428571428571
    },
    "18": {
      "total_pnl_cents": -186.0,
      "hits": 9,
      "hit_rate": 0.6,
      "avg_pnl_per_match": -12.4,
      "dpd_baby": -0.6642857142857144,
      "dpd_25ct": -1.660714285714286,
      "dpd_80ct": -5.314285714285715
    },
    "19": {
      "total_pnl_cents": -177.0,
      "hits": 9,
      "hit_rate": 0.6,
      "avg_pnl_per_match": -11.8,
      "dpd_baby": -0.6321428571428571,
      "dpd_25ct": -1.5803571428571428,
      "dpd_80ct": -5.057142857142857
    },
    "20": {
      "total_pnl_cents": -168.0,
      "hits": 9,
      "hit_rate": 0.6,
      "avg_pnl_per_match": -11.2,
      "dpd_baby": -0.6,
      "dpd_25ct": -1.5,
      "dpd_80ct": -4.8
    },
    "21": {
      "total_pnl_cents": -159.0,
      "hits": 9,
      "hit_rate": 0.6,
      "avg_pnl_per_match": -10.6,
      "dpd_baby": -0.5678571428571428,
      "dpd_25ct": -1.4196428571428572,
      "dpd_80ct": -4.542857142857143
    },
    "22": {
      "total_pnl_cents": -150.0,
      "hits": 9,
      "hit_rate": 0.6,
      "avg_pnl_per_match": -10.0,
      "dpd_baby": -0.5357142857142857,
      "dpd_25ct": -1.3392857142857142,
      "dpd_80ct": -4.285714285714286
    },
    "23": {
      "total_pnl_cents": -141.0,
      "hits": 9,
      "hit_rate": 0.6,
      "avg_pnl_per_match": -9.4,
      "dpd_baby": -0.5035714285714286,
      "dpd_25ct": -1.2589285714285714,
      "dpd_80ct": -4.0285714285714285
    },
    "24": {
      "total_pnl_cents": -132.0,
      "hits": 9,
      "hit_rate": 0.6,
      "avg_pnl_per_match": -8.8,
      "dpd_baby": -0.4714285714285714,
      "dpd_25ct": -1.1785714285714286,
      "dpd_80ct": -3.7714285714285714
    },
    "25": {
      "total_pnl_cents": -123.0,
      "hits": 9,
      "hit_rate": 0.6,
      "avg_pnl_per_match": -8.2,
      "dpd_baby": -0.43928571428571433,
      "dpd_25ct": -1.0982142857142858,
      "dpd_80ct": -3.5142857142857147
    },
    "26": {
      "total_pnl_cents": -114.0,
      "hits": 9,
      "hit_rate": 0.6,
      "avg_pnl_per_match": -7.6,
      "dpd_baby": -0.40714285714285714,
      "dpd_25ct": -1.0178571428571428,
      "dpd_80ct": -3.257142857142857
    },
    "27": {
      "total_pnl_cents": -105.0,
      "hits": 9,
      "hit_rate": 0.6,
      "avg_pnl_per_match": -7.0,
      "dpd_baby": -0.375,
      "dpd_25ct": -0.9375,
      "dpd_80ct": -3.0
    },
    "28": {
      "total_pnl_cents": -182.5,
      "hits": 8,
      "hit_rate": 0.5333333333333333,
      "avg_pnl_per_match": -12.166666666666666,
      "dpd_baby": -0.6517857142857143,
      "dpd_25ct": -1.6294642857142858,
      "dpd_80ct": -5.214285714285714
    },
    "29": {
      "total_pnl_cents": -174.5,
      "hits": 8,
      "hit_rate": 0.5333333333333333,
      "avg_pnl_per_match": -11.633333333333333,
      "dpd_baby": -0.6232142857142857,
      "dpd_25ct": -1.5580357142857144,
      "dpd_80ct": -4.985714285714286
    },
    "30": {
      "total_pnl_cents": -166.5,
      "hits": 8,
      "hit_rate": 0.5333333333333333,
      "avg_pnl_per_match": -11.1,
      "dpd_baby": -0.5946428571428571,
      "dpd_25ct": -1.4866071428571428,
      "dpd_80ct": -4.757142857142857
    },
    "31": {
      "total_pnl_cents": -158.5,
      "hits": 8,
      "hit_rate": 0.5333333333333333,
      "avg_pnl_per_match": -10.566666666666666,
      "dpd_baby": -0.5660714285714286,
      "dpd_25ct": -1.4151785714285714,
      "dpd_80ct": -4.5285714285714285
    },
    "32": {
      "total_pnl_cents": -150.5,
      "hits": 8,
      "hit_rate": 0.5333333333333333,
      "avg_pnl_per_match": -10.033333333333333,
      "dpd_baby": -0.5375,