{
  "cell": "WTA_MAIN_underdog_15-19",
  "n_matches": 9,
  "bounce_distribution": {
    "min": 0.5,
    "p10": 0.5,
    "p25": 10.5,
    "p50": 16.5,
    "p75": 75.0,
    "p90": 79.5,
    "max": 79.5
  },
  "hold_dpd_baby": -0.5410714285714285,
  "best_exit": 70,
  "best_dpd_baby": 0.39285714285714285,
  "by_exit": {
    "1": {
      "total_pnl_cents": -7.5,
      "hits": 8,
      "hit_rate": 0.8888888888888888,
      "avg_pnl_per_match": -0.8333333333333334,
      "dpd_baby": -0.026785714285714284,
      "dpd_25ct": -0.06696428571428571,
      "dpd_80ct": -0.21428571428571427
    },
    "2": {
      "total_pnl_cents": 0.5,
      "hits": 8,
      "hit_rate": 0.8888888888888888,
      "avg_pnl_per_match": 0.05555555555555555,
      "dpd_baby": 0.0017857142857142859,
      "dpd_25ct": 0.004464285714285715,
      "dpd_80ct": 0.014285714285714287
    },
    "3": {
      "total_pnl_cents": 8.5,
      "hits": 8,
      "hit_rate": 0.8888888888888888,
      "avg_pnl_per_match": 0.9444444444444444,
      "dpd_baby": 0.030357142857142857,
      "dpd_25ct": 0.07589285714285714,
      "dpd_80ct": 0.24285714285714285
    },
    "4": {
      "total_pnl_cents": 16.5,
      "hits": 8,
      "hit_rate": 0.8888888888888888,
      "avg_pnl_per_match": 1.8333333333333333,
      "dpd_baby": 0.05892857142857143,
      "dpd_25ct": 0.14732142857142858,
      "dpd_80ct": 0.4714285714285714
    },
    "5": {
      "total_pnl_cents": 2.0,
      "hits": 7,
      "hit_rate": 0.7777777777777778,
      "avg_pnl_per_match": 0.2222222222222222,
      "dpd_baby": 0.0071428571428571435,
      "dpd_25ct": 0.01785714285714286,
      "dpd_80ct": 0.05714285714285715
    },
    "6": {
      "total_pnl_cents": 9.0,
      "hits": 7,
      "hit_rate": 0.7777777777777778,
      "avg_pnl_per_match": 1.0,
      "dpd_baby": 0.03214285714285715,
      "dpd_25ct": 0.08035714285714286,
      "dpd_80ct": 0.2571428571428572
    },
    "7": {
      "total_pnl_cents": 16.0,
      "hits": 7,
      "hit_rate": 0.7777777777777778,
      "avg_pnl_per_match": 1.7777777777777777,
      "dpd_baby": 0.05714285714285715,
      "dpd_25ct": 0.14285714285714288,
      "dpd_80ct": 0.4571428571428572
    },
    "8": {
      "total_pnl_cents": 23.0,
      "hits": 7,
      "hit_rate": 0.7777777777777778,
      "avg_pnl_per_match": 2.5555555555555554,
      "dpd_baby": 0.08214285714285714,
      "dpd_25ct": 0.20535714285714285,
      "dpd_80ct": 0.6571428571428571
    },
    "9": {
      "total_pnl_cents": 30.0,
      "hits": 7,
      "hit_rate": 0.7777777777777778,
      "avg_pnl_per_match": 3.3333333333333335,
      "dpd_baby": 0.10714285714285714,
      "dpd_25ct": 0.26785714285714285,
      "dpd_80ct": 0.8571428571428571
    },
    "10": {
      "total_pnl_cents": 37.0,
      "hits": 7,
      "hit_rate": 0.7777777777777778,
      "avg_pnl_per_match": 4.111111111111111,
      "dpd_baby": 0.13214285714285715,
      "dpd_25ct": 0.33035714285714285,
      "dpd_80ct": 1.0571428571428572
    },
    "11": {
      "total_pnl_cents": 17.5,
      "hits": 6,
      "hit_rate": 0.6666666666666666,
      "avg_pnl_per_match": 1.9444444444444444,
      "dpd_baby": 0.0625,
      "dpd_25ct": 0.15625,
      "dpd_80ct": 0.5
    },
    "12": {
      "total_pnl_cents": -4.0,
      "hits": 5,
      "hit_rate": 0.5555555555555556,
      "avg_pnl_per_match": -0.4444444444444444,
      "dpd_baby": -0.014285714285714287,
      "dpd_25ct": -0.03571428571428572,
      "dpd_80ct": -0.1142857142857143
    },
    "13": {
      "total_pnl_cents": 1.0,
      "hits": 5,
      "hit_rate": 0.5555555555555556,
      "avg_pnl_per_match": 0.1111111111111111,
      "dpd_baby": 0.0035714285714285718,
      "dpd_25ct": 0.00892857142857143,
      "dpd_80ct": 0.028571428571428574
    },
    "14": {
      "total_pnl_cents": 6.0,
      "hits": 5,
      "hit_rate": 0.5555555555555556,
      "avg_pnl_per_match": 0.6666666666666666,
      "dpd_baby": 0.02142857142857143,
      "dpd_25ct": 0.053571428571428575,
      "dpd_80ct": 0.17142857142857143
    },
    "15": {
      "total_pnl_cents": 11.0,
      "hits": 5,
      "hit_rate": 0.5555555555555556,
      "avg_pnl_per_match": 1.2222222222222223,
      "dpd_baby": 0.03928571428571429,
      "dpd_25ct": 0.09821428571428573,
      "dpd_80ct": 0.31428571428571433
    },
    "16": {
      "total_pnl_cents": 16.0,
      "hits": 5,
      "hit_rate": 0.5555555555555556,
      "avg_pnl_per_match": 1.7777777777777777,
      "dpd_baby": 0.05714285714285715,
      "dpd_25ct": 0.14285714285714288,
      "dpd_80ct": 0.4571428571428572
    },
    "17": {
      "total_pnl_cents": -13.5,
      "hits": 4,
      "hit_rate": 0.4444444444444444,
      "avg_pnl_per_match": -1.5,
      "dpd_baby": -0.048214285714285716,
      "dpd_25ct": -0.12053571428571429,
      "dpd_80ct": -0.38571428571428573
    },
    "18": {
      "total_pnl_cents": -9.5,
      "hits": 4,
      "hit_rate": 0.4444444444444444,
      "avg_pnl_per_match": -1.0555555555555556,
      "dpd_baby": -0.033928571428571426,
      "dpd_25ct": -0.08482142857142856,
      "dpd_80ct": -0.2714285714285714
    },
    "19": {
      "total_pnl_cents": -5.5,
      "hits": 4,
      "hit_rate": 0.4444444444444444,
      "avg_pnl_per_match": -0.6111111111111112,
      "dpd_baby": -0.019642857142857146,
      "dpd_25ct": -0.04910714285714286,
      "dpd_80ct": -0.15714285714285717
    },
    "20": {
      "total_pnl_cents": -1.5,
      "hits": 4,
      "hit_rate": 0.4444444444444444,
      "avg_pnl_per_match": -0.16666666666666666,
      "dpd_baby": -0.005357142857142857,
      "dpd_25ct": -0.013392857142857144,
      "dpd_80ct": -0.04285714285714286
    },
    "21": {
      "total_pnl_cents": -37.0,
      "hits": 3,
      "hit_rate": 0.3333333333333333,
      "avg_pnl_per_match": -4.111111111111111,
      "dpd_baby": -0.13214285714285715,
      "dpd_25ct": -0.33035714285714285,
      "dpd_80ct": -1.0571428571428572
    },
    "22": {
      "total_pnl_cents": -34.0,
      "hits": 3,
      "hit_rate": 0.3333333333333333,
      "avg_pnl_per_match": -3.7777777777777777,
      "dpd_baby": -0.12142857142857143,
      "dpd_25ct": -0.30357142857142855,
      "dpd_80ct": -0.9714285714285714
    },
    "23": {
      "total_pnl_cents": -31.0,
      "hits": 3,
      "hit_rate": 0.3333333333333333,
      "avg_pnl_per_match": -3.4444444444444446,
      "dpd_baby": -0.11071428571428572,
      "dpd_25ct": -0.2767857142857143,
      "dpd_80ct": -0.8857142857142858
    },
    "24": {
      "total_pnl_cents": -28.0,
      "hits": 3,
      "hit_rate": 0.3333333333333333,
      "avg_pnl_per_match": -3.111111111111111,
      "dpd_baby": -0.09999999999999999,
      "dpd_25ct": -0.24999999999999997,
      "dpd_80ct": -0.7999999999999999
    },
    "25": {
      "total_pnl_cents": -25.0,
      "hits": 3,
      "hit_rate": 0.3333333333333333,
      "avg_pnl_per_match": -2.7777777777777777,
      "dpd_baby": -0.08928571428571429,
      "dpd_25ct": -0.22321428571428573,
      "dpd_80ct": -0.7142857142857143
    },
    "26": {
      "total_pnl_cents": -22.0,
      "hits": 3,
      "hit_rate": 0.3333333333333333,
      "avg_pnl_per_match": -2.4444444444444446,
      "dpd_baby": -0.07857142857142858,
      "dpd_25ct": -0.19642857142857145,
      "dpd_80ct": -0.6285714285714287
    },
    "27": {
      "total_pnl_cents": -19.0,
      "hits": 3,
      "hit_rate": 0.3333333333333333,
      "avg_pnl_per_match": -2.111111111111111,
      "dpd_baby": -0.06785714285714285,
      "dpd_25ct": -0.16964285714285712,
      "dpd_80ct": -0.5428571428571428
    },
    "28": {
      "total_pnl_cents": -16.0,
      "hits": 3,
      "hit_rate": 0.3333333333333333,
      "avg_pnl_per_match": -1.7777777777777777,
      "dpd_baby": -0.05714285714285715,
      "dpd_25ct": -0.14285714285714288,
      "dpd_80ct": -0.4571428571428572
    },
    "29": {
      "total_pnl_cents": -13.0,
      "hits": 3,
      "hit_rate": 0.3333333333333333,
      "avg_pnl_per_match": -1.4444444444444444,
      "dpd_baby": -0.04642857142857143,