{
  "cell": "WTA_MAIN_underdog_20-24",
  "n_matches": 8,
  "bounce_distribution": {
    "min": 2.5,
    "p10": 2.5,
    "p25": 3.5,
    "p50": 9.5,
    "p75": 25.5,
    "p90": 76.5,
    "max": 76.5
  },
  "hold_dpd_baby": -0.28928571428571426,
  "best_exit": 2,
  "best_dpd_baby": 0.05714285714285715,
  "by_exit": {
    "1": {
      "total_pnl_cents": 8,
      "hits": 8,
      "hit_rate": 1.0,
      "avg_pnl_per_match": 1.0,
      "dpd_baby": 0.028571428571428574,
      "dpd_25ct": 0.07142857142857144,
      "dpd_80ct": 0.2285714285714286
    },
    "2": {
      "total_pnl_cents": 16,
      "hits": 8,
      "hit_rate": 1.0,
      "avg_pnl_per_match": 2.0,
      "dpd_baby": 0.05714285714285715,
      "dpd_25ct": 0.14285714285714288,
      "dpd_80ct": 0.4571428571428572
    },
    "3": {
      "total_pnl_cents": -28.0,
      "hits": 6,
      "hit_rate": 0.75,
      "avg_pnl_per_match": -3.5,
      "dpd_baby": -0.09999999999999999,
      "dpd_25ct": -0.24999999999999997,
      "dpd_80ct": -0.7999999999999999
    },
    "4": {
      "total_pnl_cents": -47.5,
      "hits": 5,
      "hit_rate": 0.625,
      "avg_pnl_per_match": -5.9375,
      "dpd_baby": -0.16964285714285715,
      "dpd_25ct": -0.4241071428571429,
      "dpd_80ct": -1.3571428571428572
    },
    "5": {
      "total_pnl_cents": -42.5,
      "hits": 5,
      "hit_rate": 0.625,
      "avg_pnl_per_match": -5.3125,
      "dpd_baby": -0.15178571428571427,
      "dpd_25ct": -0.3794642857142857,
      "dpd_80ct": -1.2142857142857142
    },
    "6": {
      "total_pnl_cents": -37.5,
      "hits": 5,
      "hit_rate": 0.625,
      "avg_pnl_per_match": -4.6875,
      "dpd_baby": -0.13392857142857142,
      "dpd_25ct": -0.33482142857142855,
      "dpd_80ct": -1.0714285714285714
    },
    "7": {
      "total_pnl_cents": -32.5,
      "hits": 5,
      "hit_rate": 0.625,
      "avg_pnl_per_match": -4.0625,
      "dpd_baby": -0.11607142857142858,
      "dpd_25ct": -0.29017857142857145,
      "dpd_80ct": -0.9285714285714286
    },
    "8": {
      "total_pnl_cents": -27.5,
      "hits": 5,
      "hit_rate": 0.625,
      "avg_pnl_per_match": -3.4375,
      "dpd_baby": -0.09821428571428571,
      "dpd_25ct": -0.24553571428571427,
      "dpd_80ct": -0.7857142857142857
    },
    "9": {
      "total_pnl_cents": -55.0,
      "hits": 4,
      "hit_rate": 0.5,
      "avg_pnl_per_match": -6.875,
      "dpd_baby": -0.19642857142857142,
      "dpd_25ct": -0.49107142857142855,
      "dpd_80ct": -1.5714285714285714
    },
    "10": {
      "total_pnl_cents": -84.5,
      "hits": 3,
      "hit_rate": 0.375,
      "avg_pnl_per_match": -10.5625,
      "dpd_baby": -0.30178571428571427,
      "dpd_25ct": -0.7544642857142857,
      "dpd_80ct": -2.414285714285714
    },
    "11": {
      "total_pnl_cents": -81.5,
      "hits": 3,
      "hit_rate": 0.375,
      "avg_pnl_per_match": -10.1875,
      "dpd_baby": -0.2910714285714286,
      "dpd_25ct": -0.7276785714285715,
      "dpd_80ct": -2.3285714285714287
    },
    "12": {
      "total_pnl_cents": -112.0,
      "hits": 2,
      "hit_rate": 0.25,
      "avg_pnl_per_match": -14.0,
      "dpd_baby": -0.39999999999999997,
      "dpd_25ct": -0.9999999999999999,
      "dpd_80ct": -3.1999999999999997
    },
    "13": {
      "total_pnl_cents": -110.0,
      "hits": 2,
      "hit_rate": 0.25,
      "avg_pnl_per_match": -13.75,
      "dpd_baby": -0.39285714285714285,
      "dpd_25ct": -0.9821428571428571,
      "dpd_80ct": -3.142857142857143
    },
    "14": {
      "total_pnl_cents": -108.0,
      "hits": 2,
      "hit_rate": 0.25,
      "avg_pnl_per_match": -13.5,
      "dpd_baby": -0.38571428571428573,
      "dpd_25ct": -0.9642857142857143,
      "dpd_80ct": -3.085714285714286
    },
    "15": {
      "total_pnl_cents": -106.0,
      "hits": 2,
      "hit_rate": 0.25,
      "avg_pnl_per_match": -13.25,
      "dpd_baby": -0.37857142857142856,
      "dpd_25ct": -0.9464285714285714,
      "dpd_80ct": -3.0285714285714285
    },
    "16": {
      "total_pnl_cents": -104.0,
      "hits": 2,
      "hit_rate": 0.25,
      "avg_pnl_per_match": -13.0,
      "dpd_baby": -0.37142857142857144,
      "dpd_25ct": -0.9285714285714286,
      "dpd_80ct": -2.9714285714285715
    },
    "17": {
      "total_pnl_cents": -102.0,
      "hits": 2,
      "hit_rate": 0.25,
      "avg_pnl_per_match": -12.75,
      "dpd_baby": -0.36428571428571427,
      "dpd_25ct": -0.9107142857142857,
      "dpd_80ct": -2.914285714285714
    },
    "18": {
      "total_pnl_cents": -100.0,
      "hits": 2,
      "hit_rate": 0.25,
      "avg_pnl_per_match": -12.5,
      "dpd_baby": -0.35714285714285715,
      "dpd_25ct": -0.8928571428571429,
      "dpd_80ct": -2.857142857142857
    },
    "19": {
      "total_pnl_cents": -98.0,
      "hits": 2,
      "hit_rate": 0.25,
      "avg_pnl_per_match": -12.25,
      "dpd_baby": -0.35000000000000003,
      "dpd_25ct": -0.8750000000000001,
      "dpd_80ct": -2.8000000000000003
    },
    "20": {
      "total_pnl_cents": -96.0,
      "hits": 2,
      "hit_rate": 0.25,
      "avg_pnl_per_match": -12.0,
      "dpd_baby": -0.34285714285714286,
      "dpd_25ct": -0.8571428571428572,
      "dpd_80ct": -2.742857142857143
    },
    "21": {
      "total_pnl_cents": -94.0,
      "hits": 2,
      "hit_rate": 0.25,
      "avg_pnl_per_match": -11.75,
      "dpd_baby": -0.33571428571428574,
      "dpd_25ct": -0.8392857142857144,
      "dpd_80ct": -2.685714285714286
    },
    "22": {
      "total_pnl_cents": -92.0,
      "hits": 2,
      "hit_rate": 0.25,
      "avg_pnl_per_match": -11.5,
      "dpd_baby": -0.32857142857142857,
      "dpd_25ct": -0.8214285714285714,
      "dpd_80ct": -2.6285714285714286
    },
    "23": {
      "total_pnl_cents": -90.0,
      "hits": 2,
      "hit_rate": 0.25,
      "avg_pnl_per_match": -11.25,
      "dpd_baby": -0.32142857142857145,
      "dpd_25ct": -0.8035714285714286,
      "dpd_80ct": -2.5714285714285716
    },
    "24": {
      "total_pnl_cents": -88.0,
      "hits": 2,
      "hit_rate": 0.25,
      "avg_pnl_per_match": -11.0,
      "dpd_baby": -0.31428571428571433,
      "dpd_25ct": -0.7857142857142858,
      "dpd_80ct": -2.5142857142857147
    },
    "25": {
      "total_pnl_cents": -86.0,
      "hits": 2,
      "hit_rate": 0.25,
      "avg_pnl_per_match": -10.75,
      "dpd_baby": -0.3071428571428571,
      "dpd_25ct": -0.7678571428571428,
      "dpd_80ct": -2.457142857142857
    },
    "26": {
      "total_pnl_cents": -132.5,
      "hits": 1,
      "hit_rate": 0.125,
      "avg_pnl_per_match": -16.5625,
      "dpd_baby": -0.4732142857142857,
      "dpd_25ct": -1.1830357142857142,
      "dpd_80ct": -3.7857142857142856
    },
    "27": {
      "total_pnl_cents": -131.5,
      "hits": 1,
      "hit_rate": 0.125,
      "avg_pnl_per_match": -16.4375,
      "dpd_baby": -0.46964285714285714,
      "dpd_25ct": -1.1741071428571428,
      "dpd_80ct": -3.757142857142857
    },
    "28": {
      "total_pnl_cents": -130.5,
      "hits": 1,
      "hit_rate": 0.125,
      "avg_pnl_per_match": -16.3125,
      "dpd_baby": -0.4660714285714286,
      "dpd_25ct": -1.1651785714285714,
      "dpd_80ct": -3.7285714285714286
    },
    "29": {
      "total_pnl_cents": -129.5,
      "hits": 1,
      "hit_rate": 0.125,
      "avg_pnl_per_match": -16.1875,
      "dpd_baby": -0.46249999999999997,
      "dpd_25ct": -1.15625,
      "dpd_80ct": -3.6999999999999997
    },
    "30": {
      "total_pnl_cents": -128.5,
      "hits": 1,
      "hit_rate": 0.125,
      "avg_pnl_per_match": -16.0625,
      "dpd_baby": -0.4589285714285714,
      "dpd_25ct": -1.1473214285714286,
      "dpd_80ct": -3.6714285714285713
    },
    "31": {
      "total_pnl_cents": -127.5,
      "hits": 1,
      "hit_rate": 0.125,
      "avg_pnl_per_match": -15.9375,
      "dpd_baby": -0.45535714285714285,
      "dpd_25ct": -1.1383928571428572,
      "dpd_80ct": -3.642857142857143
    },
    "32": {
      "total_pnl_cents": -126.5,
      "hits": 1,
      "hit_rate": 0.125,
      "avg_pnl_per_match": -15.8125,