{
  "cell": "WTA_MAIN_leader_55-59",
  "n_matches": 6,
  "bounce_distribution": {
    "min": -0.5,
    "p10": -0.5,
    "p25": 3.5,
    "p50": 42.5,
    "p75": 42.5,
    "p90": 42.5,
    "max": 42.5
  },
  "hold_dpd_baby": -0.8357142857142856,
  "best_exit": 3,
  "best_dpd_baby": -0.14464285714285713,
  "by_exit": {
    "1": {
      "total_pnl_cents": -50.5,
      "hits": 5,
      "hit_rate": 0.8333333333333334,
      "avg_pnl_per_match": -8.416666666666666,
      "dpd_baby": -0.18035714285714285,
      "dpd_25ct": -0.45089285714285715,
      "dpd_80ct": -1.4428571428571428
    },
    "2": {
      "total_pnl_cents": -45.5,
      "hits": 5,
      "hit_rate": 0.8333333333333334,
      "avg_pnl_per_match": -7.583333333333333,
      "dpd_baby": -0.1625,
      "dpd_25ct": -0.40625,
      "dpd_80ct": -1.3
    },
    "3": {
      "total_pnl_cents": -40.5,
      "hits": 5,
      "hit_rate": 0.8333333333333334,
      "avg_pnl_per_match": -6.75,
      "dpd_baby": -0.14464285714285713,
      "dpd_25ct": -0.3616071428571428,
      "dpd_80ct": -1.157142857142857
    },
    "4": {
      "total_pnl_cents": -95.0,
      "hits": 4,
      "hit_rate": 0.6666666666666666,
      "avg_pnl_per_match": -15.833333333333334,
      "dpd_baby": -0.3392857142857143,
      "dpd_25ct": -0.8482142857142858,
      "dpd_80ct": -2.7142857142857144
    },
    "5": {
      "total_pnl_cents": -91.0,
      "hits": 4,
      "hit_rate": 0.6666666666666666,
      "avg_pnl_per_match": -15.166666666666666,
      "dpd_baby": -0.325,
      "dpd_25ct": -0.8125,
      "dpd_80ct": -2.6
    },
    "6": {
      "total_pnl_cents": -87.0,
      "hits": 4,
      "hit_rate": 0.6666666666666666,
      "avg_pnl_per_match": -14.5,
      "dpd_baby": -0.31071428571428567,
      "dpd_25ct": -0.7767857142857142,
      "dpd_80ct": -2.4857142857142853
    },
    "7": {
      "total_pnl_cents": -83.0,
      "hits": 4,
      "hit_rate": 0.6666666666666666,
      "avg_pnl_per_match": -13.833333333333334,
      "dpd_baby": -0.29642857142857143,
      "dpd_25ct": -0.7410714285714286,
      "dpd_80ct": -2.3714285714285714
    },
    "8": {
      "total_pnl_cents": -79.0,
      "hits": 4,
      "hit_rate": 0.6666666666666666,
      "avg_pnl_per_match": -13.166666666666666,
      "dpd_baby": -0.28214285714285714,
      "dpd_25ct": -0.7053571428571428,
      "dpd_80ct": -2.257142857142857
    },
    "9": {
      "total_pnl_cents": -75.0,
      "hits": 4,
      "hit_rate": 0.6666666666666666,
      "avg_pnl_per_match": -12.5,
      "dpd_baby": -0.26785714285714285,
      "dpd_25ct": -0.6696428571428571,
      "dpd_80ct": -2.142857142857143
    },
    "10": {
      "total_pnl_cents": -71.0,
      "hits": 4,
      "hit_rate": 0.6666666666666666,
      "avg_pnl_per_match": -11.833333333333334,
      "dpd_baby": -0.25357142857142856,
      "dpd_25ct": -0.6339285714285714,
      "dpd_80ct": -2.0285714285714285
    },
    "11": {
      "total_pnl_cents": -67.0,
      "hits": 4,
      "hit_rate": 0.6666666666666666,
      "avg_pnl_per_match": -11.166666666666666,
      "dpd_baby": -0.2392857142857143,
      "dpd_25ct": -0.5982142857142857,
      "dpd_80ct": -1.9142857142857144
    },
    "12": {
      "total_pnl_cents": -63.0,
      "hits": 4,
      "hit_rate": 0.6666666666666666,
      "avg_pnl_per_match": -10.5,
      "dpd_baby": -0.225,
      "dpd_25ct": -0.5625,
      "dpd_80ct": -1.8
    },
    "13": {
      "total_pnl_cents": -59.0,
      "hits": 4,
      "hit_rate": 0.6666666666666666,
      "avg_pnl_per_match": -9.833333333333334,
      "dpd_baby": -0.21071428571428572,
      "dpd_25ct": -0.5267857142857143,
      "dpd_80ct": -1.6857142857142857
    },
    "14": {
      "total_pnl_cents": -55.0,
      "hits": 4,
      "hit_rate": 0.6666666666666666,
      "avg_pnl_per_match": -9.166666666666666,
      "dpd_baby": -0.19642857142857142,
      "dpd_25ct": -0.49107142857142855,
      "dpd_80ct": -1.5714285714285714
    },
    "15": {
      "total_pnl_cents": -121.5,
      "hits": 3,
      "hit_rate": 0.5,
      "avg_pnl_per_match": -20.25,
      "dpd_baby": -0.43392857142857144,
      "dpd_25ct": -1.0848214285714286,
      "dpd_80ct": -3.4714285714285715
    },
    "16": {
      "total_pnl_cents": -118.5,
      "hits": 3,
      "hit_rate": 0.5,
      "avg_pnl_per_match": -19.75,
      "dpd_baby": -0.4232142857142857,
      "dpd_25ct": -1.0580357142857142,
      "dpd_80ct": -3.3857142857142857
    },
    "17": {
      "total_pnl_cents": -115.5,
      "hits": 3,
      "hit_rate": 0.5,
      "avg_pnl_per_match": -19.25,
      "dpd_baby": -0.41250000000000003,
      "dpd_25ct": -1.03125,
      "dpd_80ct": -3.3000000000000003
    },
    "18": {
      "total_pnl_cents": -112.5,
      "hits": 3,
      "hit_rate": 0.5,
      "avg_pnl_per_match": -18.75,
      "dpd_baby": -0.4017857142857143,
      "dpd_25ct": -1.0044642857142858,
      "dpd_80ct": -3.2142857142857144
    },
    "19": {
      "total_pnl_cents": -109.5,
      "hits": 3,
      "hit_rate": 0.5,
      "avg_pnl_per_match": -18.25,
      "dpd_baby": -0.39107142857142857,
      "dpd_25ct": -0.9776785714285714,
      "dpd_80ct": -3.1285714285714286
    },
    "20": {
      "total_pnl_cents": -106.5,
      "hits": 3,
      "hit_rate": 0.5,
      "avg_pnl_per_match": -17.75,
      "dpd_baby": -0.3803571428571429,
      "dpd_25ct": -0.9508928571428572,
      "dpd_80ct": -3.042857142857143
    },
    "21": {
      "total_pnl_cents": -103.5,
      "hits": 3,
      "hit_rate": 0.5,
      "avg_pnl_per_match": -17.25,
      "dpd_baby": -0.3696428571428571,
      "dpd_25ct": -0.9241071428571428,
      "dpd_80ct": -2.957142857142857
    },
    "22": {
      "total_pnl_cents": -100.5,
      "hits": 3,
      "hit_rate": 0.5,
      "avg_pnl_per_match": -16.75,
      "dpd_baby": -0.35892857142857143,
      "dpd_25ct": -0.8973214285714286,
      "dpd_80ct": -2.8714285714285714
    },
    "23": {
      "total_pnl_cents": -97.5,
      "hits": 3,
      "hit_rate": 0.5,
      "avg_pnl_per_match": -16.25,
      "dpd_baby": -0.3482142857142857,
      "dpd_25ct": -0.8705357142857142,
      "dpd_80ct": -2.7857142857142856
    },
    "24": {
      "total_pnl_cents": -94.5,
      "hits": 3,
      "hit_rate": 0.5,
      "avg_pnl_per_match": -15.75,
      "dpd_baby": -0.33749999999999997,
      "dpd_25ct": -0.8437499999999999,
      "dpd_80ct": -2.6999999999999997
    },
    "25": {
      "total_pnl_cents": -91.5,
      "hits": 3,
      "hit_rate": 0.5,
      "avg_pnl_per_match": -15.25,
      "dpd_baby": -0.3267857142857143,
      "dpd_25ct": -0.8169642857142857,
      "dpd_80ct": -2.6142857142857143
    },
    "26": {
      "total_pnl_cents": -88.5,
      "hits": 3,
      "hit_rate": 0.5,
      "avg_pnl_per_match": -14.75,
      "dpd_baby": -0.31607142857142856,
      "dpd_25ct": -0.7901785714285714,
      "dpd_80ct": -2.5285714285714285
    },
    "27": {
      "total_pnl_cents": -85.5,
      "hits": 3,
      "hit_rate": 0.5,
      "avg_pnl_per_match": -14.25,
      "dpd_baby": -0.3053571428571429,
      "dpd_25ct": -0.7633928571428572,
      "dpd_80ct": -2.442857142857143
    },
    "28": {
      "total_pnl_cents": -82.5,
      "hits": 3,
      "hit_rate": 0.5,
      "avg_pnl_per_match": -13.75,
      "dpd_baby": -0.29464285714285715,
      "dpd_25ct": -0.7366071428571429,
      "dpd_80ct": -2.357142857142857
    },
    "29": {
      "total_pnl_cents": -79.5,
      "hits": 3,
      "hit_rate": 0.5,
      "avg_pnl_per_match": -13.25,
      "dpd_baby": -0.2839285714285714,
      "dpd_25ct": -0.7098214285714286,
      "dpd_80ct": -2.2714285714285714
    },
    "30": {
      "total_pnl_cents": -76.5,
      "hits": 3,
      "hit_rate": 0.5,
      "avg_pnl_per_match": -12.75,
      "dpd_baby": -0.27321428571428574,
      "dpd_25ct": -0.6830357142857144,
      "dpd_80ct": -2.185714285714286
    },
    "31": {
      "total_pnl_cents": -73.5,
      "hits": 3,
      "hit_rate": 0.5,
      "avg_pnl_per_match": -12.25,
      "dpd_baby": -0.2625,
      "dpd_25ct": -0.65625,
      "dpd_80ct": -2.1
    },