{
  "cell": "WTA_MAIN_underdog_40-44",
  "n_matches": 13,
  "bounce_distribution": {
    "min": 0.0,
    "p10": 0.0,
    "p25": 1.0,
    "p50": 48.5,
    "p75": 54.5,
    "p90": 58.5,
    "max": 58.5
  },
  "hold_dpd_baby": 0.16964285714285715,
  "best_exit": 48,
  "best_dpd_baby": 0.2928571428571428,
  "by_exit": {
    "1": {
      "total_pnl_cents": -117.5,
      "hits": 10,
      "hit_rate": 0.7692307692307693,
      "avg_pnl_per_match": -9.038461538461538,
      "dpd_baby": -0.41964285714285715,
      "dpd_25ct": -1.0491071428571428,
      "dpd_80ct": -3.357142857142857
    },
    "2": {
      "total_pnl_cents": -149.0,
      "hits": 9,
      "hit_rate": 0.6923076923076923,
      "avg_pnl_per_match": -11.461538461538462,
      "dpd_baby": -0.5321428571428571,
      "dpd_25ct": -1.3303571428571428,
      "dpd_80ct": -4.257142857142857
    },
    "3": {
      "total_pnl_cents": -140.0,
      "hits": 9,
      "hit_rate": 0.6923076923076923,
      "avg_pnl_per_match": -10.76923076923077,
      "dpd_baby": -0.5,
      "dpd_25ct": -1.25,
      "dpd_80ct": -4.0
    },
    "4": {
      "total_pnl_cents": -178.5,
      "hits": 8,
      "hit_rate": 0.6153846153846154,
      "avg_pnl_per_match": -13.73076923076923,
      "dpd_baby": -0.6375000000000001,
      "dpd_25ct": -1.5937500000000002,
      "dpd_80ct": -5.1000000000000005
    },
    "5": {
      "total_pnl_cents": -170.5,
      "hits": 8,
      "hit_rate": 0.6153846153846154,
      "avg_pnl_per_match": -13.115384615384615,
      "dpd_baby": -0.6089285714285715,
      "dpd_25ct": -1.5223214285714288,
      "dpd_80ct": -4.871428571428572
    },
    "6": {
      "total_pnl_cents": -162.5,
      "hits": 8,
      "hit_rate": 0.6153846153846154,
      "avg_pnl_per_match": -12.5,
      "dpd_baby": -0.5803571428571429,
      "dpd_25ct": -1.4508928571428572,
      "dpd_80ct": -4.642857142857143
    },
    "7": {
      "total_pnl_cents": -154.5,
      "hits": 8,
      "hit_rate": 0.6153846153846154,
      "avg_pnl_per_match": -11.884615384615385,
      "dpd_baby": -0.5517857142857142,
      "dpd_25ct": -1.3794642857142856,
      "dpd_80ct": -4.414285714285714
    },
    "8": {
      "total_pnl_cents": -146.5,
      "hits": 8,
      "hit_rate": 0.6153846153846154,
      "avg_pnl_per_match": -11.26923076923077,
      "dpd_baby": -0.5232142857142857,
      "dpd_25ct": -1.3080357142857144,
      "dpd_80ct": -4.185714285714286
    },
    "9": {
      "total_pnl_cents": -138.5,
      "hits": 8,
      "hit_rate": 0.6153846153846154,
      "avg_pnl_per_match": -10.653846153846153,
      "dpd_baby": -0.4946428571428571,
      "dpd_25ct": -1.2366071428571428,
      "dpd_80ct": -3.957142857142857
    },
    "10": {
      "total_pnl_cents": -130.5,
      "hits": 8,
      "hit_rate": 0.6153846153846154,
      "avg_pnl_per_match": -10.038461538461538,
      "dpd_baby": -0.4660714285714286,
      "dpd_25ct": -1.1651785714285714,
      "dpd_80ct": -3.7285714285714286
    },
    "11": {
      "total_pnl_cents": -122.5,
      "hits": 8,
      "hit_rate": 0.6153846153846154,
      "avg_pnl_per_match": -9.423076923076923,
      "dpd_baby": -0.4375,
      "dpd_25ct": -1.09375,
      "dpd_80ct": -3.5
    },
    "12": {
      "total_pnl_cents": -114.5,
      "hits": 8,
      "hit_rate": 0.6153846153846154,
      "avg_pnl_per_match": -8.807692307692308,
      "dpd_baby": -0.4089285714285714,
      "dpd_25ct": -1.0223214285714286,
      "dpd_80ct": -3.2714285714285714
    },
    "13": {
      "total_pnl_cents": -106.5,
      "hits": 8,
      "hit_rate": 0.6153846153846154,
      "avg_pnl_per_match": -8.192307692307692,
      "dpd_baby": -0.3803571428571429,
      "dpd_25ct": -0.9508928571428572,
      "dpd_80ct": -3.042857142857143
    },
    "14": {
      "total_pnl_cents": -98.5,
      "hits": 8,
      "hit_rate": 0.6153846153846154,
      "avg_pnl_per_match": -7.576923076923077,
      "dpd_baby": -0.35178571428571426,
      "dpd_25ct": -0.8794642857142856,
      "dpd_80ct": -2.814285714285714
    },
    "15": {
      "total_pnl_cents": -90.5,
      "hits": 8,
      "hit_rate": 0.6153846153846154,
      "avg_pnl_per_match": -6.961538461538462,
      "dpd_baby": -0.32321428571428573,
      "dpd_25ct": -0.8080357142857143,
      "dpd_80ct": -2.585714285714286
    },
    "16": {
      "total_pnl_cents": -82.5,
      "hits": 8,
      "hit_rate": 0.6153846153846154,
      "avg_pnl_per_match": -6.346153846153846,
      "dpd_baby": -0.29464285714285715,
      "dpd_25ct": -0.7366071428571429,
      "dpd_80ct": -2.357142857142857
    },
    "17": {
      "total_pnl_cents": -74.5,
      "hits": 8,
      "hit_rate": 0.6153846153846154,
      "avg_pnl_per_match": -5.730769230769231,
      "dpd_baby": -0.26607142857142857,
      "dpd_25ct": -0.6651785714285714,
      "dpd_80ct": -2.1285714285714286
    },
    "18": {
      "total_pnl_cents": -66.5,
      "hits": 8,
      "hit_rate": 0.6153846153846154,
      "avg_pnl_per_match": -5.115384615384615,
      "dpd_baby": -0.23750000000000002,
      "dpd_25ct": -0.59375,
      "dpd_80ct": -1.9000000000000001
    },
    "19": {
      "total_pnl_cents": -58.5,
      "hits": 8,
      "hit_rate": 0.6153846153846154,
      "avg_pnl_per_match": -4.5,
      "dpd_baby": -0.2089285714285714,
      "dpd_25ct": -0.5223214285714285,
      "dpd_80ct": -1.6714285714285713
    },
    "20": {
      "total_pnl_cents": -50.5,
      "hits": 8,
      "hit_rate": 0.6153846153846154,
      "avg_pnl_per_match": -3.8846153846153846,
      "dpd_baby": -0.18035714285714285,
      "dpd_25ct": -0.45089285714285715,
      "dpd_80ct": -1.4428571428571428
    },
    "21": {
      "total_pnl_cents": -42.5,
      "hits": 8,
      "hit_rate": 0.6153846153846154,
      "avg_pnl_per_match": -3.269230769230769,
      "dpd_baby": -0.15178571428571427,
      "dpd_25ct": -0.3794642857142857,
      "dpd_80ct": -1.2142857142857142
    },
    "22": {
      "total_pnl_cents": -34.5,
      "hits": 8,
      "hit_rate": 0.6153846153846154,
      "avg_pnl_per_match": -2.6538461538461537,
      "dpd_baby": -0.12321428571428572,
      "dpd_25ct": -0.3080357142857143,
      "dpd_80ct": -0.9857142857142858
    },
    "23": {
      "total_pnl_cents": -26.5,
      "hits": 8,
      "hit_rate": 0.6153846153846154,
      "avg_pnl_per_match": -2.0384615384615383,
      "dpd_baby": -0.09464285714285714,
      "dpd_25ct": -0.23660714285714285,
      "dpd_80ct": -0.7571428571428571
    },
    "24": {
      "total_pnl_cents": -18.5,
      "hits": 8,
      "hit_rate": 0.6153846153846154,
      "avg_pnl_per_match": -1.4230769230769231,
      "dpd_baby": -0.06607142857142857,
      "dpd_25ct": -0.16517857142857142,
      "dpd_80ct": -0.5285714285714286
    },
    "25": {
      "total_pnl_cents": -10.5,
      "hits": 8,
      "hit_rate": 0.6153846153846154,
      "avg_pnl_per_match": -0.8076923076923077,
      "dpd_baby": -0.0375,
      "dpd_25ct": -0.09375,
      "dpd_80ct": -0.3
    },
    "26": {
      "total_pnl_cents": -2.5,
      "hits": 8,
      "hit_rate": 0.6153846153846154,
      "avg_pnl_per_match": -0.19230769230769232,
      "dpd_baby": -0.008928571428571428,
      "dpd_25ct": -0.02232142857142857,
      "dpd_80ct": -0.07142857142857142
    },
    "27": {
      "total_pnl_cents": 5.5,
      "hits": 8,
      "hit_rate": 0.6153846153846154,
      "avg_pnl_per_match": 0.4230769230769231,
      "dpd_baby": 0.019642857142857146,
      "dpd_25ct": 0.04910714285714286,
      "dpd_80ct": 0.15714285714285717
    },
    "28": {
      "total_pnl_cents": 13.5,
      "hits": 8,
      "hit_rate": 0.6153846153846154,
      "avg_pnl_per_match": 1.0384615384615385,
      "dpd_baby": 0.048214285714285716,
      "dpd_25ct": 0.12053571428571429,
      "dpd_80ct": 0.38571428571428573
    },
    "29": {
      "total_pnl_cents": 21.5,
      "hits": 8,
      "hit_rate": 0.6153846153846154,
      "avg_pnl_per_match": 1.6538461538461537,
      "dpd_baby": 0.07678571428571428,
      "dpd_25ct": 0.1919642857142857,
      "dpd_80ct": 0.6142857142857142
    },