{
  "cell": "WTA_MAIN_underdog_25-29",
  "n_matches": 9,
  "bounce_distribution": {
    "min": 0.5,
    "p10": 0.5,
    "p25": 17.5,
    "p50": 42.5,
    "p75": 49.0,
    "p90": 71.5,
    "max": 71.5
  },
  "hold_dpd_baby": -0.11607142857142858,
  "best_exit": 42,
  "best_dpd_baby": 0.38571428571428573,
  "by_exit": {
    "1": {
      "total_pnl_cents": -17.5,
      "hits": 8,
      "hit_rate": 0.8888888888888888,
      "avg_pnl_per_match": -1.9444444444444444,
      "dpd_baby": -0.0625,
      "dpd_25ct": -0.15625,
      "dpd_80ct": -0.5
    },
    "2": {
      "total_pnl_cents": -9.5,
      "hits": 8,
      "hit_rate": 0.8888888888888888,
      "avg_pnl_per_match": -1.0555555555555556,
      "dpd_baby": -0.033928571428571426,
      "dpd_25ct": -0.08482142857142856,
      "dpd_80ct": -0.2714285714285714
    },
    "3": {
      "total_pnl_cents": -1.5,
      "hits": 8,
      "hit_rate": 0.8888888888888888,
      "avg_pnl_per_match": -0.16666666666666666,
      "dpd_baby": -0.005357142857142857,
      "dpd_25ct": -0.013392857142857144,
      "dpd_80ct": -0.04285714285714286
    },
    "4": {
      "total_pnl_cents": 6.5,
      "hits": 8,
      "hit_rate": 0.8888888888888888,
      "avg_pnl_per_match": 0.7222222222222222,
      "dpd_baby": 0.023214285714285715,
      "dpd_25ct": 0.05803571428571429,
      "dpd_80ct": 0.18571428571428572
    },
    "5": {
      "total_pnl_cents": 14.5,
      "hits": 8,
      "hit_rate": 0.8888888888888888,
      "avg_pnl_per_match": 1.6111111111111112,
      "dpd_baby": 0.05178571428571428,
      "dpd_25ct": 0.1294642857142857,
      "dpd_80ct": 0.41428571428571426
    },
    "6": {
      "total_pnl_cents": 22.5,
      "hits": 8,
      "hit_rate": 0.8888888888888888,
      "avg_pnl_per_match": 2.5,
      "dpd_baby": 0.08035714285714286,
      "dpd_25ct": 0.20089285714285715,
      "dpd_80ct": 0.6428571428571429
    },
    "7": {
      "total_pnl_cents": 30.5,
      "hits": 8,
      "hit_rate": 0.8888888888888888,
      "avg_pnl_per_match": 3.388888888888889,
      "dpd_baby": 0.10892857142857142,
      "dpd_25ct": 0.27232142857142855,
      "dpd_80ct": 0.8714285714285713
    },
    "8": {
      "total_pnl_cents": 38.5,
      "hits": 8,
      "hit_rate": 0.8888888888888888,
      "avg_pnl_per_match": 4.277777777777778,
      "dpd_baby": 0.1375,
      "dpd_25ct": 0.34375,
      "dpd_80ct": 1.1
    },
    "9": {
      "total_pnl_cents": 46.5,
      "hits": 8,
      "hit_rate": 0.8888888888888888,
      "avg_pnl_per_match": 5.166666666666667,
      "dpd_baby": 0.1660714285714286,
      "dpd_25ct": 0.4151785714285715,
      "dpd_80ct": 1.3285714285714287
    },
    "10": {
      "total_pnl_cents": 54.5,
      "hits": 8,
      "hit_rate": 0.8888888888888888,
      "avg_pnl_per_match": 6.055555555555555,
      "dpd_baby": 0.19464285714285715,
      "dpd_25ct": 0.48660714285714285,
      "dpd_80ct": 1.5571428571428572
    },
    "11": {
      "total_pnl_cents": 62.5,
      "hits": 8,
      "hit_rate": 0.8888888888888888,
      "avg_pnl_per_match": 6.944444444444445,
      "dpd_baby": 0.22321428571428573,
      "dpd_25ct": 0.5580357142857143,
      "dpd_80ct": 1.7857142857142858
    },
    "12": {
      "total_pnl_cents": 70.5,
      "hits": 8,
      "hit_rate": 0.8888888888888888,
      "avg_pnl_per_match": 7.833333333333333,
      "dpd_baby": 0.2517857142857143,
      "dpd_25ct": 0.6294642857142857,
      "dpd_80ct": 2.0142857142857142
    },
    "13": {
      "total_pnl_cents": 78.5,
      "hits": 8,
      "hit_rate": 0.8888888888888888,
      "avg_pnl_per_match": 8.722222222222221,
      "dpd_baby": 0.28035714285714286,
      "dpd_25ct": 0.7008928571428572,
      "dpd_80ct": 2.242857142857143
    },
    "14": {
      "total_pnl_cents": 86.5,
      "hits": 8,
      "hit_rate": 0.8888888888888888,
      "avg_pnl_per_match": 9.61111111111111,
      "dpd_baby": 0.30892857142857144,
      "dpd_25ct": 0.7723214285714286,
      "dpd_80ct": 2.4714285714285715
    },
    "15": {
      "total_pnl_cents": 94.5,
      "hits": 8,
      "hit_rate": 0.8888888888888888,
      "avg_pnl_per_match": 10.5,
      "dpd_baby": 0.33749999999999997,
      "dpd_25ct": 0.8437499999999999,
      "dpd_80ct": 2.6999999999999997
    },
    "16": {
      "total_pnl_cents": 102.5,
      "hits": 8,
      "hit_rate": 0.8888888888888888,
      "avg_pnl_per_match": 11.38888888888889,
      "dpd_baby": 0.36607142857142855,
      "dpd_25ct": 0.9151785714285714,
      "dpd_80ct": 2.9285714285714284
    },
    "17": {
      "total_pnl_cents": 67.0,
      "hits": 7,
      "hit_rate": 0.7777777777777778,
      "avg_pnl_per_match": 7.444444444444445,
      "dpd_baby": 0.2392857142857143,
      "dpd_25ct": 0.5982142857142857,
      "dpd_80ct": 1.9142857142857144
    },
    "18": {
      "total_pnl_cents": 31.5,
      "hits": 6,
      "hit_rate": 0.6666666666666666,
      "avg_pnl_per_match": 3.5,
      "dpd_baby": 0.1125,
      "dpd_25ct": 0.28125,
      "dpd_80ct": 0.9
    },
    "19": {
      "total_pnl_cents": 37.5,
      "hits": 6,
      "hit_rate": 0.6666666666666666,
      "avg_pnl_per_match": 4.166666666666667,
      "dpd_baby": 0.13392857142857142,
      "dpd_25ct": 0.33482142857142855,
      "dpd_80ct": 1.0714285714285714
    },
    "20": {
      "total_pnl_cents": 43.5,
      "hits": 6,
      "hit_rate": 0.6666666666666666,
      "avg_pnl_per_match": 4.833333333333333,
      "dpd_baby": 0.15535714285714283,
      "dpd_25ct": 0.3883928571428571,
      "dpd_80ct": 1.2428571428571427
    },
    "21": {
      "total_pnl_cents": 49.5,
      "hits": 6,
      "hit_rate": 0.6666666666666666,
      "avg_pnl_per_match": 5.5,
      "dpd_baby": 0.1767857142857143,
      "dpd_25ct": 0.44196428571428575,
      "dpd_80ct": 1.4142857142857144
    },
    "22": {
      "total_pnl_cents": 55.5,
      "hits": 6,
      "hit_rate": 0.6666666666666666,
      "avg_pnl_per_match": 6.166666666666667,
      "dpd_baby": 0.1982142857142857,
      "dpd_25ct": 0.49553571428571425,
      "dpd_80ct": 1.5857142857142856
    },
    "23": {
      "total_pnl_cents": 61.5,
      "hits": 6,
      "hit_rate": 0.6666666666666666,
      "avg_pnl_per_match": 6.833333333333333,
      "dpd_baby": 0.21964285714285717,
      "dpd_25ct": 0.5491071428571429,
      "dpd_80ct": 1.7571428571428573
    },
    "24": {
      "total_pnl_cents": 67.5,
      "hits": 6,
      "hit_rate": 0.6666666666666666,
      "avg_pnl_per_match": 7.5,
      "dpd_baby": 0.24107142857142858,
      "dpd_25ct": 0.6026785714285714,
      "dpd_80ct": 1.9285714285714286
    },
    "25": {
      "total_pnl_cents": 73.5,
      "hits": 6,
      "hit_rate": 0.6666666666666666,
      "avg_pnl_per_match": 8.166666666666666,
      "dpd_baby": 0.2625,
      "dpd_25ct": 0.65625,
      "dpd_80ct": 2.1
    },
    "26": {
      "total_pnl_cents": 79.5,
      "hits": 6,
      "hit_rate": 0.6666666666666666,
      "avg_pnl_per_match": 8.833333333333334,
      "dpd_baby": 0.2839285714285714,
      "dpd_25ct": 0.7098214285714286,
      "dpd_80ct": 2.2714285714285714
    },
    "27": {
      "total_pnl_cents": 85.5,
      "hits": 6,
      "hit_rate": 0.6666666666666666,
      "avg_pnl_per_match": 9.5,
      "dpd_baby": 0.3053571428571429,
      "dpd_25ct": 0.7633928571428572,
      "dpd_80ct": 2.442857142857143
    },
    "28": {
      "total_pnl_cents": 91.5,
      "hits": 6,
      "hit_rate": 0.6666666666666666,
      "avg_pnl_per_match": 10.166666666666666,
      "dpd_baby": 0.3267857142857143,
      "dpd_25ct": 0.8169642857142857,
      "dpd_80ct": 2.6142857142857143
    },
    "29": {
      "total_pnl_cents": 43.0,
      "hits": 5,
      "hit_rate": 0.5555555555555556,
      "avg_pnl_per_match": 4.777777777777778,
      "dpd_baby": 0.15357142857142855,
      "dpd_25ct": 0.3839285714285714,
      "dpd_80ct": 1.2285714285714284
    },
    "30": {
      "total_pnl_cents": 48.0,
      "hits": 5,
      "hit_rate": 0.5555555555555556,
      "avg_pnl_per_match": 5.333333333333333,
      "dpd_baby": 0.17142857142857143,