{
  "cell": "WTA_MAIN_leader_80-84",
  "n_matches": 5,
  "bounce_distribution": {
    "min": 1.0,
    "p10": 1.0,
    "p25": 15.5,
    "p50": 16.5,
    "p75": 16.5,
    "p90": 16.5,
    "max": 16.5
  },
  "hold_dpd_baby": -0.39821428571428574,
  "best_exit": 1,
  "best_dpd_baby": 0.017857142857142856,
  "by_exit": {
    "1": {
      "total_pnl_cents": 5,
      "hits": 5,
      "hit_rate": 1.0,
      "avg_pnl_per_match": 1.0,
      "dpd_baby": 0.017857142857142856,
      "dpd_25ct": 0.04464285714285714,
      "dpd_80ct": 0.14285714285714285
    },
    "2": {
      "total_pnl_cents": -73.5,
      "hits": 4,
      "hit_rate": 0.8,
      "avg_pnl_per_match": -14.7,
      "dpd_baby": -0.2625,
      "dpd_25ct": -0.65625,
      "dpd_80ct": -2.1
    },
    "3": {
      "total_pnl_cents": -69.5,
      "hits": 4,
      "hit_rate": 0.8,
      "avg_pnl_per_match": -13.9,
      "dpd_baby": -0.24821428571428572,
      "dpd_25ct": -0.6205357142857143,
      "dpd_80ct": -1.9857142857142858
    },
    "4": {
      "total_pnl_cents": -65.5,
      "hits": 4,
      "hit_rate": 0.8,
      "avg_pnl_per_match": -13.1,
      "dpd_baby": -0.23392857142857143,
      "dpd_25ct": -0.5848214285714286,
      "dpd_80ct": -1.8714285714285714
    },
    "5": {
      "total_pnl_cents": -61.5,
      "hits": 4,
      "hit_rate": 0.8,
      "avg_pnl_per_match": -12.3,
      "dpd_baby": -0.21964285714285717,
      "dpd_25ct": -0.5491071428571429,
      "dpd_80ct": -1.7571428571428573
    },
    "6": {
      "total_pnl_cents": -57.5,
      "hits": 4,
      "hit_rate": 0.8,
      "avg_pnl_per_match": -11.5,
      "dpd_baby": -0.20535714285714285,
      "dpd_25ct": -0.5133928571428571,
      "dpd_80ct": -1.6428571428571428
    },
    "7": {
      "total_pnl_cents": -53.5,
      "hits": 4,
      "hit_rate": 0.8,
      "avg_pnl_per_match": -10.7,
      "dpd_baby": -0.19107142857142856,
      "dpd_25ct": -0.4776785714285714,
      "dpd_80ct": -1.5285714285714285
    },
    "8": {
      "total_pnl_cents": -49.5,
      "hits": 4,
      "hit_rate": 0.8,
      "avg_pnl_per_match": -9.9,
      "dpd_baby": -0.1767857142857143,
      "dpd_25ct": -0.44196428571428575,
      "dpd_80ct": -1.4142857142857144
    },
    "9": {
      "total_pnl_cents": -45.5,
      "hits": 4,
      "hit_rate": 0.8,
      "avg_pnl_per_match": -9.1,
      "dpd_baby": -0.1625,
      "dpd_25ct": -0.40625,
      "dpd_80ct": -1.3
    },
    "10": {
      "total_pnl_cents": -41.5,
      "hits": 4,
      "hit_rate": 0.8,
      "avg_pnl_per_match": -8.3,
      "dpd_baby": -0.14821428571428572,
      "dpd_25ct": -0.3705357142857143,
      "dpd_80ct": -1.1857142857142857
    },
    "11": {
      "total_pnl_cents": -37.5,
      "hits": 4,
      "hit_rate": 0.8,
      "avg_pnl_per_match": -7.5,
      "dpd_baby": -0.13392857142857142,
      "dpd_25ct": -0.33482142857142855,
      "dpd_80ct": -1.0714285714285714
    },
    "12": {
      "total_pnl_cents": -33.5,
      "hits": 4,
      "hit_rate": 0.8,
      "avg_pnl_per_match": -6.7,
      "dpd_baby": -0.11964285714285715,
      "dpd_25ct": -0.29910714285714285,
      "dpd_80ct": -0.9571428571428572
    },
    "13": {
      "total_pnl_cents": -29.5,
      "hits": 4,
      "hit_rate": 0.8,
      "avg_pnl_per_match": -5.9,
      "dpd_baby": -0.10535714285714286,
      "dpd_25ct": -0.26339285714285715,
      "dpd_80ct": -0.8428571428571429
    },
    "14": {
      "total_pnl_cents": -25.5,
      "hits": 4,
      "hit_rate": 0.8,
      "avg_pnl_per_match": -5.1,
      "dpd_baby": -0.09107142857142857,
      "dpd_25ct": -0.22767857142857142,
      "dpd_80ct": -0.7285714285714285
    },
    "15": {
      "total_pnl_cents": -21.5,
      "hits": 4,
      "hit_rate": 0.8,
      "avg_pnl_per_match": -4.3,
      "dpd_baby": -0.07678571428571428,
      "dpd_25ct": -0.1919642857142857,
      "dpd_80ct": -0.6142857142857142
    },
    "16": {
      "total_pnl_cents": -17.0,
      "hits": 3,
      "hit_rate": 0.6,
      "avg_pnl_per_match": -3.4,
      "dpd_baby": -0.060714285714285714,
      "dpd_25ct": -0.15178571428571427,
      "dpd_80ct": -0.4857142857142857
    },
    "17": {
      "total_pnl_cents": -111.5,
      "hits": 0,
      "hit_rate": 0.0,
      "avg_pnl_per_match": -22.3,
      "dpd_baby": -0.39821428571428574,
      "dpd_25ct": -0.9955357142857144,
      "dpd_80ct": -3.185714285714286
    },
    "18": {
      "total_pnl_cents": -111.5,
      "hits": 0,
      "hit_rate": 0.0,
      "avg_pnl_per_match": -22.3,
      "dpd_baby": -0.39821428571428574,
      "dpd_25ct": -0.9955357142857144,
      "dpd_80ct": -3.185714285714286
    },
    "19": {
      "total_pnl_cents": -111.5,
      "hits": 0,
      "hit_rate": 0.0,
      "avg_pnl_per_match": -22.3,
      "dpd_baby": -0.39821428571428574,
      "dpd_25ct": -0.9955357142857144,
      "dpd_80ct": -3.185714285714286
    },
    "20": {
      "total_pnl_cents": -111.5,
      "hits": 0,
      "hit_rate": 0.0,
      "avg_pnl_per_match": -22.3,
      "dpd_baby": -0.39821428571428574,
      "dpd_25ct": -0.9955357142857144,
      "dpd_80ct": -3.185714285714286
    },
    "21": {
      "total_pnl_cents": -111.5,
      "hits": 0,
      "hit_rate": 0.0,
      "avg_pnl_per_match": -22.3,
      "dpd_baby": -0.39821428571428574,
      "dpd_25ct": -0.9955357142857144,
      "dpd_80ct": -3.185714285714286
    },
    "22": {
      "total_pnl_cents": -111.5,
      "hits": 0,
      "hit_rate": 0.0,
      "avg_pnl_per_match": -22.3,
      "dpd_baby": -0.39821428571428574,
      "dpd_25ct": -0.9955357142857144,
      "dpd_80ct": -3.185714285714286
    },
    "23": {
      "total_pnl_cents": -111.5,
      "hits": 0,
      "hit_rate": 0.0,
      "avg_pnl_per_match": -22.3,
      "dpd_baby": -0.39821428571428574,
      "dpd_25ct": -0.9955357142857144,
      "dpd_80ct": -3.185714285714286
    },
    "24": {
      "total_pnl_cents": -111.5,
      "hits": 0,
      "hit_rate": 0.0,
      "avg_pnl_per_match": -22.3,
      "dpd_baby": -0.39821428571428574,
      "dpd_25ct": -0.9955357142857144,
      "dpd_80ct": -3.185714285714286
    },
    "25": {
      "total_pnl_cents": -111.5,
      "hits": 0,
      "hit_rate": 0.0,
      "avg_pnl_per_match": -22.3,
      "dpd_baby": -0.39821428571428574,
      "dpd_25ct": -0.9955357142857144,
      "dpd_80ct": -3.185714285714286
    },
    "26": {
      "total_pnl_cents": -111.5,
      "hits": 0,
      "hit_rate": 0.0,
      "avg_pnl_per_match": -22.3,
      "dpd_baby": -0.39821428571428574,
      "dpd_25ct": -0.9955357142857144,
      "dpd_80ct": -3.185714285714286
    },
    "27": {
      "total_pnl_cents": -111.5,
      "hits": 0,
      "hit_rate": 0.0,
      "avg_pnl_per_match": -22.3,
      "dpd_baby": -0.39821428571428574,
      "dpd_25ct": -0.9955357142857144,
      "dpd_80ct": -3.185714285714286
    },
    "28": {
      "total_pnl_cents": -111.5,
      "hits": 0,
      "hit_rate": 0.0,
      "avg_pnl_per_match": -22.3,
      "dpd_baby": -0.39821428571428574,
      "dpd_25ct": -0.9955357142857144,
      "dpd_80ct": -3.185714285714286
    },
    "29": {
      "total_pnl_cents": -111.5,
      "hits": 0,
      "hit_rate": 0.0,
      "avg_pnl_per_match": -22.3,
      "dpd_baby": -0.39821428571428574,
      "dpd_25ct": -0.9955357142857144,
      "dpd_80ct": -3.185714285714286
    },
    "30": {
      "total_pnl_cents": -111.5,
      "hits": 0,
      "hit_rate": 0.0,
      "avg_pnl_per_match": -22.3,
      "dpd_baby": -0.39821428571428574,
      "dpd_25ct": -0.9955357142857144,
      "dpd_80ct": -3.185714285714286
    },
    "31": {
      "total_pnl_cents": -111.5,
      "hits": 0,
      "hit_rate": 0.0,
      "avg_pnl_per_match": -22.3,
      "dpd_baby": -0.39821428571428574,
      "dpd_25ct": -0.9955357142857144,
      "dpd_80ct": -3.185714285714286
    },
    "32": {
      "total_pnl_cents": -111.5,
      "hits": 0,
      "hit_rate": 0.0,
      "avg_pnl_per_match": -22.3,
      "dpd_baby": -0.39821428571428574,
      "dpd_25ct": -0.9955357142857144,
      "dpd_80ct": -3.185714285714286
    },