{
  "cell": "WTA_MAIN_underdog_35-39",
  "n_matches": 9,
  "bounce_distribution": {
    "min": 0.0,
    "p10": 0.0,
    "p25": 33.5,
    "p50": 34.5,
    "p75": 62.5,
    "p90": 62.5,
    "max": 62.5
  },
  "hold_dpd_baby": -0.43392857142857144,
  "best_exit": 33,
  "best_dpd_baby": 0.5714285714285714,
  "by_exit": {
    "1": {
      "total_pnl_cents": -64.0,
      "hits": 7,
      "hit_rate": 0.7777777777777778,
      "avg_pnl_per_match": -7.111111111111111,
      "dpd_baby": -0.2285714285714286,
      "dpd_25ct": -0.5714285714285715,
      "dpd_80ct": -1.8285714285714287
    },
    "2": {
      "total_pnl_cents": -57.0,
      "hits": 7,
      "hit_rate": 0.7777777777777778,
      "avg_pnl_per_match": -6.333333333333333,
      "dpd_baby": -0.20357142857142857,
      "dpd_25ct": -0.5089285714285714,
      "dpd_80ct": -1.6285714285714286
    },
    "3": {
      "total_pnl_cents": -50.0,
      "hits": 7,
      "hit_rate": 0.7777777777777778,
      "avg_pnl_per_match": -5.555555555555555,
      "dpd_baby": -0.17857142857142858,
      "dpd_25ct": -0.44642857142857145,
      "dpd_80ct": -1.4285714285714286
    },
    "4": {
      "total_pnl_cents": -43.0,
      "hits": 7,
      "hit_rate": 0.7777777777777778,
      "avg_pnl_per_match": -4.777777777777778,
      "dpd_baby": -0.15357142857142855,
      "dpd_25ct": -0.3839285714285714,
      "dpd_80ct": -1.2285714285714284
    },
    "5": {
      "total_pnl_cents": -36.0,
      "hits": 7,
      "hit_rate": 0.7777777777777778,
      "avg_pnl_per_match": -4.0,
      "dpd_baby": -0.1285714285714286,
      "dpd_25ct": -0.32142857142857145,
      "dpd_80ct": -1.0285714285714287
    },
    "6": {
      "total_pnl_cents": -29.0,
      "hits": 7,
      "hit_rate": 0.7777777777777778,
      "avg_pnl_per_match": -3.2222222222222223,
      "dpd_baby": -0.10357142857142856,
      "dpd_25ct": -0.2589285714285714,
      "dpd_80ct": -0.8285714285714285
    },
    "7": {
      "total_pnl_cents": -22.0,
      "hits": 7,
      "hit_rate": 0.7777777777777778,
      "avg_pnl_per_match": -2.4444444444444446,
      "dpd_baby": -0.07857142857142858,
      "dpd_25ct": -0.19642857142857145,
      "dpd_80ct": -0.6285714285714287
    },
    "8": {
      "total_pnl_cents": -15.0,
      "hits": 7,
      "hit_rate": 0.7777777777777778,
      "avg_pnl_per_match": -1.6666666666666667,
      "dpd_baby": -0.05357142857142857,
      "dpd_25ct": -0.13392857142857142,
      "dpd_80ct": -0.42857142857142855
    },
    "9": {
      "total_pnl_cents": -8.0,
      "hits": 7,
      "hit_rate": 0.7777777777777778,
      "avg_pnl_per_match": -0.8888888888888888,
      "dpd_baby": -0.028571428571428574,
      "dpd_25ct": -0.07142857142857144,
      "dpd_80ct": -0.2285714285714286
    },
    "10": {
      "total_pnl_cents": -1.0,
      "hits": 7,
      "hit_rate": 0.7777777777777778,
      "avg_pnl_per_match": -0.1111111111111111,
      "dpd_baby": -0.0035714285714285718,
      "dpd_25ct": -0.00892857142857143,
      "dpd_80ct": -0.028571428571428574
    },
    "11": {
      "total_pnl_cents": 6.0,
      "hits": 7,
      "hit_rate": 0.7777777777777778,
      "avg_pnl_per_match": 0.6666666666666666,
      "dpd_baby": 0.02142857142857143,
      "dpd_25ct": 0.053571428571428575,
      "dpd_80ct": 0.17142857142857143
    },
    "12": {
      "total_pnl_cents": 13.0,
      "hits": 7,
      "hit_rate": 0.7777777777777778,
      "avg_pnl_per_match": 1.4444444444444444,
      "dpd_baby": 0.04642857142857143,
      "dpd_25ct": 0.11607142857142858,
      "dpd_80ct": 0.37142857142857144
    },
    "13": {
      "total_pnl_cents": 20.0,
      "hits": 7,
      "hit_rate": 0.7777777777777778,
      "avg_pnl_per_match": 2.2222222222222223,
      "dpd_baby": 0.07142857142857142,
      "dpd_25ct": 0.17857142857142855,
      "dpd_80ct": 0.5714285714285714
    },
    "14": {
      "total_pnl_cents": 27.0,
      "hits": 7,
      "hit_rate": 0.7777777777777778,
      "avg_pnl_per_match": 3.0,
      "dpd_baby": 0.09642857142857143,
      "dpd_25ct": 0.24107142857142858,
      "dpd_80ct": 0.7714285714285715
    },
    "15": {
      "total_pnl_cents": 34.0,
      "hits": 7,
      "hit_rate": 0.7777777777777778,
      "avg_pnl_per_match": 3.7777777777777777,
      "dpd_baby": 0.12142857142857143,
      "dpd_25ct": 0.30357142857142855,
      "dpd_80ct": 0.9714285714285714
    },
    "16": {
      "total_pnl_cents": 41.0,
      "hits": 7,
      "hit_rate": 0.7777777777777778,
      "avg_pnl_per_match": 4.555555555555555,
      "dpd_baby": 0.1464285714285714,
      "dpd_25ct": 0.3660714285714285,
      "dpd_80ct": 1.1714285714285713
    },
    "17": {
      "total_pnl_cents": 48.0,
      "hits": 7,
      "hit_rate": 0.7777777777777778,
      "avg_pnl_per_match": 5.333333333333333,
      "dpd_baby": 0.17142857142857143,
      "dpd_25ct": 0.4285714285714286,
      "dpd_80ct": 1.3714285714285714
    },
    "18": {
      "total_pnl_cents": 55.0,
      "hits": 7,
      "hit_rate": 0.7777777777777778,
      "avg_pnl_per_match": 6.111111111111111,
      "dpd_baby": 0.19642857142857142,
      "dpd_25ct": 0.49107142857142855,
      "dpd_80ct": 1.5714285714285714
    },
    "19": {
      "total_pnl_cents": 62.0,
      "hits": 7,
      "hit_rate": 0.7777777777777778,
      "avg_pnl_per_match": 6.888888888888889,
      "dpd_baby": 0.22142857142857145,
      "dpd_25ct": 0.5535714285714286,
      "dpd_80ct": 1.7714285714285716
    },
    "20": {
      "total_pnl_cents": 69.0,
      "hits": 7,
      "hit_rate": 0.7777777777777778,
      "avg_pnl_per_match": 7.666666666666667,
      "dpd_baby": 0.24642857142857144,
      "dpd_25ct": 0.6160714285714286,
      "dpd_80ct": 1.9714285714285715
    },
    "21": {
      "total_pnl_cents": 76.0,
      "hits": 7,
      "hit_rate": 0.7777777777777778,
      "avg_pnl_per_match": 8.444444444444445,
      "dpd_baby": 0.2714285714285714,
      "dpd_25ct": 0.6785714285714285,
      "dpd_80ct": 2.1714285714285713
    },
    "22": {
      "total_pnl_cents": 83.0,
      "hits": 7,
      "hit_rate": 0.7777777777777778,
      "avg_pnl_per_match": 9.222222222222221,
      "dpd_baby": 0.29642857142857143,
      "dpd_25ct": 0.7410714285714286,
      "dpd_80ct": 2.3714285714285714
    },
    "23": {
      "total_pnl_cents": 90.0,
      "hits": 7,
      "hit_rate": 0.7777777777777778,
      "avg_pnl_per_match": 10.0,
      "dpd_baby": 0.32142857142857145,
      "dpd_25ct": 0.8035714285714286,
      "dpd_80ct": 2.5714285714285716
    },
    "24": {
      "total_pnl_cents": 97.0,
      "hits": 7,
      "hit_rate": 0.7777777777777778,
      "avg_pnl_per_match": 10.777777777777779,
      "dpd_baby": 0.3464285714285714,
      "dpd_25ct": 0.8660714285714286,
      "dpd_80ct": 2.7714285714285714
    },
    "25": {
      "total_pnl_cents": 104.0,
      "hits": 7,
      "hit_rate": 0.7777777777777778,
      "avg_pnl_per_match": 11.555555555555555,
      "dpd_baby": 0.37142857142857144,
      "dpd_25ct": 0.9285714285714286,
      "dpd_80ct": 2.9714285714285715
    },
    "26": {
      "total_pnl_cents": 111.0,
      "hits": 7,
      "hit_rate": 0.7777777777777778,
      "avg_pnl_per_match": 12.333333333333334,
      "dpd_baby": 0.3964285714285714,
      "dpd_25ct": 0.9910714285714285,
      "dpd_80ct": 3.1714285714285713
    },
    "27": {
      "total_pnl_cents": 118.0,
      "hits": 7,
      "hit_rate": 0.7777777777777778,
      "avg_pnl_per_match": 13.11111111111111,
      "dpd_baby": 0.42142857142857143,
      "dpd_25ct": 1.0535714285714286,
      "dpd_80ct": 3.3714285714285714
    },
    "28": {
      "total_pnl_cents": 125.0,
      "hits": 7,
      "hit_rate": 0.7777777777777778,
      "avg_pnl_per_match": 13.88888888888889,
      "dpd_baby": 0.44642857142857145,
      "dpd_25ct": 1.1160714285714286,
      "dpd_80ct": 3.5714285714285716
    },
    "29": {
      "total_pnl_cents": 132.0,
      "hits": 7,
      "hit_rate": 0.7777777777777778,
      "avg_pnl_per_match": 14.666666666666666,
      "dpd_baby": 0.4714285714285714,
      "dpd_25ct": 1.1785714285714286,