{
  "cell": "WTA_MAIN_leader_60-64",
  "n_matches": 7,
  "bounce_distribution": {
    "min": 1.0,
    "p10": 1.0,
    "p25": 1.5,
    "p50": 34.5,
    "p75": 35.5,
    "p90": 36.5,
    "max": 36.5
  },
  "hold_dpd_baby": -0.14821428571428572,
  "best_exit": 1,
  "best_dpd_baby": 0.024999999999999998,
  "by_exit": {
    "1": {
      "total_pnl_cents": 7,
      "hits": 7,
      "hit_rate": 1.0,
      "avg_pnl_per_match": 1.0,
      "dpd_baby": 0.024999999999999998,
      "dpd_25ct": 0.06249999999999999,
      "dpd_80ct": 0.19999999999999998
    },
    "2": {
      "total_pnl_cents": -115.0,
      "hits": 5,
      "hit_rate": 0.7142857142857143,
      "avg_pnl_per_match": -16.428571428571427,
      "dpd_baby": -0.4107142857142857,
      "dpd_25ct": -1.0267857142857142,
      "dpd_80ct": -3.2857142857142856
    },
    "3": {
      "total_pnl_cents": -110.0,
      "hits": 5,
      "hit_rate": 0.7142857142857143,
      "avg_pnl_per_match": -15.714285714285714,
      "dpd_baby": -0.39285714285714285,
      "dpd_25ct": -0.9821428571428571,
      "dpd_80ct": -3.142857142857143
    },
    "4": {
      "total_pnl_cents": -105.0,
      "hits": 5,
      "hit_rate": 0.7142857142857143,
      "avg_pnl_per_match": -15.0,
      "dpd_baby": -0.375,
      "dpd_25ct": -0.9375,
      "dpd_80ct": -3.0
    },
    "5": {
      "total_pnl_cents": -166.5,
      "hits": 4,
      "hit_rate": 0.5714285714285714,
      "avg_pnl_per_match": -23.785714285714285,
      "dpd_baby": -0.5946428571428571,
      "dpd_25ct": -1.4866071428571428,
      "dpd_80ct": -4.757142857142857
    },
    "6": {
      "total_pnl_cents": -162.5,
      "hits": 4,
      "hit_rate": 0.5714285714285714,
      "avg_pnl_per_match": -23.214285714285715,
      "dpd_baby": -0.5803571428571429,
      "dpd_25ct": -1.4508928571428572,
      "dpd_80ct": -4.642857142857143
    },
    "7": {
      "total_pnl_cents": -158.5,
      "hits": 4,
      "hit_rate": 0.5714285714285714,
      "avg_pnl_per_match": -22.642857142857142,
      "dpd_baby": -0.5660714285714286,
      "dpd_25ct": -1.4151785714285714,
      "dpd_80ct": -4.5285714285714285
    },
    "8": {
      "total_pnl_cents": -154.5,
      "hits": 4,
      "hit_rate": 0.5714285714285714,
      "avg_pnl_per_match": -22.071428571428573,
      "dpd_baby": -0.5517857142857142,
      "dpd_25ct": -1.3794642857142856,
      "dpd_80ct": -4.414285714285714
    },
    "9": {
      "total_pnl_cents": -150.5,
      "hits": 4,
      "hit_rate": 0.5714285714285714,
      "avg_pnl_per_match": -21.5,
      "dpd_baby": -0.5375,
      "dpd_25ct": -1.34375,
      "dpd_80ct": -4.3
    },
    "10": {
      "total_pnl_cents": -146.5,
      "hits": 4,
      "hit_rate": 0.5714285714285714,
      "avg_pnl_per_match": -20.928571428571427,
      "dpd_baby": -0.5232142857142857,
      "dpd_25ct": -1.3080357142857144,
      "dpd_80ct": -4.185714285714286
    },
    "11": {
      "total_pnl_cents": -142.5,
      "hits": 4,
      "hit_rate": 0.5714285714285714,
      "avg_pnl_per_match": -20.357142857142858,
      "dpd_baby": -0.5089285714285714,
      "dpd_25ct": -1.2723214285714284,
      "dpd_80ct": -4.071428571428571
    },
    "12": {
      "total_pnl_cents": -138.5,
      "hits": 4,
      "hit_rate": 0.5714285714285714,
      "avg_pnl_per_match": -19.785714285714285,
      "dpd_baby": -0.4946428571428571,
      "dpd_25ct": -1.2366071428571428,
      "dpd_80ct": -3.957142857142857
    },
    "13": {
      "total_pnl_cents": -134.5,
      "hits": 4,
      "hit_rate": 0.5714285714285714,
      "avg_pnl_per_match": -19.214285714285715,
      "dpd_baby": -0.4803571428571428,
      "dpd_25ct": -1.200892857142857,
      "dpd_80ct": -3.8428571428571425
    },
    "14": {
      "total_pnl_cents": -130.5,
      "hits": 4,
      "hit_rate": 0.5714285714285714,
      "avg_pnl_per_match": -18.642857142857142,
      "dpd_baby": -0.4660714285714286,
      "dpd_25ct": -1.1651785714285714,
      "dpd_80ct": -3.7285714285714286
    },
    "15": {
      "total_pnl_cents": -126.5,
      "hits": 4,
      "hit_rate": 0.5714285714285714,
      "avg_pnl_per_match": -18.071428571428573,
      "dpd_baby": -0.4517857142857143,
      "dpd_25ct": -1.1294642857142858,
      "dpd_80ct": -3.6142857142857143
    },
    "16": {
      "total_pnl_cents": -122.5,
      "hits": 4,
      "hit_rate": 0.5714285714285714,
      "avg_pnl_per_match": -17.5,
      "dpd_baby": -0.4375,
      "dpd_25ct": -1.09375,
      "dpd_80ct": -3.5
    },
    "17": {
      "total_pnl_cents": -118.5,
      "hits": 4,
      "hit_rate": 0.5714285714285714,
      "avg_pnl_per_match": -16.928571428571427,
      "dpd_baby": -0.4232142857142857,
      "dpd_25ct": -1.0580357142857142,
      "dpd_80ct": -3.3857142857142857
    },
    "18": {
      "total_pnl_cents": -114.5,
      "hits": 4,
      "hit_rate": 0.5714285714285714,
      "avg_pnl_per_match": -16.357142857142858,
      "dpd_baby": -0.4089285714285714,
      "dpd_25ct": -1.0223214285714286,
      "dpd_80ct": -3.2714285714285714
    },
    "19": {
      "total_pnl_cents": -110.5,
      "hits": 4,
      "hit_rate": 0.5714285714285714,
      "avg_pnl_per_match": -15.785714285714286,
      "dpd_baby": -0.3946428571428572,
      "dpd_25ct": -0.986607142857143,
      "dpd_80ct": -3.1571428571428575
    },
    "20": {
      "total_pnl_cents": -106.5,
      "hits": 4,
      "hit_rate": 0.5714285714285714,
      "avg_pnl_per_match": -15.214285714285714,
      "dpd_baby": -0.3803571428571429,
      "dpd_25ct": -0.9508928571428572,
      "dpd_80ct": -3.042857142857143
    },
    "21": {
      "total_pnl_cents": -102.5,
      "hits": 4,
      "hit_rate": 0.5714285714285714,
      "avg_pnl_per_match": -14.642857142857142,
      "dpd_baby": -0.36607142857142855,
      "dpd_25ct": -0.9151785714285714,
      "dpd_80ct": -2.9285714285714284
    },
    "22": {
      "total_pnl_cents": -98.5,
      "hits": 4,
      "hit_rate": 0.5714285714285714,
      "avg_pnl_per_match": -14.071428571428571,
      "dpd_baby": -0.35178571428571426,
      "dpd_25ct": -0.8794642857142856,
      "dpd_80ct": -2.814285714285714
    },
    "23": {
      "total_pnl_cents": -94.5,
      "hits": 4,
      "hit_rate": 0.5714285714285714,
      "avg_pnl_per_match": -13.5,
      "dpd_baby": -0.33749999999999997,
      "dpd_25ct": -0.8437499999999999,
      "dpd_80ct": -2.6999999999999997
    },
    "24": {
      "total_pnl_cents": -90.5,
      "hits": 4,
      "hit_rate": 0.5714285714285714,
      "avg_pnl_per_match": -12.928571428571429,
      "dpd_baby": -0.32321428571428573,
      "dpd_25ct": -0.8080357142857143,
      "dpd_80ct": -2.585714285714286
    },
    "25": {
      "total_pnl_cents": -86.5,
      "hits": 4,
      "hit_rate": 0.5714285714285714,
      "avg_pnl_per_match": -12.357142857142858,
      "dpd_baby": -0.30892857142857144,
      "dpd_25ct": -0.7723214285714286,
      "dpd_80ct": -2.4714285714285715
    },
    "26": {
      "total_pnl_cents": -82.5,
      "hits": 4,
      "hit_rate": 0.5714285714285714,
      "avg_pnl_per_match": -11.785714285714286,
      "dpd_baby": -0.29464285714285715,
      "dpd_25ct": -0.7366071428571429,
      "dpd_80ct": -2.357142857142857
    },
    "27": {
      "total_pnl_cents": -78.5,
      "hits": 4,
      "hit_rate": 0.5714285714285714,
      "avg_pnl_per_match": -11.214285714285714,
      "dpd_baby": -0.28035714285714286,
      "dpd_25ct": -0.7008928571428572,
      "dpd_80ct": -2.242857142857143
    },
    "28": {
      "total_pnl_cents": -74.5,
      "hits": 4,
      "hit_rate": 0.5714285714285714,
      "avg_pnl_per_match": -10.642857142857142,
      "dpd_baby": -0.26607142857142857,
      "dpd_25ct": -0.6651785714285714,
      "dpd_80ct": -2.1285714285714286
    },
    "29": {
      "total_pnl_cents": -70.5,
      "hits": 4,
      "hit_rate": 0.5714285714285714,
      "avg_pnl_per_match": -10.071428571428571,
      "dpd_baby": -0.2517857142857143,
      "dpd_25ct": -0.6294642857142857,
      "dpd_80ct": -2.0142857142857142
    },
    "30": {
      "total_pnl_cents": -66.5,