{
  "cell": "WTA_MAIN_leader_70-74",
  "n_matches": 11,
  "bounce_distribution": {
    "min": 0.5,
    "p10": 23.0,
    "p25": 26.0,
    "p50": 26.5,
    "p75": 28.5,
    "p90": 28.5,
    "max": 29.0
  },
  "hold_dpd_baby": -0.2982142857142857,
  "best_exit": 26,
  "best_dpd_baby": 0.6857142857142857,
  "by_exit": {
    "1": {
      "total_pnl_cents": -61.5,
      "hits": 10,
      "hit_rate": 0.9090909090909091,
      "avg_pnl_per_match": -5.590909090909091,
      "dpd_baby": -0.21964285714285717,
      "dpd_25ct": -0.5491071428571429,
      "dpd_80ct": -1.7571428571428573
    },
    "2": {
      "total_pnl_cents": -51.5,
      "hits": 10,
      "hit_rate": 0.9090909090909091,
      "avg_pnl_per_match": -4.681818181818182,
      "dpd_baby": -0.18392857142857144,
      "dpd_25ct": -0.4598214285714286,
      "dpd_80ct": -1.4714285714285715
    },
    "3": {
      "total_pnl_cents": -41.5,
      "hits": 10,
      "hit_rate": 0.9090909090909091,
      "avg_pnl_per_match": -3.772727272727273,
      "dpd_baby": -0.14821428571428572,
      "dpd_25ct": -0.3705357142857143,
      "dpd_80ct": -1.1857142857142857
    },
    "4": {
      "total_pnl_cents": -31.5,
      "hits": 10,
      "hit_rate": 0.9090909090909091,
      "avg_pnl_per_match": -2.8636363636363638,
      "dpd_baby": -0.1125,
      "dpd_25ct": -0.28125,
      "dpd_80ct": -0.9
    },
    "5": {
      "total_pnl_cents": -21.5,
      "hits": 10,
      "hit_rate": 0.9090909090909091,
      "avg_pnl_per_match": -1.9545454545454546,
      "dpd_baby": -0.07678571428571428,
      "dpd_25ct": -0.1919642857142857,
      "dpd_80ct": -0.6142857142857142
    },
    "6": {
      "total_pnl_cents": -11.5,
      "hits": 10,
      "hit_rate": 0.9090909090909091,
      "avg_pnl_per_match": -1.0454545454545454,
      "dpd_baby": -0.04107142857142857,
      "dpd_25ct": -0.10267857142857142,
      "dpd_80ct": -0.32857142857142857
    },
    "7": {
      "total_pnl_cents": -1.5,
      "hits": 10,
      "hit_rate": 0.9090909090909091,
      "avg_pnl_per_match": -0.13636363636363635,
      "dpd_baby": -0.005357142857142857,
      "dpd_25ct": -0.013392857142857144,
      "dpd_80ct": -0.04285714285714286
    },
    "8": {
      "total_pnl_cents": 8.5,
      "hits": 10,
      "hit_rate": 0.9090909090909091,
      "avg_pnl_per_match": 0.7727272727272727,
      "dpd_baby": 0.030357142857142857,
      "dpd_25ct": 0.07589285714285714,
      "dpd_80ct": 0.24285714285714285
    },
    "9": {
      "total_pnl_cents": 18.5,
      "hits": 10,
      "hit_rate": 0.9090909090909091,
      "avg_pnl_per_match": 1.6818181818181819,
      "dpd_baby": 0.06607142857142857,
      "dpd_25ct": 0.16517857142857142,
      "dpd_80ct": 0.5285714285714286
    },
    "10": {
      "total_pnl_cents": 28.5,
      "hits": 10,
      "hit_rate": 0.9090909090909091,
      "avg_pnl_per_match": 2.590909090909091,
      "dpd_baby": 0.10178571428571428,
      "dpd_25ct": 0.2544642857142857,
      "dpd_80ct": 0.8142857142857143
    },
    "11": {
      "total_pnl_cents": 38.5,
      "hits": 10,
      "hit_rate": 0.9090909090909091,
      "avg_pnl_per_match": 3.5,
      "dpd_baby": 0.1375,
      "dpd_25ct": 0.34375,
      "dpd_80ct": 1.1
    },
    "12": {
      "total_pnl_cents": 48.5,
      "hits": 10,
      "hit_rate": 0.9090909090909091,
      "avg_pnl_per_match": 4.409090909090909,
      "dpd_baby": 0.1732142857142857,
      "dpd_25ct": 0.4330357142857143,
      "dpd_80ct": 1.3857142857142857
    },
    "13": {
      "total_pnl_cents": 58.5,
      "hits": 10,
      "hit_rate": 0.9090909090909091,
      "avg_pnl_per_match": 5.318181818181818,
      "dpd_baby": 0.2089285714285714,
      "dpd_25ct": 0.5223214285714285,
      "dpd_80ct": 1.6714285714285713
    },
    "14": {
      "total_pnl_cents": 68.5,
      "hits": 10,
      "hit_rate": 0.9090909090909091,
      "avg_pnl_per_match": 6.2272727272727275,
      "dpd_baby": 0.24464285714285713,
      "dpd_25ct": 0.6116071428571428,
      "dpd_80ct": 1.957142857142857
    },
    "15": {
      "total_pnl_cents": 78.5,
      "hits": 10,
      "hit_rate": 0.9090909090909091,
      "avg_pnl_per_match": 7.136363636363637,
      "dpd_baby": 0.28035714285714286,
      "dpd_25ct": 0.7008928571428572,
      "dpd_80ct": 2.242857142857143
    },
    "16": {
      "total_pnl_cents": 88.5,
      "hits": 10,
      "hit_rate": 0.9090909090909091,
      "avg_pnl_per_match": 8.045454545454545,
      "dpd_baby": 0.31607142857142856,
      "dpd_25ct": 0.7901785714285714,
      "dpd_80ct": 2.5285714285714285
    },
    "17": {
      "total_pnl_cents": 98.5,
      "hits": 10,
      "hit_rate": 0.9090909090909091,
      "avg_pnl_per_match": 8.954545454545455,
      "dpd_baby": 0.35178571428571426,
      "dpd_25ct": 0.8794642857142856,
      "dpd_80ct": 2.814285714285714
    },
    "18": {
      "total_pnl_cents": 108.5,
      "hits": 10,
      "hit_rate": 0.9090909090909091,
      "avg_pnl_per_match": 9.863636363636363,
      "dpd_baby": 0.3875,
      "dpd_25ct": 0.96875,
      "dpd_80ct": 3.1
    },
    "19": {
      "total_pnl_cents": 118.5,
      "hits": 10,
      "hit_rate": 0.9090909090909091,
      "avg_pnl_per_match": 10.772727272727273,
      "dpd_baby": 0.4232142857142857,
      "dpd_25ct": 1.0580357142857142,
      "dpd_80ct": 3.3857142857142857
    },
    "20": {
      "total_pnl_cents": 128.5,
      "hits": 10,
      "hit_rate": 0.9090909090909091,
      "avg_pnl_per_match": 11.681818181818182,
      "dpd_baby": 0.4589285714285714,
      "dpd_25ct": 1.1473214285714286,
      "dpd_80ct": 3.6714285714285713
    },
    "21": {
      "total_pnl_cents": 138.5,
      "hits": 10,
      "hit_rate": 0.9090909090909091,
      "avg_pnl_per_match": 12.590909090909092,
      "dpd_baby": 0.4946428571428571,
      "dpd_25ct": 1.2366071428571428,
      "dpd_80ct": 3.957142857142857
    },
    "22": {
      "total_pnl_cents": 148.5,
      "hits": 10,
      "hit_rate": 0.9090909090909091,
      "avg_pnl_per_match": 13.5,
      "dpd_baby": 0.5303571428571429,
      "dpd_25ct": 1.3258928571428572,
      "dpd_80ct": 4.242857142857143
    },
    "23": {
      "total_pnl_cents": 158.5,
      "hits": 10,
      "hit_rate": 0.9090909090909091,
      "avg_pnl_per_match": 14.409090909090908,
      "dpd_baby": 0.5660714285714286,
      "dpd_25ct": 1.4151785714285714,
      "dpd_80ct": 4.5285714285714285
    },
    "24": {
      "total_pnl_cents": 174.0,
      "hits": 9,
      "hit_rate": 0.8181818181818182,
      "avg_pnl_per_match": 15.818181818181818,
      "dpd_baby": 0.6214285714285713,
      "dpd_25ct": 1.5535714285714284,
      "dpd_80ct": 4.971428571428571
    },
    "25": {
      "total_pnl_cents": 183.0,
      "hits": 9,
      "hit_rate": 0.8181818181818182,
      "avg_pnl_per_match": 16.636363636363637,
      "dpd_baby": 0.6535714285714286,
      "dpd_25ct": 1.6339285714285714,
      "dpd_80ct": 5.228571428571429
    },
    "26": {
      "total_pnl_cents": 192.0,
      "hits": 9,
      "hit_rate": 0.8181818181818182,
      "avg_pnl_per_match": 17.454545454545453,
      "dpd_baby": 0.6857142857142857,
      "dpd_25ct": 1.7142857142857144,
      "dpd_80ct": 5.485714285714286
    },
    "27": {
      "total_pnl_cents": 104.5,
      "hits": 4,
      "hit_rate": 0.36363636363636365,
      "avg_pnl_per_match": 9.5,
      "dpd_baby": 0.37321428571428567,
      "dpd_25ct": 0.9330357142857142,
      "dpd_80ct": 2.9857142857142853
    },
    "28": {
      "total_pnl_cents": 11.0,
      "hits": 3,
      "hit_rate": 0.2727272727272727,
      "avg_pnl_per_match": 1.0,
      "dpd_baby": 0.03928571428571429,
      "dpd_25ct": 0.09821428571428573,
      "dpd_80ct": 0.31428571428571433
    },
    "29": {
      "total_pnl_cents": 15.0,
      "hits": 1,
      "hit_rate": 0.09090909090909091,
      "avg_pnl_per_match": 1.3636363636363635,
      "dpd_baby": 0.05357142857142857,
      "dpd_25ct": 0.13392857142857142,
      "dpd_80ct": 0.42857142857142855
    },
    "30": {
      "total_pnl_cents": -83.5,
      "hits": 0,
      "hit_rate": 0.0,