{
  "cell": "WTA_MAIN_leader_65-69",
  "n_matches": 15,
  "bounce_distribution": {
    "min": -0.5,
    "p10": 0.0,
    "p25": 1.5,
    "p50": 30.5,
    "p75": 31.5,
    "p90": 32.5,
    "max": 32.5
  },
  "hold_dpd_baby": -0.7339285714285715,
  "best_exit": 17,
  "best_dpd_baby": -0.28214285714285714,
  "by_exit": {
    "1": {
      "total_pnl_cents": -120.0,
      "hits": 13,
      "hit_rate": 0.8666666666666667,
      "avg_pnl_per_match": -8.0,
      "dpd_baby": -0.42857142857142855,
      "dpd_25ct": -1.0714285714285714,
      "dpd_80ct": -3.4285714285714284
    },
    "2": {
      "total_pnl_cents": -244.0,
      "hits": 11,
      "hit_rate": 0.7333333333333333,
      "avg_pnl_per_match": -16.266666666666666,
      "dpd_baby": -0.8714285714285713,
      "dpd_25ct": -2.1785714285714284,
      "dpd_80ct": -6.971428571428571
    },
    "3": {
      "total_pnl_cents": -233.0,
      "hits": 11,
      "hit_rate": 0.7333333333333333,
      "avg_pnl_per_match": -15.533333333333333,
      "dpd_baby": -0.8321428571428572,
      "dpd_25ct": -2.080357142857143,
      "dpd_80ct": -6.6571428571428575
    },
    "4": {
      "total_pnl_cents": -222.0,
      "hits": 11,
      "hit_rate": 0.7333333333333333,
      "avg_pnl_per_match": -14.8,
      "dpd_baby": -0.7928571428571428,
      "dpd_25ct": -1.982142857142857,
      "dpd_80ct": -6.3428571428571425
    },
    "5": {
      "total_pnl_cents": -211.0,
      "hits": 11,
      "hit_rate": 0.7333333333333333,
      "avg_pnl_per_match": -14.066666666666666,
      "dpd_baby": -0.7535714285714287,
      "dpd_25ct": -1.8839285714285716,
      "dpd_80ct": -6.028571428571429
    },
    "6": {
      "total_pnl_cents": -200.0,
      "hits": 11,
      "hit_rate": 0.7333333333333333,
      "avg_pnl_per_match": -13.333333333333334,
      "dpd_baby": -0.7142857142857143,
      "dpd_25ct": -1.7857142857142858,
      "dpd_80ct": -5.714285714285714
    },
    "7": {
      "total_pnl_cents": -189.0,
      "hits": 11,
      "hit_rate": 0.7333333333333333,
      "avg_pnl_per_match": -12.6,
      "dpd_baby": -0.6749999999999999,
      "dpd_25ct": -1.6874999999999998,
      "dpd_80ct": -5.3999999999999995
    },
    "8": {
      "total_pnl_cents": -178.0,
      "hits": 11,
      "hit_rate": 0.7333333333333333,
      "avg_pnl_per_match": -11.866666666666667,
      "dpd_baby": -0.6357142857142858,
      "dpd_25ct": -1.5892857142857144,
      "dpd_80ct": -5.085714285714286
    },
    "9": {
      "total_pnl_cents": -167.0,
      "hits": 11,
      "hit_rate": 0.7333333333333333,
      "avg_pnl_per_match": -11.133333333333333,
      "dpd_baby": -0.5964285714285714,
      "dpd_25ct": -1.4910714285714286,
      "dpd_80ct": -4.771428571428571
    },
    "10": {
      "total_pnl_cents": -156.0,
      "hits": 11,
      "hit_rate": 0.7333333333333333,
      "avg_pnl_per_match": -10.4,
      "dpd_baby": -0.5571428571428572,
      "dpd_25ct": -1.3928571428571428,
      "dpd_80ct": -4.457142857142857
    },
    "11": {
      "total_pnl_cents": -145.0,
      "hits": 11,
      "hit_rate": 0.7333333333333333,
      "avg_pnl_per_match": -9.666666666666666,
      "dpd_baby": -0.5178571428571429,
      "dpd_25ct": -1.2946428571428572,
      "dpd_80ct": -4.142857142857143
    },
    "12": {
      "total_pnl_cents": -134.0,
      "hits": 11,
      "hit_rate": 0.7333333333333333,
      "avg_pnl_per_match": -8.933333333333334,
      "dpd_baby": -0.4785714285714286,
      "dpd_25ct": -1.1964285714285714,
      "dpd_80ct": -3.8285714285714287
    },
    "13": {
      "total_pnl_cents": -123.0,
      "hits": 11,
      "hit_rate": 0.7333333333333333,
      "avg_pnl_per_match": -8.2,
      "dpd_baby": -0.43928571428571433,
      "dpd_25ct": -1.0982142857142858,
      "dpd_80ct": -3.5142857142857147
    },
    "14": {
      "total_pnl_cents": -112.0,
      "hits": 11,
      "hit_rate": 0.7333333333333333,
      "avg_pnl_per_match": -7.466666666666667,
      "dpd_baby": -0.39999999999999997,
      "dpd_25ct": -0.9999999999999999,
      "dpd_80ct": -3.1999999999999997
    },
    "15": {
      "total_pnl_cents": -101.0,
      "hits": 11,
      "hit_rate": 0.7333333333333333,
      "avg_pnl_per_match": -6.733333333333333,
      "dpd_baby": -0.3607142857142857,
      "dpd_25ct": -0.9017857142857143,
      "dpd_80ct": -2.8857142857142857
    },
    "16": {
      "total_pnl_cents": -90.0,
      "hits": 11,
      "hit_rate": 0.7333333333333333,
      "avg_pnl_per_match": -6.0,
      "dpd_baby": -0.32142857142857145,
      "dpd_25ct": -0.8035714285714286,
      "dpd_80ct": -2.5714285714285716
    },
    "17": {
      "total_pnl_cents": -79.0,
      "hits": 11,
      "hit_rate": 0.7333333333333333,
      "avg_pnl_per_match": -5.266666666666667,
      "dpd_baby": -0.28214285714285714,
      "dpd_25ct": -0.7053571428571428,
      "dpd_80ct": -2.257142857142857
    },
    "18": {
      "total_pnl_cents": -153.5,
      "hits": 10,
      "hit_rate": 0.6666666666666666,
      "avg_pnl_per_match": -10.233333333333333,
      "dpd_baby": -0.5482142857142857,
      "dpd_25ct": -1.3705357142857142,
      "dpd_80ct": -4.385714285714285
    },
    "19": {
      "total_pnl_cents": -143.5,
      "hits": 10,
      "hit_rate": 0.6666666666666666,
      "avg_pnl_per_match": -9.566666666666666,
      "dpd_baby": -0.5125,
      "dpd_25ct": -1.28125,
      "dpd_80ct": -4.1
    },
    "20": {
      "total_pnl_cents": -133.5,
      "hits": 10,
      "hit_rate": 0.6666666666666666,
      "avg_pnl_per_match": -8.9,
      "dpd_baby": -0.47678571428571426,
      "dpd_25ct": -1.1919642857142856,
      "dpd_80ct": -3.814285714285714
    },
    "21": {
      "total_pnl_cents": -123.5,
      "hits": 10,
      "hit_rate": 0.6666666666666666,
      "avg_pnl_per_match": -8.233333333333333,
      "dpd_baby": -0.44107142857142856,
      "dpd_25ct": -1.1026785714285714,
      "dpd_80ct": -3.5285714285714285
    },
    "22": {
      "total_pnl_cents": -113.5,
      "hits": 10,
      "hit_rate": 0.6666666666666666,
      "avg_pnl_per_match": -7.566666666666666,
      "dpd_baby": -0.40535714285714286,
      "dpd_25ct": -1.0133928571428572,
      "dpd_80ct": -3.242857142857143
    },
    "23": {
      "total_pnl_cents": -103.5,
      "hits": 10,
      "hit_rate": 0.6666666666666666,
      "avg_pnl_per_match": -6.9,
      "dpd_baby": -0.3696428571428571,
      "dpd_25ct": -0.9241071428571428,
      "dpd_80ct": -2.957142857142857
    },
    "24": {
      "total_pnl_cents": -183.0,
      "hits": 9,
      "hit_rate": 0.6,
      "avg_pnl_per_match": -12.2,
      "dpd_baby": -0.6535714285714286,
      "dpd_25ct": -1.6339285714285714,
      "dpd_80ct": -5.228571428571429
    },
    "25": {
      "total_pnl_cents": -174.0,
      "hits": 9,
      "hit_rate": 0.6,
      "avg_pnl_per_match": -11.6,
      "dpd_baby": -0.6214285714285713,
      "dpd_25ct": -1.5535714285714284,
      "dpd_80ct": -4.971428571428571
    },
    "26": {
      "total_pnl_cents": -165.0,
      "hits": 9,
      "hit_rate": 0.6,
      "avg_pnl_per_match": -11.0,
      "dpd_baby": -0.5892857142857143,
      "dpd_25ct": -1.4732142857142858,
      "dpd_80ct": -4.714285714285714
    },
    "27": {
      "total_pnl_cents": -249.5,
      "hits": 8,
      "hit_rate": 0.5333333333333333,
      "avg_pnl_per_match": -16.633333333333333,
      "dpd_baby": -0.8910714285714285,
      "dpd_25ct": -2.227678571428571,
      "dpd_80ct": -7.128571428571428
    },
    "28": {
      "total_pnl_cents": -241.5,
      "hits": 8,
      "hit_rate": 0.5333333333333333,
      "avg_pnl_per_match": -16.1,
      "dpd_baby": -0.8624999999999999,
      "dpd_25ct": -2.15625,
      "dpd_80ct": -6.8999999999999995
    },
    "29": {
      "total_pnl_cents": -233.5,
      "hits": 8,
      "hit_rate": 0.5333333333333333,
      "avg_pnl_per_match": -15.566666666666666,
      "dpd_baby": -0.8339285714285715,
      "dpd_25ct": -2.084821428571429,
      "dpd_80ct": -6.671428571428572
    },
    "30": {
      "total_pnl_cents": -225.5,
      "hits": 8,