category,band,N,mean_drift,pct_up,pct_down,winner_drift,loser_drift,verdict
WTA_CHALL,deep-underdog,83,-0.9397590361445783,0.3253012048192771,0.5301204819277109,0.2916666666666666,-1.147887323943662,repricing
WTA_CHALL,slight-underdog,314,-0.8216560509554144,0.39490445859872614,0.46178343949044587,1.7631578947368416,-2.295,repricing
WTA_CHALL,even,334,0.26197604790419177,0.4251497005988024,0.4101796407185629,4.0089820359281445,-3.4850299401197606,-
WTA_CHALL,slight-fav,325,0.09692307692307645,0.4430769230769231,0.36,1.8718592964824117,-2.7063492063492065,repricing
WTA_CHALL,heavy-fav,84,-0.2738095238095236,0.4880952380952381,0.25,0.3611111111111109,-4.083333333333331,repricing
