floor,n_deployable,meanX,c5_X,c50_X,c90_X,meanAbsDX_to_lower,meanAbsDX_to_higher
0.8,90,18.144444444444446,13.0,18.0,9.0,,3.191011235955056
0.85,90,14.988888888888889,12.0,13.0,9.0,3.191011235955056,4.438202247191011
0.9,90,10.6,5.0,9.0,9.0,4.438202247191011,
