floor,n_deployable,meanX,c5_X,c50_X,c90_X,meanAbsDX_to_lower,meanAbsDX_to_higher
0.8,90,18.5,14.0,18.0,9.0,,3.146067415730337
0.85,90,15.38888888888889,12.0,14.0,9.0,3.146067415730337,4.303370786516854
0.9,90,11.133333333333333,6.0,10.0,9.0,4.303370786516854,
