floor,n_deployable,meanX,c5_X,c50_X,c90_X,meanAbsDX_to_lower,meanAbsDX_to_higher
0.8,90,21.733333333333334,17.0,20.0,9.0,,3.134831460674157
0.85,90,18.633333333333333,14.0,20.0,9.0,3.134831460674157,4.348314606741573
0.9,90,14.333333333333334,12.0,7.0,9.0,4.348314606741573,
