{
  "checkpoint_sha256": "9fde4b5d30e56d99efa0637fe042cb6ca4505274e85e42769b4cedc25e3e5ff4",
  "version": "v2",
  "flat_thresholds": {
    "pair_gap_abs": 0.015,
    "spread_close": 0.02,
    "volatility": 0.01
  },
  "ticker_relative_thresholds_definition": {
    "spread": "min(0.02, median_premarket_spread_i)",
    "pair_gap": "min(0.015, pair_gap_p75_i) \u2014 mirrors v0.2 \u00a77.3",
    "volatility": "min(0.01, median_premarket_vol_i) \u2014 vol via rolling-11-min stddev of mid_close on premarket rows, then per-ticker median"
  },
  "marks": [
    "T-2h",
    "T-1h",
    "T-45m",
    "T-30m",
    "T-20m",
    "T-10m"
  ],
  "per_category_distributions": {
    "ATP_MAIN": {
      "T-2h": {
        "pair_gap_abs": {
          "n": 3317,
          "median": 0.004999999999999893,
          "p25": 0.0,
          "p75": 0.010000000000000009,
          "p90": 0.014999999999999902
        },
        "spread_close": {
          "n": 3997,
          "median": 0.010000000000000009,
          "p25": 0.010000000000000009,
          "p75": 0.020000000000000018,
          "p90": 0.02999999999999997
        },
        "volatility": {
          "n": 3837,
          "median": 5.551115123125783e-17,
          "p25": 0.0,
          "p75": 0.0023570226039551605,
          "p90": 0.00481045692920835
        }
      },
      "T-1h": {
        "pair_gap_abs": {
          "n": 3915,
          "median": 0.004999999999999893,
          "p25": 0.0,
          "p75": 0.010000000000000009,
          "p90": 0.020000000000000018
        },
        "spread_close": {
          "n": 4423,
          "median": 0.010000000000000009,
          "p25": 0.010000000000000009,
          "p75": 0.020000000000000018,
          "p90": 0.039999999999999925
        },
        "volatility": {
          "n": 4358,
          "median": 0.002078698548207747,
          "p25": 0.0,
          "p75": 0.004979295977319696,
          "p90": 0.03156394046004987
        }
      },
      "T-45m": {
        "pair_gap_abs": {
          "n": 4125,
          "median": 0.004999999999999893,
          "p25": 0.0,
          "p75": 0.010000000000000009,
          "p90": 0.020000000000000018
        },
        "spread_close": {
          "n": 4555,
          "median": 0.010000000000000009,
          "p25": 0.010000000000000009,
          "p75": 0.020000000000000018,
          "p90": 0.04000000000000001
        },
        "volatility": {
          "n": 4497,
          "median": 0.0024494897427831805,
          "p25": 5.551115123125783e-17,
          "p75": 0.009727697526833032,
          "p90": 0.03952611451076895
        }
      },
      "T-30m": {
        "pair_gap_abs": {
          "n": 4339,
          "median": 0.004999999999999893,
          "p25": 0.0,
          "p75": 0.010000000000000009,
          "p90": 0.020000000000000018
        },
        "spread_close": {
          "n": 4670,
          "median": 0.010000000000000009,
          "p25": 0.010000000000000009,
          "p75": 0.020000000000000018,
          "p90": 0.04999999999999999
        },
        "volatility": {
          "n": 4632,
          "median": 0.0038569460791993537,
          "p25": 1.1102230246251565e-16,
          "p75": 0.01730558380369523,
          "p90": 0.04618280193555743
        }
      },
      "T-20m": {
        "pair_gap_abs": {
          "n": 4500,
          "median": 0.004999999999999893,
          "p25": 0.0,
          "p75": 0.010000000000000009,
          "p90": 0.020000000000000018
        },
        "spread_close": {
          "n": 4728,
          "median": 0.019999999999999907,
          "p25": 0.010000000000000009,
          "p75": 0.020000000000000018,
          "p90": 0.04999999999999999
        },
        "volatility": {
          "n": 4697,
          "median": 0.00494871659305394,
          "p25": 0.001999999999999991,
          "p75": 0.020459595336230724,
          "p90": 0.04949413484291844
        }
      },
      "T-10m": {
        "pair_gap_abs": {
          "n": 4654,
          "median": 0.0050000000000000044,
          "p25": 0.0,
          "p75": 0.010000000000000009,
          "p90": 0.020000000000000018
        },
        "spread_close": {
          "n": 4766,
          "median": 0.01999999999999999,
          "p25": 0.010000000000000009,
          "p75": 0.02999999999999997,
          "p90": 0.05000000000000002
        },
        "volatility": {
          "n": 4747,
          "median": 0.010102777623133108,
          "p25": 0.003962635403218775,
          "p75": 0.025062821739375317,
          "p90": 0.05589453709885393
        }
      }
    },
    "ATP_CHALL": {
      "T-2h": {
        "pair_gap_abs": {
          "n": 3130,
          "median": 0.004999999999999893,
          "p25": 0.0,
          "p75": 0.010000000000000009,
          "p90": 0.015000000000000013
        },
        "spread_close": {
          "n": 4275,
          "median": 0.020000000000000018,
          "p25": 0.010000000000000009,
          "p75": 0.030000000000000027,
          "p90": 0.040000000000000036
        },
        "volatility": {
          "n": 3628,
          "median": 5.551115123125783e-17,
          "p25": 0.0,
          "p75": 0.0023570226039551605,
          "p90": 0.00451753951452626
        }
      },
      "T-1h": {
        "pair_gap_abs": {
          "n": 4089,
          "median": 0.004999999999999893,
          "p25": 0.0,
          "p75": 0.010000000000000009,
          "p90": 0.015000000000000124
        },
        "spread_close": {
          "n": 5203,
          "median": 0.020000000000000018,
          "p25": 0.010000000000000009,
          "p75": 0.030000000000000027,
          "p90": 0.040000000000000036
        },
        "volatility": {
          "n": 4829,
          "median": 0.0021650635094610984,
          "p25": 0.0,
          "p75": 0.005826715823167506,
          "p90": 0.030478281116800378
        }
      },
      "T-45m": {
        "pair_gap_abs": {
          "n": 4736,
          "median": 0.004999999999999893,
          "p25": 0.0,
          "p75": 0.010000000000000009,
          "p90": 0.015000000000000124
        },
        "spread_close": {
          "n": 5733,
          "median": 0.020000000000000018,
          "p25": 0.010000000000000009,
          "p75": 0.030000000000000027,
          "p90": 0.04999999999999999
        },
        "volatility": {
          "n": 5454,
          "median": 0.0024896479886598478,
          "p25": 5.551115123125783e-17,
          "p75": 0.012069219079256724,
          "p90": 0.038494817668011966
        }
      },
      "T-30m": {
        "pair_gap_abs": {
          "n": 5318,
          "median": 0.0050000000000000044,
          "p25": 0.0,
          "p75": 0.010000000000000009,
          "p90": 0.020000000000000018
        },
        "spread_close": {
          "n": 6184,
          "median": 0.020000000000000018,
          "p25": 0.010000000000000009,
          "p75": 0.030000000000000027,
          "p90": 0.05
        },
        "volatility": {
          "n": 6032,
          "median": 0.0045812284729085185,
          "p25": 0.0015713484026367579,
          "p75": 0.0232248484398738,
          "p90": 0.05045451507940415
        }
      },
      "T-20m": {
        "pair_gap_abs": {
          "n": 5866,
          "median": 0.0050000000000000044,
          "p25": 0.0,
          "p75": 0.010000000000000009,
          "p90": 0.020000000000000018
        },
        "spread_close": {
          "n": 6541,
          "median": 0.020000000000000018,
          "p25": 0.010000000000000009,
          "p75": 0.030000000000000027,
          "p90": 0.050000000000000044
        },
        "volatility": {
          "n": 6462,
          "median": 0.007404255871323647,
          "p25": 0.0023570226039551605,
          "p75": 0.027553477456606044,
          "p90": 0.055198769160484384
        }
      },
      "T-10m": {
        "pair_gap_abs": {
          "n": 6562,
          "median": 0.0050000000000000044,
          "p25": 0.0,
          "p75": 0.010000000000000009,